DeliveryDate,TradeDate,StartTime,EndTime,LoadForecastROI,LoadForecastNI,AggregatedForecast
2024-12-30,2024-12-31,2024-12-30T23:00:00,2024-12-30T23:30:00,3799,642,4441
2024-12-30,2024-12-31,2024-12-30T23:30:00,2024-12-31T00:00:00,3764,578,4342
2024-12-31,2024-12-31,2024-12-31T00:00:00,2024-12-31T00:30:00,3780,569,4349
2024-12-31,2024-12-31,2024-12-31T00:30:00,2024-12-31T01:00:00,3671,537,4208
2024-12-31,2024-12-31,2024-12-31T01:00:00,2024-12-31T01:30:00,3535,504,4039
2024-12-31,2024-12-31,2024-12-31T01:30:00,2024-12-31T02:00:00,3429,501,3930
2024-12-31,2024-12-31,2024-12-31T02:00:00,2024-12-31T02:30:00,3321,492,3813
2024-12-31,2024-12-31,2024-12-31T02:30:00,2024-12-31T03:00:00,3248,474,3722
2024-12-31,2024-12-31,2024-12-31T03:00:00,2024-12-31T03:30:00,3191,453,3644
2024-12-31,2024-12-31,2024-12-31T03:30:00,2024-12-31T04:00:00,3161,454,3615
2024-12-31,2024-12-31,2024-12-31T04:00:00,2024-12-31T04:30:00,3149,450,3599
2024-12-31,2024-12-31,2024-12-31T04:30:00,2024-12-31T05:00:00,3120,454,3574
2024-12-31,2024-12-31,2024-12-31T05:00:00,2024-12-31T05:30:00,3100,458,3558
2024-12-31,2024-12-31,2024-12-31T05:30:00,2024-12-31T06:00:00,3148,470,3618
2024-12-31,2024-12-31,2024-12-31T06:00:00,2024-12-31T06:30:00,3213,505,3718
2024-12-31,2024-12-31,2024-12-31T06:30:00,2024-12-31T07:00:00,3318,543,3861
2024-12-31,2024-12-31,2024-12-31T07:00:00,2024-12-31T07:30:00,3413,591,4004
2024-12-31,2024-12-31,2024-12-31T07:30:00,2024-12-31T08:00:00,3506,647,4153
2024-12-31,2024-12-31,2024-12-31T08:00:00,2024-12-31T08:30:00,3572,689,4261
2024-12-31,2024-12-31,2024-12-31T08:30:00,2024-12-31T09:00:00,3645,714,4359
2024-12-31,2024-12-31,2024-12-31T09:00:00,2024-12-31T09:30:00,3750,751,4501
2024-12-31,2024-12-31,2024-12-31T09:30:00,2024-12-31T10:00:00,3873,799,4672
2024-12-31,2024-12-31,2024-12-31T10:00:00,2024-12-31T10:30:00,3977,844,4821
2024-12-31,2024-12-31,2024-12-31T10:30:00,2024-12-31T11:00:00,4073,879,4952
2024-12-31,2024-12-31,2024-12-31T11:00:00,2024-12-31T11:30:00,4159,901,5060
2024-12-31,2024-12-31,2024-12-31T11:30:00,2024-12-31T12:00:00,4203,917,5120
2024-12-31,2024-12-31,2024-12-31T12:00:00,2024-12-31T12:30:00,4250,941,5191
2024-12-31,2024-12-31,2024-12-31T12:30:00,2024-12-31T13:00:00,4294,972,5266
2024-12-31,2024-12-31,2024-12-31T13:00:00,2024-12-31T13:30:00,4315,994,5309
2024-12-31,2024-12-31,2024-12-31T13:30:00,2024-12-31T14:00:00,4314,971,5285
2024-12-31,2024-12-31,2024-12-31T14:00:00,2024-12-31T14:30:00,4281,943,5224
2024-12-31,2024-12-31,2024-12-31T14:30:00,2024-12-31T15:00:00,4278,931,5209
2024-12-31,2024-12-31,2024-12-31T15:00:00,2024-12-31T15:30:00,4257,925,5182
2024-12-31,2024-12-31,2024-12-31T15:30:00,2024-12-31T16:00:00,4299,940,5239
2024-12-31,2024-12-31,2024-12-31T16:00:00,2024-12-31T16:30:00,4365,958,5323
2024-12-31,2024-12-31,2024-12-31T16:30:00,2024-12-31T17:00:00,4521,1048,5569
2024-12-31,2024-12-31,2024-12-31T17:00:00,2024-12-31T17:30:00,4679,1121,5800
2024-12-31,2024-12-31,2024-12-31T17:30:00,2024-12-31T18:00:00,4750,1150,5900
2024-12-31,2024-12-31,2024-12-31T18:00:00,2024-12-31T18:30:00,4713,1119,5832
2024-12-31,2024-12-31,2024-12-31T18:30:00,2024-12-31T19:00:00,4644,1056,5700
2024-12-31,2024-12-31,2024-12-31T19:00:00,2024-12-31T19:30:00,4539,992,5531
2024-12-31,2024-12-31,2024-12-31T19:30:00,2024-12-31T20:00:00,4414,930,5344
2024-12-31,2024-12-31,2024-12-31T20:00:00,2024-12-31T20:30:00,4304,883,5187
2024-12-31,2024-12-31,2024-12-31T20:30:00,2024-12-31T21:00:00,4213,832,5045
2024-12-31,2024-12-31,2024-12-31T21:00:00,2024-12-31T21:30:00,4125,783,4908
2024-12-31,2024-12-31,2024-12-31T21:30:00,2024-12-31T22:00:00,4020,741,4761
2024-12-31,2024-12-31,2024-12-31T22:00:00,2024-12-31T22:30:00,3922,705,4627
2024-12-31,2024-12-31,2024-12-31T22:30:00,2024-12-31T23:00:00,3875,667,4542
2024-12-31,2025-01-01,2024-12-31T23:00:00,2024-12-31T23:30:00,3850,639,4489
2024-12-31,2025-01-01,2024-12-31T23:30:00,2025-01-01T00:00:00,3918,604,4522
2025-01-01,2025-01-01,2025-01-01T00:00:00,2025-01-01T00:30:00,3562,552,4114
2025-01-01,2025-01-01,2025-01-01T00:30:00,2025-01-01T01:00:00,3489,520,4009
2025-01-01,2025-01-01,2025-01-01T01:00:00,2025-01-01T01:30:00,3421,509,3930
2025-01-01,2025-01-01,2025-01-01T01:30:00,2025-01-01T02:00:00,3344,523,3867
2025-01-01,2025-01-01,2025-01-01T02:00:00,2025-01-01T02:30:00,3265,503,3768
2025-01-01,2025-01-01,2025-01-01T02:30:00,2025-01-01T03:00:00,3246,493,3739
2025-01-01,2025-01-01,2025-01-01T03:00:00,2025-01-01T03:30:00,3162,482,3644
2025-01-01,2025-01-01,2025-01-01T03:30:00,2025-01-01T04:00:00,3107,474,3581
2025-01-01,2025-01-01,2025-01-01T04:00:00,2025-01-01T04:30:00,3044,470,3514
2025-01-01,2025-01-01,2025-01-01T04:30:00,2025-01-01T05:00:00,3000,467,3467
2025-01-01,2025-01-01,2025-01-01T05:00:00,2025-01-01T05:30:00,3014,472,3486
2025-01-01,2025-01-01,2025-01-01T05:30:00,2025-01-01T06:00:00,3001,488,3489
2025-01-01,2025-01-01,2025-01-01T06:00:00,2025-01-01T06:30:00,3042,518,3560
2025-01-01,2025-01-01,2025-01-01T06:30:00,2025-01-01T07:00:00,3088,559,3647
2025-01-01,2025-01-01,2025-01-01T07:00:00,2025-01-01T07:30:00,3112,611,3723
2025-01-01,2025-01-01,2025-01-01T07:30:00,2025-01-01T08:00:00,3187,664,3851
2025-01-01,2025-01-01,2025-01-01T08:00:00,2025-01-01T08:30:00,3201,724,3925
2025-01-01,2025-01-01,2025-01-01T08:30:00,2025-01-01T09:00:00,3209,765,3974
2025-01-01,2025-01-01,2025-01-01T09:00:00,2025-01-01T09:30:00,3278,818,4096
2025-01-01,2025-01-01,2025-01-01T09:30:00,2025-01-01T10:00:00,3400,874,4274
2025-01-01,2025-01-01,2025-01-01T10:00:00,2025-01-01T10:30:00,3532,904,4436
2025-01-01,2025-01-01,2025-01-01T10:30:00,2025-01-01T11:00:00,3653,936,4589
2025-01-01,2025-01-01,2025-01-01T11:00:00,2025-01-01T11:30:00,3763,966,4729
2025-01-01,2025-01-01,2025-01-01T11:30:00,2025-01-01T12:00:00,3867,991,4858
2025-01-01,2025-01-01,2025-01-01T12:00:00,2025-01-01T12:30:00,4000,1019,5019
2025-01-01,2025-01-01,2025-01-01T12:30:00,2025-01-01T13:00:00,4102,1050,5152
2025-01-01,2025-01-01,2025-01-01T13:00:00,2025-01-01T13:30:00,4192,1073,5265
2025-01-01,2025-01-01,2025-01-01T13:30:00,2025-01-01T14:00:00,4219,1069,5288
2025-01-01,2025-01-01,2025-01-01T14:00:00,2025-01-01T14:30:00,4263,1049,5312
2025-01-01,2025-01-01,2025-01-01T14:30:00,2025-01-01T15:00:00,4264,1034,5298
2025-01-01,2025-01-01,2025-01-01T15:00:00,2025-01-01T15:30:00,4253,1026,5279
2025-01-01,2025-01-01,2025-01-01T15:30:00,2025-01-01T16:00:00,4286,1015,5301
2025-01-01,2025-01-01,2025-01-01T16:00:00,2025-01-01T16:30:00,4316,1037,5353
2025-01-01,2025-01-01,2025-01-01T16:30:00,2025-01-01T17:00:00,4434,1069,5503
2025-01-01,2025-01-01,2025-01-01T17:00:00,2025-01-01T17:30:00,4529,1128,5657
2025-01-01,2025-01-01,2025-01-01T17:30:00,2025-01-01T18:00:00,4550,1124,5674
2025-01-01,2025-01-01,2025-01-01T18:00:00,2025-01-01T18:30:00,4500,1105,5605
2025-01-01,2025-01-01,2025-01-01T18:30:00,2025-01-01T19:00:00,4414,1068,5482
2025-01-01,2025-01-01,2025-01-01T19:00:00,2025-01-01T19:30:00,4334,1001,5335
2025-01-01,2025-01-01,2025-01-01T19:30:00,2025-01-01T20:00:00,4207,978,5185
2025-01-01,2025-01-01,2025-01-01T20:00:00,2025-01-01T20:30:00,4122,970,5092
2025-01-01,2025-01-01,2025-01-01T20:30:00,2025-01-01T21:00:00,4026,945,4971
2025-01-01,2025-01-01,2025-01-01T21:00:00,2025-01-01T21:30:00,3908,937,4845
2025-01-01,2025-01-01,2025-01-01T21:30:00,2025-01-01T22:00:00,3764,895,4659
2025-01-01,2025-01-01,2025-01-01T22:00:00,2025-01-01T22:30:00,3636,876,4512
2025-01-01,2025-01-01,2025-01-01T22:30:00,2025-01-01T23:00:00,3548,837,4385
2025-01-01,2025-01-02,2025-01-01T23:00:00,2025-01-01T23:30:00,3459,806,4265
2025-01-01,2025-01-02,2025-01-01T23:30:00,2025-01-02T00:00:00,3417,756,4173
2025-01-02,2025-01-02,2025-01-02T00:00:00,2025-01-02T00:30:00,3547,694,4241
2025-01-02,2025-01-02,2025-01-02T00:30:00,2025-01-02T01:00:00,3498,656,4154
2025-01-02,2025-01-02,2025-01-02T01:00:00,2025-01-02T01:30:00,3402,646,4048
2025-01-02,2025-01-02,2025-01-02T01:30:00,2025-01-02T02:00:00,3328,664,3992
2025-01-02,2025-01-02,2025-01-02T02:00:00,2025-01-02T02:30:00,3306,637,3943
2025-01-02,2025-01-02,2025-01-02T02:30:00,2025-01-02T03:00:00,3307,626,3933
2025-01-02,2025-01-02,2025-01-02T03:00:00,2025-01-02T03:30:00,3249,602,3851
2025-01-02,2025-01-02,2025-01-02T03:30:00,2025-01-02T04:00:00,3234,593,3827
2025-01-02,2025-01-02,2025-01-02T04:00:00,2025-01-02T04:30:00,3217,597,3814
2025-01-02,2025-01-02,2025-01-02T04:30:00,2025-01-02T05:00:00,3200,594,3794
2025-01-02,2025-01-02,2025-01-02T05:00:00,2025-01-02T05:30:00,3235,593,3828
2025-01-02,2025-01-02,2025-01-02T05:30:00,2025-01-02T06:00:00,3273,613,3886
2025-01-02,2025-01-02,2025-01-02T06:00:00,2025-01-02T06:30:00,3375,645,4020
2025-01-02,2025-01-02,2025-01-02T06:30:00,2025-01-02T07:00:00,3557,701,4258
2025-01-02,2025-01-02,2025-01-02T07:00:00,2025-01-02T07:30:00,3715,761,4476
2025-01-02,2025-01-02,2025-01-02T07:30:00,2025-01-02T08:00:00,3898,833,4731
2025-01-02,2025-01-02,2025-01-02T08:00:00,2025-01-02T08:30:00,4032,881,4913
2025-01-02,2025-01-02,2025-01-02T08:30:00,2025-01-02T09:00:00,4160,927,5087
2025-01-02,2025-01-02,2025-01-02T09:00:00,2025-01-02T09:30:00,4258,969,5227
2025-01-02,2025-01-02,2025-01-02T09:30:00,2025-01-02T10:00:00,4354,1029,5383
2025-01-02,2025-01-02,2025-01-02T10:00:00,2025-01-02T10:30:00,4428,1035,5463
2025-01-02,2025-01-02,2025-01-02T10:30:00,2025-01-02T11:00:00,4499,1066,5565
2025-01-02,2025-01-02,2025-01-02T11:00:00,2025-01-02T11:30:00,4561,1067,5628
2025-01-02,2025-01-02,2025-01-02T11:30:00,2025-01-02T12:00:00,4606,1091,5697
2025-01-02,2025-01-02,2025-01-02T12:00:00,2025-01-02T12:30:00,4658,1104,5762
2025-01-02,2025-01-02,2025-01-02T12:30:00,2025-01-02T13:00:00,4697,1136,5833
2025-01-02,2025-01-02,2025-01-02T13:00:00,2025-01-02T13:30:00,4716,1143,5859
2025-01-02,2025-01-02,2025-01-02T13:30:00,2025-01-02T14:00:00,4701,1137,5838
2025-01-02,2025-01-02,2025-01-02T14:00:00,2025-01-02T14:30:00,4690,1093,5783
2025-01-02,2025-01-02,2025-01-02T14:30:00,2025-01-02T15:00:00,4664,1078,5742
2025-01-02,2025-01-02,2025-01-02T15:00:00,2025-01-02T15:30:00,4671,1058,5729
2025-01-02,2025-01-02,2025-01-02T15:30:00,2025-01-02T16:00:00,4680,1047,5727
2025-01-02,2025-01-02,2025-01-02T16:00:00,2025-01-02T16:30:00,4755,1072,5827
2025-01-02,2025-01-02,2025-01-02T16:30:00,2025-01-02T17:00:00,4847,1105,5952
2025-01-02,2025-01-02,2025-01-02T17:00:00,2025-01-02T17:30:00,5016,1168,6184
2025-01-02,2025-01-02,2025-01-02T17:30:00,2025-01-02T18:00:00,5100,1163,6263
2025-01-02,2025-01-02,2025-01-02T18:00:00,2025-01-02T18:30:00,5074,1148,6222
2025-01-02,2025-01-02,2025-01-02T18:30:00,2025-01-02T19:00:00,4986,1109,6095
2025-01-02,2025-01-02,2025-01-02T19:00:00,2025-01-02T19:30:00,4860,1070,5930
2025-01-02,2025-01-02,2025-01-02T19:30:00,2025-01-02T20:00:00,4810,1045,5855
2025-01-02,2025-01-02,2025-01-02T20:00:00,2025-01-02T20:30:00,4708,1016,5724
2025-01-02,2025-01-02,2025-01-02T20:30:00,2025-01-02T21:00:00,4590,990,5580
2025-01-02,2025-01-02,2025-01-02T21:00:00,2025-01-02T21:30:00,4500,1003,5503
2025-01-02,2025-01-02,2025-01-02T21:30:00,2025-01-02T22:00:00,4378,958,5336
2025-01-02,2025-01-02,2025-01-02T22:00:00,2025-01-02T22:30:00,4262,906,5168
2025-01-02,2025-01-02,2025-01-02T22:30:00,2025-01-02T23:00:00,4128,865,4993
2025-01-02,2025-01-03,2025-01-02T23:00:00,2025-01-02T23:30:00,4027,,
2025-01-02,2025-01-03,2025-01-02T23:30:00,2025-01-03T00:00:00,3993,,
2025-01-03,2025-01-03,2025-01-03T00:00:00,2025-01-03T00:30:00,3735,,
2025-01-03,2025-01-03,2025-01-03T00:30:00,2025-01-03T01:00:00,3643,,
2025-01-03,2025-01-03,2025-01-03T01:00:00,2025-01-03T01:30:00,3527,,
2025-01-03,2025-01-03,2025-01-03T01:30:00,2025-01-03T02:00:00,3443,,
2025-01-03,2025-01-03,2025-01-03T02:00:00,2025-01-03T02:30:00,3374,,
2025-01-03,2025-01-03,2025-01-03T02:30:00,2025-01-03T03:00:00,3370,,
2025-01-03,2025-01-03,2025-01-03T03:00:00,2025-01-03T03:30:00,3337,,
2025-01-03,2025-01-03,2025-01-03T03:30:00,2025-01-03T04:00:00,3288,,
2025-01-03,2025-01-03,2025-01-03T04:00:00,2025-01-03T04:30:00,3274,,
2025-01-03,2025-01-03,2025-01-03T04:30:00,2025-01-03T05:00:00,3253,,
2025-01-03,2025-01-03,2025-01-03T05:00:00,2025-01-03T05:30:00,3282,,
2025-01-03,2025-01-03,2025-01-03T05:30:00,2025-01-03T06:00:00,3330,,
2025-01-03,2025-01-03,2025-01-03T06:00:00,2025-01-03T06:30:00,3452,,
2025-01-03,2025-01-03,2025-01-03T06:30:00,2025-01-03T07:00:00,3600,,
2025-01-03,2025-01-03,2025-01-03T07:00:00,2025-01-03T07:30:00,3774,,
2025-01-03,2025-01-03,2025-01-03T07:30:00,2025-01-03T08:00:00,3974,,
2025-01-03,2025-01-03,2025-01-03T08:00:00,2025-01-03T08:30:00,4125,,
2025-01-03,2025-01-03,2025-01-03T08:30:00,2025-01-03T09:00:00,4259,,
2025-01-03,2025-01-03,2025-01-03T09:00:00,2025-01-03T09:30:00,4387,,
2025-01-03,2025-01-03,2025-01-03T09:30:00,2025-01-03T10:00:00,4501,,
2025-01-03,2025-01-03,2025-01-03T10:00:00,2025-01-03T10:30:00,4556,,
2025-01-03,2025-01-03,2025-01-03T10:30:00,2025-01-03T11:00:00,4588,,
2025-01-03,2025-01-03,2025-01-03T11:00:00,2025-01-03T11:30:00,4613,,
2025-01-03,2025-01-03,2025-01-03T11:30:00,2025-01-03T12:00:00,4626,,
2025-01-03,2025-01-03,2025-01-03T12:00:00,2025-01-03T12:30:00,4644,,
2025-01-03,2025-01-03,2025-01-03T12:30:00,2025-01-03T13:00:00,4679,,
2025-01-03,2025-01-03,2025-01-03T13:00:00,2025-01-03T13:30:00,4731,,
2025-01-03,2025-01-03,2025-01-03T13:30:00,2025-01-03T14:00:00,4662,,
2025-01-03,2025-01-03,2025-01-03T14:00:00,2025-01-03T14:30:00,4651,,
2025-01-03,2025-01-03,2025-01-03T14:30:00,2025-01-03T15:00:00,4666,,
2025-01-03,2025-01-03,2025-01-03T15:00:00,2025-01-03T15:30:00,4648,,
2025-01-03,2025-01-03,2025-01-03T15:30:00,2025-01-03T16:00:00,4686,,
2025-01-03,2025-01-03,2025-01-03T16:00:00,2025-01-03T16:30:00,4748,,
2025-01-03,2025-01-03,2025-01-03T16:30:00,2025-01-03T17:00:00,4861,,
2025-01-03,2025-01-03,2025-01-03T17:00:00,2025-01-03T17:30:00,5082,,
2025-01-03,2025-01-03,2025-01-03T17:30:00,2025-01-03T18:00:00,5191,,
2025-01-03,2025-01-03,2025-01-03T18:00:00,2025-01-03T18:30:00,5158,,
2025-01-03,2025-01-03,2025-01-03T18:30:00,2025-01-03T19:00:00,5055,,
2025-01-03,2025-01-03,2025-01-03T19:00:00,2025-01-03T19:30:00,4949,,
2025-01-03,2025-01-03,2025-01-03T19:30:00,2025-01-03T20:00:00,4846,,
2025-01-03,2025-01-03,2025-01-03T20:00:00,2025-01-03T20:30:00,4726,,
2025-01-03,2025-01-03,2025-01-03T20:30:00,2025-01-03T21:00:00,4555,,
2025-01-03,2025-01-03,2025-01-03T21:00:00,2025-01-03T21:30:00,4465,,
2025-01-03,2025-01-03,2025-01-03T21:30:00,2025-01-03T22:00:00,4330,,
2025-01-03,2025-01-03,2025-01-03T22:00:00,2025-01-03T22:30:00,4189,,
2025-01-03,2025-01-03,2025-01-03T22:30:00,2025-01-03T23:00:00,4056,,
2024-12-29,2024-12-30,2024-12-29T23:00:00,2024-12-29T23:30:00,3580,648,4228
2024-12-29,2024-12-30,2024-12-29T23:30:00,2024-12-30T00:00:00,3543,606,4149
2024-12-30,2024-12-30,2024-12-30T00:00:00,2024-12-30T00:30:00,3307,579,3886
2024-12-30,2024-12-30,2024-12-30T00:30:00,2024-12-30T01:00:00,3256,539,3795
2024-12-30,2024-12-30,2024-12-30T01:00:00,2024-12-30T01:30:00,3157,506,3663
2024-12-30,2024-12-30,2024-12-30T01:30:00,2024-12-30T02:00:00,3081,517,3598
2024-12-30,2024-12-30,2024-12-30T02:00:00,2024-12-30T02:30:00,3058,495,3553
2024-12-30,2024-12-30,2024-12-30T02:30:00,2024-12-30T03:00:00,3060,483,3543
2024-12-30,2024-12-30,2024-12-30T03:00:00,2024-12-30T03:30:00,3001,470,3471
2024-12-30,2024-12-30,2024-12-30T03:30:00,2024-12-30T04:00:00,2984,458,3442
2024-12-30,2024-12-30,2024-12-30T04:00:00,2024-12-30T04:30:00,2968,456,3424
2024-12-30,2024-12-30,2024-12-30T04:30:00,2024-12-30T05:00:00,2950,457,3407
2024-12-30,2024-12-30,2024-12-30T05:00:00,2024-12-30T05:30:00,2986,451,3437
2024-12-30,2024-12-30,2024-12-30T05:30:00,2024-12-30T06:00:00,3025,450,3475
2024-12-30,2024-12-30,2024-12-30T06:00:00,2024-12-30T06:30:00,3130,486,3616
2024-12-30,2024-12-30,2024-12-30T06:30:00,2024-12-30T07:00:00,3317,526,3843
2024-12-30,2024-12-30,2024-12-30T07:00:00,2024-12-30T07:30:00,3479,571,4050
2024-12-30,2024-12-30,2024-12-30T07:30:00,2024-12-30T08:00:00,3666,617,4283
2024-12-30,2024-12-30,2024-12-30T08:00:00,2024-12-30T08:30:00,3804,659,4463
2024-12-30,2024-12-30,2024-12-30T08:30:00,2024-12-30T09:00:00,3935,699,4634
2024-12-30,2024-12-30,2024-12-30T09:00:00,2024-12-30T09:30:00,4035,753,4788
2024-12-30,2024-12-30,2024-12-30T09:30:00,2024-12-30T10:00:00,4135,802,4937
2024-12-30,2024-12-30,2024-12-30T10:00:00,2024-12-30T10:30:00,4210,847,5057
2024-12-30,2024-12-30,2024-12-30T10:30:00,2024-12-30T11:00:00,4283,866,5149
2024-12-30,2024-12-30,2024-12-30T11:00:00,2024-12-30T11:30:00,4347,908,5255
2024-12-30,2024-12-30,2024-12-30T11:30:00,2024-12-30T12:00:00,4393,913,5306
2024-12-30,2024-12-30,2024-12-30T12:00:00,2024-12-30T12:30:00,4447,922,5369
2024-12-30,2024-12-30,2024-12-30T12:30:00,2024-12-30T13:00:00,4486,924,5410
2024-12-30,2024-12-30,2024-12-30T13:00:00,2024-12-30T13:30:00,4506,922,5428
2024-12-30,2024-12-30,2024-12-30T13:30:00,2024-12-30T14:00:00,4491,911,5402
2024-12-30,2024-12-30,2024-12-30T14:00:00,2024-12-30T14:30:00,4479,889,5368
2024-12-30,2024-12-30,2024-12-30T14:30:00,2024-12-30T15:00:00,4452,877,5329
2024-12-30,2024-12-30,2024-12-30T15:00:00,2024-12-30T15:30:00,4460,879,5339
2024-12-30,2024-12-30,2024-12-30T15:30:00,2024-12-30T16:00:00,4469,893,5362
2024-12-30,2024-12-30,2024-12-30T16:00:00,2024-12-30T16:30:00,4546,938,5484
2024-12-30,2024-12-30,2024-12-30T16:30:00,2024-12-30T17:00:00,4640,1037,5677
2024-12-30,2024-12-30,2024-12-30T17:00:00,2024-12-30T17:30:00,4814,1121,5935
2024-12-30,2024-12-30,2024-12-30T17:30:00,2024-12-30T18:00:00,4900,1150,6050
2024-12-30,2024-12-30,2024-12-30T18:00:00,2024-12-30T18:30:00,4873,1129,6002
2024-12-30,2024-12-30,2024-12-30T18:30:00,2024-12-30T19:00:00,4783,1084,5867
2024-12-30,2024-12-30,2024-12-30T19:00:00,2024-12-30T19:30:00,4654,1038,5692
2024-12-30,2024-12-30,2024-12-30T19:30:00,2024-12-30T20:00:00,4603,993,5596
2024-12-30,2024-12-30,2024-12-30T20:00:00,2024-12-30T20:30:00,4498,946,5444
2024-12-30,2024-12-30,2024-12-30T20:30:00,2024-12-30T21:00:00,4377,901,5278
2024-12-30,2024-12-30,2024-12-30T21:00:00,2024-12-30T21:30:00,4284,848,5132
2024-12-30,2024-12-30,2024-12-30T21:30:00,2024-12-30T22:00:00,4159,797,4956
2024-12-30,2024-12-30,2024-12-30T22:00:00,2024-12-30T22:30:00,4039,740,4779
2024-12-30,2024-12-30,2024-12-30T22:30:00,2024-12-30T23:00:00,3903,702,4605
2024-12-30,2024-12-31,2024-12-30T23:00:00,2024-12-30T23:30:00,3599,642,4241
2024-12-30,2024-12-31,2024-12-30T23:30:00,2024-12-31T00:00:00,3564,578,4142
2024-12-31,2024-12-31,2024-12-31T00:00:00,2024-12-31T00:30:00,3780,569,4349
2024-12-31,2024-12-31,2024-12-31T00:30:00,2024-12-31T01:00:00,3671,537,4208
2024-12-31,2024-12-31,2024-12-31T01:00:00,2024-12-31T01:30:00,3535,504,4039
2024-12-31,2024-12-31,2024-12-31T01:30:00,2024-12-31T02:00:00,3429,501,3930
2024-12-31,2024-12-31,2024-12-31T02:00:00,2024-12-31T02:30:00,3321,492,3813
2024-12-31,2024-12-31,2024-12-31T02:30:00,2024-12-31T03:00:00,3248,474,3722
2024-12-31,2024-12-31,2024-12-31T03:00:00,2024-12-31T03:30:00,3191,453,3644
2024-12-31,2024-12-31,2024-12-31T03:30:00,2024-12-31T04:00:00,3161,454,3615
2024-12-31,2024-12-31,2024-12-31T04:00:00,2024-12-31T04:30:00,3149,450,3599
2024-12-31,2024-12-31,2024-12-31T04:30:00,2024-12-31T05:00:00,3120,454,3574
2024-12-31,2024-12-31,2024-12-31T05:00:00,2024-12-31T05:30:00,3100,458,3558
2024-12-31,2024-12-31,2024-12-31T05:30:00,2024-12-31T06:00:00,3148,470,3618
2024-12-31,2024-12-31,2024-12-31T06:00:00,2024-12-31T06:30:00,3213,505,3718
2024-12-31,2024-12-31,2024-12-31T06:30:00,2024-12-31T07:00:00,3318,543,3861
2024-12-31,2024-12-31,2024-12-31T07:00:00,2024-12-31T07:30:00,3413,591,4004
2024-12-31,2024-12-31,2024-12-31T07:30:00,2024-12-31T08:00:00,3506,647,4153
2024-12-31,2024-12-31,2024-12-31T08:00:00,2024-12-31T08:30:00,3572,689,4261
2024-12-31,2024-12-31,2024-12-31T08:30:00,2024-12-31T09:00:00,3645,714,4359
2024-12-31,2024-12-31,2024-12-31T09:00:00,2024-12-31T09:30:00,3750,751,4501
2024-12-31,2024-12-31,2024-12-31T09:30:00,2024-12-31T10:00:00,3873,799,4672
2024-12-31,2024-12-31,2024-12-31T10:00:00,2024-12-31T10:30:00,3977,844,4821
2024-12-31,2024-12-31,2024-12-31T10:30:00,2024-12-31T11:00:00,4073,879,4952
2024-12-31,2024-12-31,2024-12-31T11:00:00,2024-12-31T11:30:00,4159,901,5060
2024-12-31,2024-12-31,2024-12-31T11:30:00,2024-12-31T12:00:00,4203,917,5120
2024-12-31,2024-12-31,2024-12-31T12:00:00,2024-12-31T12:30:00,4250,941,5191
2024-12-31,2024-12-31,2024-12-31T12:30:00,2024-12-31T13:00:00,4294,972,5266
2024-12-31,2024-12-31,2024-12-31T13:00:00,2024-12-31T13:30:00,4315,994,5309
2024-12-31,2024-12-31,2024-12-31T13:30:00,2024-12-31T14:00:00,4314,971,5285
2024-12-31,2024-12-31,2024-12-31T14:00:00,2024-12-31T14:30:00,4281,943,5224
2024-12-31,2024-12-31,2024-12-31T14:30:00,2024-12-31T15:00:00,4278,931,5209
2024-12-31,2024-12-31,2024-12-31T15:00:00,2024-12-31T15:30:00,4257,925,5182
2024-12-31,2024-12-31,2024-12-31T15:30:00,2024-12-31T16:00:00,4299,940,5239
2024-12-31,2024-12-31,2024-12-31T16:00:00,2024-12-31T16:30:00,4365,958,5323
2024-12-31,2024-12-31,2024-12-31T16:30:00,2024-12-31T17:00:00,4521,1048,5569
2024-12-31,2024-12-31,2024-12-31T17:00:00,2024-12-31T17:30:00,4679,1121,5800
2024-12-31,2024-12-31,2024-12-31T17:30:00,2024-12-31T18:00:00,4750,1150,5900
2024-12-31,2024-12-31,2024-12-31T18:00:00,2024-12-31T18:30:00,4713,1119,5832
2024-12-31,2024-12-31,2024-12-31T18:30:00,2024-12-31T19:00:00,4644,1056,5700
2024-12-31,2024-12-31,2024-12-31T19:00:00,2024-12-31T19:30:00,4539,992,5531
2024-12-31,2024-12-31,2024-12-31T19:30:00,2024-12-31T20:00:00,4414,930,5344
2024-12-31,2024-12-31,2024-12-31T20:00:00,2024-12-31T20:30:00,4304,883,5187
2024-12-31,2024-12-31,2024-12-31T20:30:00,2024-12-31T21:00:00,4213,832,5045
2024-12-31,2024-12-31,2024-12-31T21:00:00,2024-12-31T21:30:00,4125,783,4908
2024-12-31,2024-12-31,2024-12-31T21:30:00,2024-12-31T22:00:00,4020,741,4761
2024-12-31,2024-12-31,2024-12-31T22:00:00,2024-12-31T22:30:00,3922,705,4627
2024-12-31,2024-12-31,2024-12-31T22:30:00,2024-12-31T23:00:00,3875,667,4542
2024-12-31,2025-01-01,2024-12-31T23:00:00,2024-12-31T23:30:00,3850,639,4489
2024-12-31,2025-01-01,2024-12-31T23:30:00,2025-01-01T00:00:00,3918,604,4522
2025-01-01,2025-01-01,2025-01-01T00:00:00,2025-01-01T00:30:00,3562,549,4111
2025-01-01,2025-01-01,2025-01-01T00:30:00,2025-01-01T01:00:00,3489,517,4006
2025-01-01,2025-01-01,2025-01-01T01:00:00,2025-01-01T01:30:00,3421,507,3928
2025-01-01,2025-01-01,2025-01-01T01:30:00,2025-01-01T02:00:00,3344,522,3866
2025-01-01,2025-01-01,2025-01-01T02:00:00,2025-01-01T02:30:00,3265,504,3769
2025-01-01,2025-01-01,2025-01-01T02:30:00,2025-01-01T03:00:00,3246,494,3740
2025-01-01,2025-01-01,2025-01-01T03:00:00,2025-01-01T03:30:00,3162,486,3648
2025-01-01,2025-01-01,2025-01-01T03:30:00,2025-01-01T04:00:00,3107,479,3586
2025-01-01,2025-01-01,2025-01-01T04:00:00,2025-01-01T04:30:00,3044,481,3525
2025-01-01,2025-01-01,2025-01-01T04:30:00,2025-01-01T05:00:00,3000,478,3478
2025-01-01,2025-01-01,2025-01-01T05:00:00,2025-01-01T05:30:00,3014,488,3502
2025-01-01,2025-01-01,2025-01-01T05:30:00,2025-01-01T06:00:00,3001,505,3506
2025-01-01,2025-01-01,2025-01-01T06:00:00,2025-01-01T06:30:00,3042,535,3577
2025-01-01,2025-01-01,2025-01-01T06:30:00,2025-01-01T07:00:00,3088,578,3666
2025-01-01,2025-01-01,2025-01-01T07:00:00,2025-01-01T07:30:00,3112,623,3735
2025-01-01,2025-01-01,2025-01-01T07:30:00,2025-01-01T08:00:00,3187,677,3864
2025-01-01,2025-01-01,2025-01-01T08:00:00,2025-01-01T08:30:00,3201,739,3940
2025-01-01,2025-01-01,2025-01-01T08:30:00,2025-01-01T09:00:00,3209,781,3990
2025-01-01,2025-01-01,2025-01-01T09:00:00,2025-01-01T09:30:00,3278,837,4115
2025-01-01,2025-01-01,2025-01-01T09:30:00,2025-01-01T10:00:00,3400,893,4293
2025-01-01,2025-01-01,2025-01-01T10:00:00,2025-01-01T10:30:00,3532,910,4442
2025-01-01,2025-01-01,2025-01-01T10:30:00,2025-01-01T11:00:00,3653,941,4594
2025-01-01,2025-01-01,2025-01-01T11:00:00,2025-01-01T11:30:00,3763,970,4733
2025-01-01,2025-01-01,2025-01-01T11:30:00,2025-01-01T12:00:00,3867,994,4861
2025-01-01,2025-01-01,2025-01-01T12:00:00,2025-01-01T12:30:00,4000,1020,5020
2025-01-01,2025-01-01,2025-01-01T12:30:00,2025-01-01T13:00:00,4102,1051,5153
2025-01-01,2025-01-01,2025-01-01T13:00:00,2025-01-01T13:30:00,4192,1077,5269
2025-01-01,2025-01-01,2025-01-01T13:30:00,2025-01-01T14:00:00,4219,1073,5292
2025-01-01,2025-01-01,2025-01-01T14:00:00,2025-01-01T14:30:00,4263,1046,5309
2025-01-01,2025-01-01,2025-01-01T14:30:00,2025-01-01T15:00:00,4264,1031,5295
2025-01-01,2025-01-01,2025-01-01T15:00:00,2025-01-01T15:30:00,4253,1020,5273
2025-01-01,2025-01-01,2025-01-01T15:30:00,2025-01-01T16:00:00,4286,1008,5294
2025-01-01,2025-01-01,2025-01-01T16:00:00,2025-01-01T16:30:00,4316,1045,5361
2025-01-01,2025-01-01,2025-01-01T16:30:00,2025-01-01T17:00:00,4434,1076,5510
2025-01-01,2025-01-01,2025-01-01T17:00:00,2025-01-01T17:30:00,4529,1106,5635
2025-01-01,2025-01-01,2025-01-01T17:30:00,2025-01-01T18:00:00,4550,1102,5652
2025-01-01,2025-01-01,2025-01-01T18:00:00,2025-01-01T18:30:00,4500,1067,5567
2025-01-01,2025-01-01,2025-01-01T18:30:00,2025-01-01T19:00:00,4414,1032,5446
2025-01-01,2025-01-01,2025-01-01T19:00:00,2025-01-01T19:30:00,4334,996,5330
2025-01-01,2025-01-01,2025-01-01T19:30:00,2025-01-01T20:00:00,4207,973,5180
2025-01-01,2025-01-01,2025-01-01T20:00:00,2025-01-01T20:30:00,4122,963,5085
2025-01-01,2025-01-01,2025-01-01T20:30:00,2025-01-01T21:00:00,4026,939,4965
2025-01-01,2025-01-01,2025-01-01T21:00:00,2025-01-01T21:30:00,3908,952,4860
2025-01-01,2025-01-01,2025-01-01T21:30:00,2025-01-01T22:00:00,3764,909,4673
2025-01-01,2025-01-01,2025-01-01T22:00:00,2025-01-01T22:30:00,3636,873,4509
2025-01-01,2025-01-01,2025-01-01T22:30:00,2025-01-01T23:00:00,3548,834,4382
2025-01-01,2025-01-02,2025-01-01T23:00:00,2025-01-01T23:30:00,3459,804,4263
2025-01-01,2025-01-02,2025-01-01T23:30:00,2025-01-02T00:00:00,3417,754,4171
2025-01-02,2025-01-02,2025-01-02T00:00:00,2025-01-02T00:30:00,3547,698,4245
2025-01-02,2025-01-02,2025-01-02T00:30:00,2025-01-02T01:00:00,3498,660,4158
2025-01-02,2025-01-02,2025-01-02T01:00:00,2025-01-02T01:30:00,3402,649,4051
2025-01-02,2025-01-02,2025-01-02T01:30:00,2025-01-02T02:00:00,3328,666,3994
2025-01-02,2025-01-02,2025-01-02T02:00:00,2025-01-02T02:30:00,3306,640,3946
2025-01-02,2025-01-02,2025-01-02T02:30:00,2025-01-02T03:00:00,3307,629,3936
2025-01-02,2025-01-02,2025-01-02T03:00:00,2025-01-02T03:30:00,3249,618,3867
2025-01-02,2025-01-02,2025-01-02T03:30:00,2025-01-02T04:00:00,3234,609,3843
2025-01-02,2025-01-02,2025-01-02T04:00:00,2025-01-02T04:30:00,3217,604,3821
2025-01-02,2025-01-02,2025-01-02T04:30:00,2025-01-02T05:00:00,3200,601,3801
2025-01-02,2025-01-02,2025-01-02T05:00:00,2025-01-02T05:30:00,3235,602,3837
2025-01-02,2025-01-02,2025-01-02T05:30:00,2025-01-02T06:00:00,3273,622,3895
2025-01-02,2025-01-02,2025-01-02T06:00:00,2025-01-02T06:30:00,3375,655,4030
2025-01-02,2025-01-02,2025-01-02T06:30:00,2025-01-02T07:00:00,3557,712,4269
2025-01-02,2025-01-02,2025-01-02T07:00:00,2025-01-02T07:30:00,3715,770,4485
2025-01-02,2025-01-02,2025-01-02T07:30:00,2025-01-02T08:00:00,3898,843,4741
2025-01-02,2025-01-02,2025-01-02T08:00:00,2025-01-02T08:30:00,4032,893,4925
2025-01-02,2025-01-02,2025-01-02T08:30:00,2025-01-02T09:00:00,4160,940,5100
2025-01-02,2025-01-02,2025-01-02T09:00:00,2025-01-02T09:30:00,4258,978,5236
2025-01-02,2025-01-02,2025-01-02T09:30:00,2025-01-02T10:00:00,4354,1038,5392
2025-01-02,2025-01-02,2025-01-02T10:00:00,2025-01-02T10:30:00,4428,1044,5472
2025-01-02,2025-01-02,2025-01-02T10:30:00,2025-01-02T11:00:00,4499,1076,5575
2025-01-02,2025-01-02,2025-01-02T11:00:00,2025-01-02T11:30:00,4561,1085,5646
2025-01-02,2025-01-02,2025-01-02T11:30:00,2025-01-02T12:00:00,4606,1109,5715
2025-01-02,2025-01-02,2025-01-02T12:00:00,2025-01-02T12:30:00,4658,1123,5781
2025-01-02,2025-01-02,2025-01-02T12:30:00,2025-01-02T13:00:00,4697,1155,5852
2025-01-02,2025-01-02,2025-01-02T13:00:00,2025-01-02T13:30:00,4716,1141,5857
2025-01-02,2025-01-02,2025-01-02T13:30:00,2025-01-02T14:00:00,4701,1135,5836
2025-01-02,2025-01-02,2025-01-02T14:00:00,2025-01-02T14:30:00,4690,1098,5788
2025-01-02,2025-01-02,2025-01-02T14:30:00,2025-01-02T15:00:00,4664,1083,5747
2025-01-02,2025-01-02,2025-01-02T15:00:00,2025-01-02T15:30:00,4671,1063,5734
2025-01-02,2025-01-02,2025-01-02T15:30:00,2025-01-02T16:00:00,4680,1052,5732
2025-01-02,2025-01-02,2025-01-02T16:00:00,2025-01-02T16:30:00,4755,1077,5832
2025-01-02,2025-01-02,2025-01-02T16:30:00,2025-01-02T17:00:00,4847,1111,5958
2025-01-02,2025-01-02,2025-01-02T17:00:00,2025-01-02T17:30:00,5016,1175,6191
2025-01-02,2025-01-02,2025-01-02T17:30:00,2025-01-02T18:00:00,5100,1171,6271
2025-01-02,2025-01-02,2025-01-02T18:00:00,2025-01-02T18:30:00,5074,1151,6225
2025-01-02,2025-01-02,2025-01-02T18:30:00,2025-01-02T19:00:00,4986,1112,6098
2025-01-02,2025-01-02,2025-01-02T19:00:00,2025-01-02T19:30:00,4860,1081,5941
2025-01-02,2025-01-02,2025-01-02T19:30:00,2025-01-02T20:00:00,4810,1055,5865
2025-01-02,2025-01-02,2025-01-02T20:00:00,2025-01-02T20:30:00,4708,1029,5737
2025-01-02,2025-01-02,2025-01-02T20:30:00,2025-01-02T21:00:00,4590,1003,5593
2025-01-02,2025-01-02,2025-01-02T21:00:00,2025-01-02T21:30:00,4500,1023,5523
2025-01-02,2025-01-02,2025-01-02T21:30:00,2025-01-02T22:00:00,4378,976,5354
2025-01-02,2025-01-02,2025-01-02T22:00:00,2025-01-02T22:30:00,4262,945,5207
2025-01-02,2025-01-02,2025-01-02T22:30:00,2025-01-02T23:00:00,4128,901,5029
2024-12-29,2024-12-30,2024-12-29T23:00:00,2024-12-29T23:30:00,3580,648,4228
2024-12-29,2024-12-30,2024-12-29T23:30:00,2024-12-30T00:00:00,3543,606,4149
2024-12-30,2024-12-30,2024-12-30T00:00:00,2024-12-30T00:30:00,3307,579,3886
2024-12-30,2024-12-30,2024-12-30T00:30:00,2024-12-30T01:00:00,3256,539,3795
2024-12-30,2024-12-30,2024-12-30T01:00:00,2024-12-30T01:30:00,3157,506,3663
2024-12-30,2024-12-30,2024-12-30T01:30:00,2024-12-30T02:00:00,3081,517,3598
2024-12-30,2024-12-30,2024-12-30T02:00:00,2024-12-30T02:30:00,3058,495,3553
2024-12-30,2024-12-30,2024-12-30T02:30:00,2024-12-30T03:00:00,3060,483,3543
2024-12-30,2024-12-30,2024-12-30T03:00:00,2024-12-30T03:30:00,3001,470,3471
2024-12-30,2024-12-30,2024-12-30T03:30:00,2024-12-30T04:00:00,2984,458,3442
2024-12-30,2024-12-30,2024-12-30T04:00:00,2024-12-30T04:30:00,2968,456,3424
2024-12-30,2024-12-30,2024-12-30T04:30:00,2024-12-30T05:00:00,2950,457,3407
2024-12-30,2024-12-30,2024-12-30T05:00:00,2024-12-30T05:30:00,2986,451,3437
2024-12-30,2024-12-30,2024-12-30T05:30:00,2024-12-30T06:00:00,3025,450,3475
2024-12-30,2024-12-30,2024-12-30T06:00:00,2024-12-30T06:30:00,3130,486,3616
2024-12-30,2024-12-30,2024-12-30T06:30:00,2024-12-30T07:00:00,3317,526,3843
2024-12-30,2024-12-30,2024-12-30T07:00:00,2024-12-30T07:30:00,3479,571,4050
2024-12-30,2024-12-30,2024-12-30T07:30:00,2024-12-30T08:00:00,3666,617,4283
2024-12-30,2024-12-30,2024-12-30T08:00:00,2024-12-30T08:30:00,3804,659,4463
2024-12-30,2024-12-30,2024-12-30T08:30:00,2024-12-30T09:00:00,3935,699,4634
2024-12-30,2024-12-30,2024-12-30T09:00:00,2024-12-30T09:30:00,4035,753,4788
2024-12-30,2024-12-30,2024-12-30T09:30:00,2024-12-30T10:00:00,4135,802,4937
2024-12-30,2024-12-30,2024-12-30T10:00:00,2024-12-30T10:30:00,4210,847,5057
2024-12-30,2024-12-30,2024-12-30T10:30:00,2024-12-30T11:00:00,4283,866,5149
2024-12-30,2024-12-30,2024-12-30T11:00:00,2024-12-30T11:30:00,4347,908,5255
2024-12-30,2024-12-30,2024-12-30T11:30:00,2024-12-30T12:00:00,4393,913,5306
2024-12-30,2024-12-30,2024-12-30T12:00:00,2024-12-30T12:30:00,4447,922,5369
2024-12-30,2024-12-30,2024-12-30T12:30:00,2024-12-30T13:00:00,4486,924,5410
2024-12-30,2024-12-30,2024-12-30T13:00:00,2024-12-30T13:30:00,4506,922,5428
2024-12-30,2024-12-30,2024-12-30T13:30:00,2024-12-30T14:00:00,4491,911,5402
2024-12-30,2024-12-30,2024-12-30T14:00:00,2024-12-30T14:30:00,4479,889,5368
2024-12-30,2024-12-30,2024-12-30T14:30:00,2024-12-30T15:00:00,4452,877,5329
2024-12-30,2024-12-30,2024-12-30T15:00:00,2024-12-30T15:30:00,4460,879,5339
2024-12-30,2024-12-30,2024-12-30T15:30:00,2024-12-30T16:00:00,4469,893,5362
2024-12-30,2024-12-30,2024-12-30T16:00:00,2024-12-30T16:30:00,4546,938,5484
2024-12-30,2024-12-30,2024-12-30T16:30:00,2024-12-30T17:00:00,4640,1037,5677
2024-12-30,2024-12-30,2024-12-30T17:00:00,2024-12-30T17:30:00,4814,1121,5935
2024-12-30,2024-12-30,2024-12-30T17:30:00,2024-12-30T18:00:00,4900,1150,6050
2024-12-30,2024-12-30,2024-12-30T18:00:00,2024-12-30T18:30:00,4873,1129,6002
2024-12-30,2024-12-30,2024-12-30T18:30:00,2024-12-30T19:00:00,4783,1084,5867
2024-12-30,2024-12-30,2024-12-30T19:00:00,2024-12-30T19:30:00,4654,1038,5692
2024-12-30,2024-12-30,2024-12-30T19:30:00,2024-12-30T20:00:00,4603,993,5596
2024-12-30,2024-12-30,2024-12-30T20:00:00,2024-12-30T20:30:00,4498,946,5444
2024-12-30,2024-12-30,2024-12-30T20:30:00,2024-12-30T21:00:00,4377,901,5278
2024-12-30,2024-12-30,2024-12-30T21:00:00,2024-12-30T21:30:00,4284,848,5132
2024-12-30,2024-12-30,2024-12-30T21:30:00,2024-12-30T22:00:00,4159,797,4956
2024-12-30,2024-12-30,2024-12-30T22:00:00,2024-12-30T22:30:00,3839,740,4579
2024-12-30,2024-12-30,2024-12-30T22:30:00,2024-12-30T23:00:00,3703,702,4405
2024-12-30,2024-12-31,2024-12-30T23:00:00,2024-12-30T23:30:00,3599,642,4241
2024-12-30,2024-12-31,2024-12-30T23:30:00,2024-12-31T00:00:00,3564,578,4142
2024-12-31,2024-12-31,2024-12-31T00:00:00,2024-12-31T00:30:00,3780,569,4349
2024-12-31,2024-12-31,2024-12-31T00:30:00,2024-12-31T01:00:00,3671,537,4208
2024-12-31,2024-12-31,2024-12-31T01:00:00,2024-12-31T01:30:00,3535,504,4039
2024-12-31,2024-12-31,2024-12-31T01:30:00,2024-12-31T02:00:00,3429,501,3930
2024-12-31,2024-12-31,2024-12-31T02:00:00,2024-12-31T02:30:00,3321,492,3813
2024-12-31,2024-12-31,2024-12-31T02:30:00,2024-12-31T03:00:00,3248,474,3722
2024-12-31,2024-12-31,2024-12-31T03:00:00,2024-12-31T03:30:00,3191,453,3644
2024-12-31,2024-12-31,2024-12-31T03:30:00,2024-12-31T04:00:00,3161,454,3615
2024-12-31,2024-12-31,2024-12-31T04:00:00,2024-12-31T04:30:00,3149,450,3599
2024-12-31,2024-12-31,2024-12-31T04:30:00,2024-12-31T05:00:00,3120,454,3574
2024-12-31,2024-12-31,2024-12-31T05:00:00,2024-12-31T05:30:00,3100,458,3558
2024-12-31,2024-12-31,2024-12-31T05:30:00,2024-12-31T06:00:00,3148,470,3618
2024-12-31,2024-12-31,2024-12-31T06:00:00,2024-12-31T06:30:00,3213,505,3718
2024-12-31,2024-12-31,2024-12-31T06:30:00,2024-12-31T07:00:00,3318,543,3861
2024-12-31,2024-12-31,2024-12-31T07:00:00,2024-12-31T07:30:00,3413,591,4004
2024-12-31,2024-12-31,2024-12-31T07:30:00,2024-12-31T08:00:00,3506,647,4153
2024-12-31,2024-12-31,2024-12-31T08:00:00,2024-12-31T08:30:00,3572,689,4261
2024-12-31,2024-12-31,2024-12-31T08:30:00,2024-12-31T09:00:00,3645,714,4359
2024-12-31,2024-12-31,2024-12-31T09:00:00,2024-12-31T09:30:00,3750,751,4501
2024-12-31,2024-12-31,2024-12-31T09:30:00,2024-12-31T10:00:00,3873,799,4672
2024-12-31,2024-12-31,2024-12-31T10:00:00,2024-12-31T10:30:00,3977,844,4821
2024-12-31,2024-12-31,2024-12-31T10:30:00,2024-12-31T11:00:00,4073,879,4952
2024-12-31,2024-12-31,2024-12-31T11:00:00,2024-12-31T11:30:00,4159,901,5060
2024-12-31,2024-12-31,2024-12-31T11:30:00,2024-12-31T12:00:00,4203,917,5120
2024-12-31,2024-12-31,2024-12-31T12:00:00,2024-12-31T12:30:00,4250,941,5191
2024-12-31,2024-12-31,2024-12-31T12:30:00,2024-12-31T13:00:00,4294,972,5266
2024-12-31,2024-12-31,2024-12-31T13:00:00,2024-12-31T13:30:00,4315,994,5309
2024-12-31,2024-12-31,2024-12-31T13:30:00,2024-12-31T14:00:00,4314,971,5285
2024-12-31,2024-12-31,2024-12-31T14:00:00,2024-12-31T14:30:00,4281,943,5224
2024-12-31,2024-12-31,2024-12-31T14:30:00,2024-12-31T15:00:00,4278,931,5209
2024-12-31,2024-12-31,2024-12-31T15:00:00,2024-12-31T15:30:00,4257,925,5182
2024-12-31,2024-12-31,2024-12-31T15:30:00,2024-12-31T16:00:00,4299,940,5239
2024-12-31,2024-12-31,2024-12-31T16:00:00,2024-12-31T16:30:00,4365,958,5323
2024-12-31,2024-12-31,2024-12-31T16:30:00,2024-12-31T17:00:00,4521,1048,5569
2024-12-31,2024-12-31,2024-12-31T17:00:00,2024-12-31T17:30:00,4679,1121,5800
2024-12-31,2024-12-31,2024-12-31T17:30:00,2024-12-31T18:00:00,4750,1150,5900
2024-12-31,2024-12-31,2024-12-31T18:00:00,2024-12-31T18:30:00,4713,1119,5832
2024-12-31,2024-12-31,2024-12-31T18:30:00,2024-12-31T19:00:00,4644,1056,5700
2024-12-31,2024-12-31,2024-12-31T19:00:00,2024-12-31T19:30:00,4539,992,5531
2024-12-31,2024-12-31,2024-12-31T19:30:00,2024-12-31T20:00:00,4414,930,5344
2024-12-31,2024-12-31,2024-12-31T20:00:00,2024-12-31T20:30:00,4304,883,5187
2024-12-31,2024-12-31,2024-12-31T20:30:00,2024-12-31T21:00:00,4213,832,5045
2024-12-31,2024-12-31,2024-12-31T21:00:00,2024-12-31T21:30:00,4125,783,4908
2024-12-31,2024-12-31,2024-12-31T21:30:00,2024-12-31T22:00:00,4020,741,4761
2024-12-31,2024-12-31,2024-12-31T22:00:00,2024-12-31T22:30:00,3922,705,4627
2024-12-31,2024-12-31,2024-12-31T22:30:00,2024-12-31T23:00:00,3875,667,4542
2024-12-31,2025-01-01,2024-12-31T23:00:00,2024-12-31T23:30:00,3850,639,4489
2024-12-31,2025-01-01,2024-12-31T23:30:00,2025-01-01T00:00:00,3918,604,4522
2025-01-01,2025-01-01,2025-01-01T00:00:00,2025-01-01T00:30:00,3562,549,4111
2025-01-01,2025-01-01,2025-01-01T00:30:00,2025-01-01T01:00:00,3489,517,4006
2025-01-01,2025-01-01,2025-01-01T01:00:00,2025-01-01T01:30:00,3421,507,3928
2025-01-01,2025-01-01,2025-01-01T01:30:00,2025-01-01T02:00:00,3344,522,3866
2025-01-01,2025-01-01,2025-01-01T02:00:00,2025-01-01T02:30:00,3265,504,3769
2025-01-01,2025-01-01,2025-01-01T02:30:00,2025-01-01T03:00:00,3246,494,3740
2025-01-01,2025-01-01,2025-01-01T03:00:00,2025-01-01T03:30:00,3162,486,3648
2025-01-01,2025-01-01,2025-01-01T03:30:00,2025-01-01T04:00:00,3107,479,3586
2025-01-01,2025-01-01,2025-01-01T04:00:00,2025-01-01T04:30:00,3044,481,3525
2025-01-01,2025-01-01,2025-01-01T04:30:00,2025-01-01T05:00:00,3000,478,3478
2025-01-01,2025-01-01,2025-01-01T05:00:00,2025-01-01T05:30:00,3014,488,3502
2025-01-01,2025-01-01,2025-01-01T05:30:00,2025-01-01T06:00:00,3001,505,3506
2025-01-01,2025-01-01,2025-01-01T06:00:00,2025-01-01T06:30:00,3042,535,3577
2025-01-01,2025-01-01,2025-01-01T06:30:00,2025-01-01T07:00:00,3088,578,3666
2025-01-01,2025-01-01,2025-01-01T07:00:00,2025-01-01T07:30:00,3112,623,3735
2025-01-01,2025-01-01,2025-01-01T07:30:00,2025-01-01T08:00:00,3187,677,3864
2025-01-01,2025-01-01,2025-01-01T08:00:00,2025-01-01T08:30:00,3201,739,3940
2025-01-01,2025-01-01,2025-01-01T08:30:00,2025-01-01T09:00:00,3209,781,3990
2025-01-01,2025-01-01,2025-01-01T09:00:00,2025-01-01T09:30:00,3278,837,4115
2025-01-01,2025-01-01,2025-01-01T09:30:00,2025-01-01T10:00:00,3400,893,4293
2025-01-01,2025-01-01,2025-01-01T10:00:00,2025-01-01T10:30:00,3532,910,4442
2025-01-01,2025-01-01,2025-01-01T10:30:00,2025-01-01T11:00:00,3653,941,4594
2025-01-01,2025-01-01,2025-01-01T11:00:00,2025-01-01T11:30:00,3763,970,4733
2025-01-01,2025-01-01,2025-01-01T11:30:00,2025-01-01T12:00:00,3867,994,4861
2025-01-01,2025-01-01,2025-01-01T12:00:00,2025-01-01T12:30:00,4000,1020,5020
2025-01-01,2025-01-01,2025-01-01T12:30:00,2025-01-01T13:00:00,4102,1051,5153
2025-01-01,2025-01-01,2025-01-01T13:00:00,2025-01-01T13:30:00,4192,1077,5269
2025-01-01,2025-01-01,2025-01-01T13:30:00,2025-01-01T14:00:00,4219,1073,5292
2025-01-01,2025-01-01,2025-01-01T14:00:00,2025-01-01T14:30:00,4263,1046,5309
2025-01-01,2025-01-01,2025-01-01T14:30:00,2025-01-01T15:00:00,4264,1031,5295
2025-01-01,2025-01-01,2025-01-01T15:00:00,2025-01-01T15:30:00,4253,1020,5273
2025-01-01,2025-01-01,2025-01-01T15:30:00,2025-01-01T16:00:00,4286,1008,5294
2025-01-01,2025-01-01,2025-01-01T16:00:00,2025-01-01T16:30:00,4316,1045,5361
2025-01-01,2025-01-01,2025-01-01T16:30:00,2025-01-01T17:00:00,4434,1076,5510
2025-01-01,2025-01-01,2025-01-01T17:00:00,2025-01-01T17:30:00,4529,1106,5635
2025-01-01,2025-01-01,2025-01-01T17:30:00,2025-01-01T18:00:00,4550,1102,5652
2025-01-01,2025-01-01,2025-01-01T18:00:00,2025-01-01T18:30:00,4500,1067,5567
2025-01-01,2025-01-01,2025-01-01T18:30:00,2025-01-01T19:00:00,4414,1032,5446
2025-01-01,2025-01-01,2025-01-01T19:00:00,2025-01-01T19:30:00,4334,996,5330
2025-01-01,2025-01-01,2025-01-01T19:30:00,2025-01-01T20:00:00,4207,973,5180
2025-01-01,2025-01-01,2025-01-01T20:00:00,2025-01-01T20:30:00,4122,963,5085
2025-01-01,2025-01-01,2025-01-01T20:30:00,2025-01-01T21:00:00,4026,939,4965
2025-01-01,2025-01-01,2025-01-01T21:00:00,2025-01-01T21:30:00,3908,952,4860
2025-01-01,2025-01-01,2025-01-01T21:30:00,2025-01-01T22:00:00,3764,909,4673
2025-01-01,2025-01-01,2025-01-01T22:00:00,2025-01-01T22:30:00,3636,873,4509
2025-01-01,2025-01-01,2025-01-01T22:30:00,2025-01-01T23:00:00,3548,834,4382
2025-01-01,2025-01-02,2025-01-01T23:00:00,2025-01-01T23:30:00,3459,804,4263
2025-01-01,2025-01-02,2025-01-01T23:30:00,2025-01-02T00:00:00,3417,754,4171
2025-01-02,2025-01-02,2025-01-02T00:00:00,2025-01-02T00:30:00,3547,698,4245
2025-01-02,2025-01-02,2025-01-02T00:30:00,2025-01-02T01:00:00,3498,660,4158
2025-01-02,2025-01-02,2025-01-02T01:00:00,2025-01-02T01:30:00,3402,649,4051
2025-01-02,2025-01-02,2025-01-02T01:30:00,2025-01-02T02:00:00,3328,666,3994
2025-01-02,2025-01-02,2025-01-02T02:00:00,2025-01-02T02:30:00,3306,640,3946
2025-01-02,2025-01-02,2025-01-02T02:30:00,2025-01-02T03:00:00,3307,629,3936
2025-01-02,2025-01-02,2025-01-02T03:00:00,2025-01-02T03:30:00,3249,618,3867
2025-01-02,2025-01-02,2025-01-02T03:30:00,2025-01-02T04:00:00,3234,609,3843
2025-01-02,2025-01-02,2025-01-02T04:00:00,2025-01-02T04:30:00,3217,604,3821
2025-01-02,2025-01-02,2025-01-02T04:30:00,2025-01-02T05:00:00,3200,601,3801
2025-01-02,2025-01-02,2025-01-02T05:00:00,2025-01-02T05:30:00,3235,602,3837
2025-01-02,2025-01-02,2025-01-02T05:30:00,2025-01-02T06:00:00,3273,622,3895
2025-01-02,2025-01-02,2025-01-02T06:00:00,2025-01-02T06:30:00,3375,655,4030
2025-01-02,2025-01-02,2025-01-02T06:30:00,2025-01-02T07:00:00,3557,712,4269
2025-01-02,2025-01-02,2025-01-02T07:00:00,2025-01-02T07:30:00,3715,770,4485
2025-01-02,2025-01-02,2025-01-02T07:30:00,2025-01-02T08:00:00,3898,843,4741
2025-01-02,2025-01-02,2025-01-02T08:00:00,2025-01-02T08:30:00,4032,893,4925
2025-01-02,2025-01-02,2025-01-02T08:30:00,2025-01-02T09:00:00,4160,940,5100
2025-01-02,2025-01-02,2025-01-02T09:00:00,2025-01-02T09:30:00,4258,978,5236
2025-01-02,2025-01-02,2025-01-02T09:30:00,2025-01-02T10:00:00,4354,1038,5392
2025-01-02,2025-01-02,2025-01-02T10:00:00,2025-01-02T10:30:00,4428,1044,5472
2025-01-02,2025-01-02,2025-01-02T10:30:00,2025-01-02T11:00:00,4499,1076,5575
2025-01-02,2025-01-02,2025-01-02T11:00:00,2025-01-02T11:30:00,4561,1085,5646
2025-01-02,2025-01-02,2025-01-02T11:30:00,2025-01-02T12:00:00,4606,1109,5715
2025-01-02,2025-01-02,2025-01-02T12:00:00,2025-01-02T12:30:00,4658,1123,5781
2025-01-02,2025-01-02,2025-01-02T12:30:00,2025-01-02T13:00:00,4697,1155,5852
2025-01-02,2025-01-02,2025-01-02T13:00:00,2025-01-02T13:30:00,4716,1141,5857
2025-01-02,2025-01-02,2025-01-02T13:30:00,2025-01-02T14:00:00,4701,1135,5836
2025-01-02,2025-01-02,2025-01-02T14:00:00,2025-01-02T14:30:00,4690,1098,5788
2025-01-02,2025-01-02,2025-01-02T14:30:00,2025-01-02T15:00:00,4664,1083,5747
2025-01-02,2025-01-02,2025-01-02T15:00:00,2025-01-02T15:30:00,4671,1063,5734
2025-01-02,2025-01-02,2025-01-02T15:30:00,2025-01-02T16:00:00,4680,1052,5732
2025-01-02,2025-01-02,2025-01-02T16:00:00,2025-01-02T16:30:00,4755,1077,5832
2025-01-02,2025-01-02,2025-01-02T16:30:00,2025-01-02T17:00:00,4847,1111,5958
2025-01-02,2025-01-02,2025-01-02T17:00:00,2025-01-02T17:30:00,5016,1175,6191
2025-01-02,2025-01-02,2025-01-02T17:30:00,2025-01-02T18:00:00,5100,1171,6271
2025-01-02,2025-01-02,2025-01-02T18:00:00,2025-01-02T18:30:00,5074,1151,6225
2025-01-02,2025-01-02,2025-01-02T18:30:00,2025-01-02T19:00:00,4986,1112,6098
2025-01-02,2025-01-02,2025-01-02T19:00:00,2025-01-02T19:30:00,4860,1081,5941
2025-01-02,2025-01-02,2025-01-02T19:30:00,2025-01-02T20:00:00,4810,1055,5865
2025-01-02,2025-01-02,2025-01-02T20:00:00,2025-01-02T20:30:00,4708,1029,5737
2025-01-02,2025-01-02,2025-01-02T20:30:00,2025-01-02T21:00:00,4590,1003,5593
2025-01-02,2025-01-02,2025-01-02T21:00:00,2025-01-02T21:30:00,4500,1023,5523
2025-01-02,2025-01-02,2025-01-02T21:30:00,2025-01-02T22:00:00,4378,976,5354
2025-01-02,2025-01-02,2025-01-02T22:00:00,2025-01-02T22:30:00,4262,945,5207
2025-01-02,2025-01-02,2025-01-02T22:30:00,2025-01-02T23:00:00,4128,901,5029
2024-12-29,2024-12-30,2024-12-29T23:00:00,2024-12-29T23:30:00,3580,648,4228
2024-12-29,2024-12-30,2024-12-29T23:30:00,2024-12-30T00:00:00,3543,606,4149
2024-12-30,2024-12-30,2024-12-30T00:00:00,2024-12-30T00:30:00,3307,579,3886
2024-12-30,2024-12-30,2024-12-30T00:30:00,2024-12-30T01:00:00,3256,539,3795
2024-12-30,2024-12-30,2024-12-30T01:00:00,2024-12-30T01:30:00,3157,506,3663
2024-12-30,2024-12-30,2024-12-30T01:30:00,2024-12-30T02:00:00,3081,517,3598
2024-12-30,2024-12-30,2024-12-30T02:00:00,2024-12-30T02:30:00,3058,495,3553
2024-12-30,2024-12-30,2024-12-30T02:30:00,2024-12-30T03:00:00,3060,483,3543
2024-12-30,2024-12-30,2024-12-30T03:00:00,2024-12-30T03:30:00,3001,470,3471
2024-12-30,2024-12-30,2024-12-30T03:30:00,2024-12-30T04:00:00,2984,458,3442
2024-12-30,2024-12-30,2024-12-30T04:00:00,2024-12-30T04:30:00,2968,456,3424
2024-12-30,2024-12-30,2024-12-30T04:30:00,2024-12-30T05:00:00,2950,457,3407
2024-12-30,2024-12-30,2024-12-30T05:00:00,2024-12-30T05:30:00,2986,451,3437
2024-12-30,2024-12-30,2024-12-30T05:30:00,2024-12-30T06:00:00,3025,450,3475
2024-12-30,2024-12-30,2024-12-30T06:00:00,2024-12-30T06:30:00,3130,486,3616
2024-12-30,2024-12-30,2024-12-30T06:30:00,2024-12-30T07:00:00,3317,526,3843
2024-12-30,2024-12-30,2024-12-30T07:00:00,2024-12-30T07:30:00,3479,571,4050
2024-12-30,2024-12-30,2024-12-30T07:30:00,2024-12-30T08:00:00,3666,617,4283
2024-12-30,2024-12-30,2024-12-30T08:00:00,2024-12-30T08:30:00,3804,659,4463
2024-12-30,2024-12-30,2024-12-30T08:30:00,2024-12-30T09:00:00,3935,699,4634
2024-12-30,2024-12-30,2024-12-30T09:00:00,2024-12-30T09:30:00,4035,753,4788
2024-12-30,2024-12-30,2024-12-30T09:30:00,2024-12-30T10:00:00,4135,802,4937
2024-12-30,2024-12-30,2024-12-30T10:00:00,2024-12-30T10:30:00,4210,847,5057
2024-12-30,2024-12-30,2024-12-30T10:30:00,2024-12-30T11:00:00,4283,866,5149
2024-12-30,2024-12-30,2024-12-30T11:00:00,2024-12-30T11:30:00,4347,908,5255
2024-12-30,2024-12-30,2024-12-30T11:30:00,2024-12-30T12:00:00,4393,913,5306
2024-12-30,2024-12-30,2024-12-30T12:00:00,2024-12-30T12:30:00,4447,922,5369
2024-12-30,2024-12-30,2024-12-30T12:30:00,2024-12-30T13:00:00,4486,924,5410
2024-12-30,2024-12-30,2024-12-30T13:00:00,2024-12-30T13:30:00,4506,922,5428
2024-12-30,2024-12-30,2024-12-30T13:30:00,2024-12-30T14:00:00,4491,911,5402
2024-12-30,2024-12-30,2024-12-30T14:00:00,2024-12-30T14:30:00,4479,889,5368
2024-12-30,2024-12-30,2024-12-30T14:30:00,2024-12-30T15:00:00,4452,877,5329
2024-12-30,2024-12-30,2024-12-30T15:00:00,2024-12-30T15:30:00,4460,879,5339
2024-12-30,2024-12-30,2024-12-30T15:30:00,2024-12-30T16:00:00,4469,893,5362
2024-12-30,2024-12-30,2024-12-30T16:00:00,2024-12-30T16:30:00,4546,938,5484
2024-12-30,2024-12-30,2024-12-30T16:30:00,2024-12-30T17:00:00,4640,1037,5677
2024-12-30,2024-12-30,2024-12-30T17:00:00,2024-12-30T17:30:00,4814,1121,5935
2024-12-30,2024-12-30,2024-12-30T17:30:00,2024-12-30T18:00:00,4900,1150,6050
2024-12-30,2024-12-30,2024-12-30T18:00:00,2024-12-30T18:30:00,4873,1129,6002
2024-12-30,2024-12-30,2024-12-30T18:30:00,2024-12-30T19:00:00,4783,1084,5867
2024-12-30,2024-12-30,2024-12-30T19:00:00,2024-12-30T19:30:00,4654,1038,5692
2024-12-30,2024-12-30,2024-12-30T19:30:00,2024-12-30T20:00:00,4603,993,5596
2024-12-30,2024-12-30,2024-12-30T20:00:00,2024-12-30T20:30:00,4498,946,5444
2024-12-30,2024-12-30,2024-12-30T20:30:00,2024-12-30T21:00:00,4377,901,5278
2024-12-30,2024-12-30,2024-12-30T21:00:00,2024-12-30T21:30:00,4084,848,4932
2024-12-30,2024-12-30,2024-12-30T21:30:00,2024-12-30T22:00:00,3959,797,4756
2024-12-30,2024-12-30,2024-12-30T22:00:00,2024-12-30T22:30:00,3839,740,4579
2024-12-30,2024-12-30,2024-12-30T22:30:00,2024-12-30T23:00:00,3703,702,4405
2024-12-30,2024-12-31,2024-12-30T23:00:00,2024-12-30T23:30:00,3599,642,4241
2024-12-30,2024-12-31,2024-12-30T23:30:00,2024-12-31T00:00:00,3564,578,4142
2024-12-31,2024-12-31,2024-12-31T00:00:00,2024-12-31T00:30:00,3780,569,4349
2024-12-31,2024-12-31,2024-12-31T00:30:00,2024-12-31T01:00:00,3671,537,4208
2024-12-31,2024-12-31,2024-12-31T01:00:00,2024-12-31T01:30:00,3535,504,4039
2024-12-31,2024-12-31,2024-12-31T01:30:00,2024-12-31T02:00:00,3429,501,3930
2024-12-31,2024-12-31,2024-12-31T02:00:00,2024-12-31T02:30:00,3321,492,3813
2024-12-31,2024-12-31,2024-12-31T02:30:00,2024-12-31T03:00:00,3248,474,3722
2024-12-31,2024-12-31,2024-12-31T03:00:00,2024-12-31T03:30:00,3191,453,3644
2024-12-31,2024-12-31,2024-12-31T03:30:00,2024-12-31T04:00:00,3161,454,3615
2024-12-31,2024-12-31,2024-12-31T04:00:00,2024-12-31T04:30:00,3149,450,3599
2024-12-31,2024-12-31,2024-12-31T04:30:00,2024-12-31T05:00:00,3120,454,3574
2024-12-31,2024-12-31,2024-12-31T05:00:00,2024-12-31T05:30:00,3100,458,3558
2024-12-31,2024-12-31,2024-12-31T05:30:00,2024-12-31T06:00:00,3148,470,3618
2024-12-31,2024-12-31,2024-12-31T06:00:00,2024-12-31T06:30:00,3213,505,3718
2024-12-31,2024-12-31,2024-12-31T06:30:00,2024-12-31T07:00:00,3318,543,3861
2024-12-31,2024-12-31,2024-12-31T07:00:00,2024-12-31T07:30:00,3413,591,4004
2024-12-31,2024-12-31,2024-12-31T07:30:00,2024-12-31T08:00:00,3506,647,4153
2024-12-31,2024-12-31,2024-12-31T08:00:00,2024-12-31T08:30:00,3572,689,4261
2024-12-31,2024-12-31,2024-12-31T08:30:00,2024-12-31T09:00:00,3645,714,4359
2024-12-31,2024-12-31,2024-12-31T09:00:00,2024-12-31T09:30:00,3750,751,4501
2024-12-31,2024-12-31,2024-12-31T09:30:00,2024-12-31T10:00:00,3873,799,4672
2024-12-31,2024-12-31,2024-12-31T10:00:00,2024-12-31T10:30:00,3977,844,4821
2024-12-31,2024-12-31,2024-12-31T10:30:00,2024-12-31T11:00:00,4073,879,4952
2024-12-31,2024-12-31,2024-12-31T11:00:00,2024-12-31T11:30:00,4159,901,5060
2024-12-31,2024-12-31,2024-12-31T11:30:00,2024-12-31T12:00:00,4203,917,5120
2024-12-31,2024-12-31,2024-12-31T12:00:00,2024-12-31T12:30:00,4250,941,5191
2024-12-31,2024-12-31,2024-12-31T12:30:00,2024-12-31T13:00:00,4294,972,5266
2024-12-31,2024-12-31,2024-12-31T13:00:00,2024-12-31T13:30:00,4315,994,5309
2024-12-31,2024-12-31,2024-12-31T13:30:00,2024-12-31T14:00:00,4314,971,5285
2024-12-31,2024-12-31,2024-12-31T14:00:00,2024-12-31T14:30:00,4281,943,5224
2024-12-31,2024-12-31,2024-12-31T14:30:00,2024-12-31T15:00:00,4278,931,5209
2024-12-31,2024-12-31,2024-12-31T15:00:00,2024-12-31T15:30:00,4257,925,5182
2024-12-31,2024-12-31,2024-12-31T15:30:00,2024-12-31T16:00:00,4299,940,5239
2024-12-31,2024-12-31,2024-12-31T16:00:00,2024-12-31T16:30:00,4365,958,5323
2024-12-31,2024-12-31,2024-12-31T16:30:00,2024-12-31T17:00:00,4521,1048,5569
2024-12-31,2024-12-31,2024-12-31T17:00:00,2024-12-31T17:30:00,4679,1121,5800
2024-12-31,2024-12-31,2024-12-31T17:30:00,2024-12-31T18:00:00,4750,1150,5900
2024-12-31,2024-12-31,2024-12-31T18:00:00,2024-12-31T18:30:00,4713,1119,5832
2024-12-31,2024-12-31,2024-12-31T18:30:00,2024-12-31T19:00:00,4644,1056,5700
2024-12-31,2024-12-31,2024-12-31T19:00:00,2024-12-31T19:30:00,4539,992,5531
2024-12-31,2024-12-31,2024-12-31T19:30:00,2024-12-31T20:00:00,4414,930,5344
2024-12-31,2024-12-31,2024-12-31T20:00:00,2024-12-31T20:30:00,4304,883,5187
2024-12-31,2024-12-31,2024-12-31T20:30:00,2024-12-31T21:00:00,4213,832,5045
2024-12-31,2024-12-31,2024-12-31T21:00:00,2024-12-31T21:30:00,4125,783,4908
2024-12-31,2024-12-31,2024-12-31T21:30:00,2024-12-31T22:00:00,4020,741,4761
2024-12-31,2024-12-31,2024-12-31T22:00:00,2024-12-31T22:30:00,3922,705,4627
2024-12-31,2024-12-31,2024-12-31T22:30:00,2024-12-31T23:00:00,3875,667,4542
2024-12-31,2025-01-01,2024-12-31T23:00:00,2024-12-31T23:30:00,3850,639,4489
2024-12-31,2025-01-01,2024-12-31T23:30:00,2025-01-01T00:00:00,3918,604,4522
2025-01-01,2025-01-01,2025-01-01T00:00:00,2025-01-01T00:30:00,3562,549,4111
2025-01-01,2025-01-01,2025-01-01T00:30:00,2025-01-01T01:00:00,3489,517,4006
2025-01-01,2025-01-01,2025-01-01T01:00:00,2025-01-01T01:30:00,3421,507,3928
2025-01-01,2025-01-01,2025-01-01T01:30:00,2025-01-01T02:00:00,3344,522,3866
2025-01-01,2025-01-01,2025-01-01T02:00:00,2025-01-01T02:30:00,3265,504,3769
2025-01-01,2025-01-01,2025-01-01T02:30:00,2025-01-01T03:00:00,3246,494,3740
2025-01-01,2025-01-01,2025-01-01T03:00:00,2025-01-01T03:30:00,3162,486,3648
2025-01-01,2025-01-01,2025-01-01T03:30:00,2025-01-01T04:00:00,3107,479,3586
2025-01-01,2025-01-01,2025-01-01T04:00:00,2025-01-01T04:30:00,3044,481,3525
2025-01-01,2025-01-01,2025-01-01T04:30:00,2025-01-01T05:00:00,3000,478,3478
2025-01-01,2025-01-01,2025-01-01T05:00:00,2025-01-01T05:30:00,3014,488,3502
2025-01-01,2025-01-01,2025-01-01T05:30:00,2025-01-01T06:00:00,3001,505,3506
2025-01-01,2025-01-01,2025-01-01T06:00:00,2025-01-01T06:30:00,3042,535,3577
2025-01-01,2025-01-01,2025-01-01T06:30:00,2025-01-01T07:00:00,3088,578,3666
2025-01-01,2025-01-01,2025-01-01T07:00:00,2025-01-01T07:30:00,3112,623,3735
2025-01-01,2025-01-01,2025-01-01T07:30:00,2025-01-01T08:00:00,3187,677,3864
2025-01-01,2025-01-01,2025-01-01T08:00:00,2025-01-01T08:30:00,3201,739,3940
2025-01-01,2025-01-01,2025-01-01T08:30:00,2025-01-01T09:00:00,3209,781,3990
2025-01-01,2025-01-01,2025-01-01T09:00:00,2025-01-01T09:30:00,3278,837,4115
2025-01-01,2025-01-01,2025-01-01T09:30:00,2025-01-01T10:00:00,3400,893,4293
2025-01-01,2025-01-01,2025-01-01T10:00:00,2025-01-01T10:30:00,3532,910,4442
2025-01-01,2025-01-01,2025-01-01T10:30:00,2025-01-01T11:00:00,3653,941,4594
2025-01-01,2025-01-01,2025-01-01T11:00:00,2025-01-01T11:30:00,3763,970,4733
2025-01-01,2025-01-01,2025-01-01T11:30:00,2025-01-01T12:00:00,3867,994,4861
2025-01-01,2025-01-01,2025-01-01T12:00:00,2025-01-01T12:30:00,4000,1020,5020
2025-01-01,2025-01-01,2025-01-01T12:30:00,2025-01-01T13:00:00,4102,1051,5153
2025-01-01,2025-01-01,2025-01-01T13:00:00,2025-01-01T13:30:00,4192,1077,5269
2025-01-01,2025-01-01,2025-01-01T13:30:00,2025-01-01T14:00:00,4219,1073,5292
2025-01-01,2025-01-01,2025-01-01T14:00:00,2025-01-01T14:30:00,4263,1046,5309
2025-01-01,2025-01-01,2025-01-01T14:30:00,2025-01-01T15:00:00,4264,1031,5295
2025-01-01,2025-01-01,2025-01-01T15:00:00,2025-01-01T15:30:00,4253,1020,5273
2025-01-01,2025-01-01,2025-01-01T15:30:00,2025-01-01T16:00:00,4286,1008,5294
2025-01-01,2025-01-01,2025-01-01T16:00:00,2025-01-01T16:30:00,4316,1045,5361
2025-01-01,2025-01-01,2025-01-01T16:30:00,2025-01-01T17:00:00,4434,1076,5510
2025-01-01,2025-01-01,2025-01-01T17:00:00,2025-01-01T17:30:00,4529,1106,5635
2025-01-01,2025-01-01,2025-01-01T17:30:00,2025-01-01T18:00:00,4550,1102,5652
2025-01-01,2025-01-01,2025-01-01T18:00:00,2025-01-01T18:30:00,4500,1067,5567
2025-01-01,2025-01-01,2025-01-01T18:30:00,2025-01-01T19:00:00,4414,1032,5446
2025-01-01,2025-01-01,2025-01-01T19:00:00,2025-01-01T19:30:00,4334,996,5330
2025-01-01,2025-01-01,2025-01-01T19:30:00,2025-01-01T20:00:00,4207,973,5180
2025-01-01,2025-01-01,2025-01-01T20:00:00,2025-01-01T20:30:00,4122,963,5085
2025-01-01,2025-01-01,2025-01-01T20:30:00,2025-01-01T21:00:00,4026,939,4965
2025-01-01,2025-01-01,2025-01-01T21:00:00,2025-01-01T21:30:00,3908,952,4860
2025-01-01,2025-01-01,2025-01-01T21:30:00,2025-01-01T22:00:00,3764,909,4673
2025-01-01,2025-01-01,2025-01-01T22:00:00,2025-01-01T22:30:00,3636,873,4509
2025-01-01,2025-01-01,2025-01-01T22:30:00,2025-01-01T23:00:00,3548,834,4382
2025-01-01,2025-01-02,2025-01-01T23:00:00,2025-01-01T23:30:00,3459,804,4263
2025-01-01,2025-01-02,2025-01-01T23:30:00,2025-01-02T00:00:00,3417,754,4171
2025-01-02,2025-01-02,2025-01-02T00:00:00,2025-01-02T00:30:00,3547,698,4245
2025-01-02,2025-01-02,2025-01-02T00:30:00,2025-01-02T01:00:00,3498,660,4158
2025-01-02,2025-01-02,2025-01-02T01:00:00,2025-01-02T01:30:00,3402,649,4051
2025-01-02,2025-01-02,2025-01-02T01:30:00,2025-01-02T02:00:00,3328,666,3994
2025-01-02,2025-01-02,2025-01-02T02:00:00,2025-01-02T02:30:00,3306,640,3946
2025-01-02,2025-01-02,2025-01-02T02:30:00,2025-01-02T03:00:00,3307,629,3936
2025-01-02,2025-01-02,2025-01-02T03:00:00,2025-01-02T03:30:00,3249,618,3867
2025-01-02,2025-01-02,2025-01-02T03:30:00,2025-01-02T04:00:00,3234,609,3843
2025-01-02,2025-01-02,2025-01-02T04:00:00,2025-01-02T04:30:00,3217,604,3821
2025-01-02,2025-01-02,2025-01-02T04:30:00,2025-01-02T05:00:00,3200,601,3801
2025-01-02,2025-01-02,2025-01-02T05:00:00,2025-01-02T05:30:00,3235,602,3837
2025-01-02,2025-01-02,2025-01-02T05:30:00,2025-01-02T06:00:00,3273,622,3895
2025-01-02,2025-01-02,2025-01-02T06:00:00,2025-01-02T06:30:00,3375,655,4030
2025-01-02,2025-01-02,2025-01-02T06:30:00,2025-01-02T07:00:00,3557,712,4269
2025-01-02,2025-01-02,2025-01-02T07:00:00,2025-01-02T07:30:00,3715,770,4485
2025-01-02,2025-01-02,2025-01-02T07:30:00,2025-01-02T08:00:00,3898,843,4741
2025-01-02,2025-01-02,2025-01-02T08:00:00,2025-01-02T08:30:00,4032,893,4925
2025-01-02,2025-01-02,2025-01-02T08:30:00,2025-01-02T09:00:00,4160,940,5100
2025-01-02,2025-01-02,2025-01-02T09:00:00,2025-01-02T09:30:00,4258,978,5236
2025-01-02,2025-01-02,2025-01-02T09:30:00,2025-01-02T10:00:00,4354,1038,5392
2025-01-02,2025-01-02,2025-01-02T10:00:00,2025-01-02T10:30:00,4428,1044,5472
2025-01-02,2025-01-02,2025-01-02T10:30:00,2025-01-02T11:00:00,4499,1076,5575
2025-01-02,2025-01-02,2025-01-02T11:00:00,2025-01-02T11:30:00,4561,1085,5646
2025-01-02,2025-01-02,2025-01-02T11:30:00,2025-01-02T12:00:00,4606,1109,5715
2025-01-02,2025-01-02,2025-01-02T12:00:00,2025-01-02T12:30:00,4658,1123,5781
2025-01-02,2025-01-02,2025-01-02T12:30:00,2025-01-02T13:00:00,4697,1155,5852
2025-01-02,2025-01-02,2025-01-02T13:00:00,2025-01-02T13:30:00,4716,1141,5857
2025-01-02,2025-01-02,2025-01-02T13:30:00,2025-01-02T14:00:00,4701,1135,5836
2025-01-02,2025-01-02,2025-01-02T14:00:00,2025-01-02T14:30:00,4690,1098,5788
2025-01-02,2025-01-02,2025-01-02T14:30:00,2025-01-02T15:00:00,4664,1083,5747
2025-01-02,2025-01-02,2025-01-02T15:00:00,2025-01-02T15:30:00,4671,1063,5734
2025-01-02,2025-01-02,2025-01-02T15:30:00,2025-01-02T16:00:00,4680,1052,5732
2025-01-02,2025-01-02,2025-01-02T16:00:00,2025-01-02T16:30:00,4755,1077,5832
2025-01-02,2025-01-02,2025-01-02T16:30:00,2025-01-02T17:00:00,4847,1111,5958
2025-01-02,2025-01-02,2025-01-02T17:00:00,2025-01-02T17:30:00,5016,1175,6191
2025-01-02,2025-01-02,2025-01-02T17:30:00,2025-01-02T18:00:00,5100,1171,6271
2025-01-02,2025-01-02,2025-01-02T18:00:00,2025-01-02T18:30:00,5074,1151,6225
2025-01-02,2025-01-02,2025-01-02T18:30:00,2025-01-02T19:00:00,4986,1112,6098
2025-01-02,2025-01-02,2025-01-02T19:00:00,2025-01-02T19:30:00,4860,1081,5941
2025-01-02,2025-01-02,2025-01-02T19:30:00,2025-01-02T20:00:00,4810,1055,5865
2025-01-02,2025-01-02,2025-01-02T20:00:00,2025-01-02T20:30:00,4708,1029,5737
2025-01-02,2025-01-02,2025-01-02T20:30:00,2025-01-02T21:00:00,4590,1003,5593
2025-01-02,2025-01-02,2025-01-02T21:00:00,2025-01-02T21:30:00,4500,1023,5523
2025-01-02,2025-01-02,2025-01-02T21:30:00,2025-01-02T22:00:00,4378,976,5354
2025-01-02,2025-01-02,2025-01-02T22:00:00,2025-01-02T22:30:00,4262,945,5207
2025-01-02,2025-01-02,2025-01-02T22:30:00,2025-01-02T23:00:00,4128,901,5029
2024-12-29,2024-12-30,2024-12-29T23:00:00,2024-12-29T23:30:00,3580,648,4228
2024-12-29,2024-12-30,2024-12-29T23:30:00,2024-12-30T00:00:00,3543,606,4149
2024-12-30,2024-12-30,2024-12-30T00:00:00,2024-12-30T00:30:00,3307,579,3886
2024-12-30,2024-12-30,2024-12-30T00:30:00,2024-12-30T01:00:00,3256,539,3795
2024-12-30,2024-12-30,2024-12-30T01:00:00,2024-12-30T01:30:00,3157,506,3663
2024-12-30,2024-12-30,2024-12-30T01:30:00,2024-12-30T02:00:00,3081,517,3598
2024-12-30,2024-12-30,2024-12-30T02:00:00,2024-12-30T02:30:00,3058,495,3553
2024-12-30,2024-12-30,2024-12-30T02:30:00,2024-12-30T03:00:00,3060,483,3543
2024-12-30,2024-12-30,2024-12-30T03:00:00,2024-12-30T03:30:00,3001,470,3471
2024-12-30,2024-12-30,2024-12-30T03:30:00,2024-12-30T04:00:00,2984,458,3442
2024-12-30,2024-12-30,2024-12-30T04:00:00,2024-12-30T04:30:00,2968,456,3424
2024-12-30,2024-12-30,2024-12-30T04:30:00,2024-12-30T05:00:00,2950,457,3407
2024-12-30,2024-12-30,2024-12-30T05:00:00,2024-12-30T05:30:00,2986,451,3437
2024-12-30,2024-12-30,2024-12-30T05:30:00,2024-12-30T06:00:00,3025,450,3475
2024-12-30,2024-12-30,2024-12-30T06:00:00,2024-12-30T06:30:00,3130,486,3616
2024-12-30,2024-12-30,2024-12-30T06:30:00,2024-12-30T07:00:00,3317,526,3843
2024-12-30,2024-12-30,2024-12-30T07:00:00,2024-12-30T07:30:00,3479,571,4050
2024-12-30,2024-12-30,2024-12-30T07:30:00,2024-12-30T08:00:00,3666,617,4283
2024-12-30,2024-12-30,2024-12-30T08:00:00,2024-12-30T08:30:00,3804,659,4463
2024-12-30,2024-12-30,2024-12-30T08:30:00,2024-12-30T09:00:00,3935,699,4634
2024-12-30,2024-12-30,2024-12-30T09:00:00,2024-12-30T09:30:00,4035,753,4788
2024-12-30,2024-12-30,2024-12-30T09:30:00,2024-12-30T10:00:00,4135,802,4937
2024-12-30,2024-12-30,2024-12-30T10:00:00,2024-12-30T10:30:00,4210,847,5057
2024-12-30,2024-12-30,2024-12-30T10:30:00,2024-12-30T11:00:00,4283,866,5149
2024-12-30,2024-12-30,2024-12-30T11:00:00,2024-12-30T11:30:00,4347,908,5255
2024-12-30,2024-12-30,2024-12-30T11:30:00,2024-12-30T12:00:00,4393,913,5306
2024-12-30,2024-12-30,2024-12-30T12:00:00,2024-12-30T12:30:00,4447,922,5369
2024-12-30,2024-12-30,2024-12-30T12:30:00,2024-12-30T13:00:00,4486,924,5410
2024-12-30,2024-12-30,2024-12-30T13:00:00,2024-12-30T13:30:00,4506,922,5428
2024-12-30,2024-12-30,2024-12-30T13:30:00,2024-12-30T14:00:00,4491,911,5402
2024-12-30,2024-12-30,2024-12-30T14:00:00,2024-12-30T14:30:00,4479,889,5368
2024-12-30,2024-12-30,2024-12-30T14:30:00,2024-12-30T15:00:00,4452,877,5329
2024-12-30,2024-12-30,2024-12-30T15:00:00,2024-12-30T15:30:00,4460,879,5339
2024-12-30,2024-12-30,2024-12-30T15:30:00,2024-12-30T16:00:00,4469,893,5362
2024-12-30,2024-12-30,2024-12-30T16:00:00,2024-12-30T16:30:00,4546,938,5484
2024-12-30,2024-12-30,2024-12-30T16:30:00,2024-12-30T17:00:00,4640,1037,5677
2024-12-30,2024-12-30,2024-12-30T17:00:00,2024-12-30T17:30:00,4814,1121,5935
2024-12-30,2024-12-30,2024-12-30T17:30:00,2024-12-30T18:00:00,4900,1150,6050
2024-12-30,2024-12-30,2024-12-30T18:00:00,2024-12-30T18:30:00,4873,1129,6002
2024-12-30,2024-12-30,2024-12-30T18:30:00,2024-12-30T19:00:00,4783,1084,5867
2024-12-30,2024-12-30,2024-12-30T19:00:00,2024-12-30T19:30:00,4654,1038,5692
2024-12-30,2024-12-30,2024-12-30T19:30:00,2024-12-30T20:00:00,4603,993,5596
2024-12-30,2024-12-30,2024-12-30T20:00:00,2024-12-30T20:30:00,4298,946,5244
2024-12-30,2024-12-30,2024-12-30T20:30:00,2024-12-30T21:00:00,4177,901,5078
2024-12-30,2024-12-30,2024-12-30T21:00:00,2024-12-30T21:30:00,4084,848,4932
2024-12-30,2024-12-30,2024-12-30T21:30:00,2024-12-30T22:00:00,3959,797,4756
2024-12-30,2024-12-30,2024-12-30T22:00:00,2024-12-30T22:30:00,3839,740,4579
2024-12-30,2024-12-30,2024-12-30T22:30:00,2024-12-30T23:00:00,3703,702,4405
2024-12-30,2024-12-31,2024-12-30T23:00:00,2024-12-30T23:30:00,3599,642,4241
2024-12-30,2024-12-31,2024-12-30T23:30:00,2024-12-31T00:00:00,3564,578,4142
2024-12-31,2024-12-31,2024-12-31T00:00:00,2024-12-31T00:30:00,3780,569,4349
2024-12-31,2024-12-31,2024-12-31T00:30:00,2024-12-31T01:00:00,3671,537,4208
2024-12-31,2024-12-31,2024-12-31T01:00:00,2024-12-31T01:30:00,3535,504,4039
2024-12-31,2024-12-31,2024-12-31T01:30:00,2024-12-31T02:00:00,3429,501,3930
2024-12-31,2024-12-31,2024-12-31T02:00:00,2024-12-31T02:30:00,3321,492,3813
2024-12-31,2024-12-31,2024-12-31T02:30:00,2024-12-31T03:00:00,3248,474,3722
2024-12-31,2024-12-31,2024-12-31T03:00:00,2024-12-31T03:30:00,3191,453,3644
2024-12-31,2024-12-31,2024-12-31T03:30:00,2024-12-31T04:00:00,3161,454,3615
2024-12-31,2024-12-31,2024-12-31T04:00:00,2024-12-31T04:30:00,3149,450,3599
2024-12-31,2024-12-31,2024-12-31T04:30:00,2024-12-31T05:00:00,3120,454,3574
2024-12-31,2024-12-31,2024-12-31T05:00:00,2024-12-31T05:30:00,3100,458,3558
2024-12-31,2024-12-31,2024-12-31T05:30:00,2024-12-31T06:00:00,3148,470,3618
2024-12-31,2024-12-31,2024-12-31T06:00:00,2024-12-31T06:30:00,3213,505,3718
2024-12-31,2024-12-31,2024-12-31T06:30:00,2024-12-31T07:00:00,3318,543,3861
2024-12-31,2024-12-31,2024-12-31T07:00:00,2024-12-31T07:30:00,3413,591,4004
2024-12-31,2024-12-31,2024-12-31T07:30:00,2024-12-31T08:00:00,3506,647,4153
2024-12-31,2024-12-31,2024-12-31T08:00:00,2024-12-31T08:30:00,3572,689,4261
2024-12-31,2024-12-31,2024-12-31T08:30:00,2024-12-31T09:00:00,3645,714,4359
2024-12-31,2024-12-31,2024-12-31T09:00:00,2024-12-31T09:30:00,3750,751,4501
2024-12-31,2024-12-31,2024-12-31T09:30:00,2024-12-31T10:00:00,3873,799,4672
2024-12-31,2024-12-31,2024-12-31T10:00:00,2024-12-31T10:30:00,3977,844,4821
2024-12-31,2024-12-31,2024-12-31T10:30:00,2024-12-31T11:00:00,4073,879,4952
2024-12-31,2024-12-31,2024-12-31T11:00:00,2024-12-31T11:30:00,4159,901,5060
2024-12-31,2024-12-31,2024-12-31T11:30:00,2024-12-31T12:00:00,4203,917,5120
2024-12-31,2024-12-31,2024-12-31T12:00:00,2024-12-31T12:30:00,4250,941,5191
2024-12-31,2024-12-31,2024-12-31T12:30:00,2024-12-31T13:00:00,4294,972,5266
2024-12-31,2024-12-31,2024-12-31T13:00:00,2024-12-31T13:30:00,4315,994,5309
2024-12-31,2024-12-31,2024-12-31T13:30:00,2024-12-31T14:00:00,4314,971,5285
2024-12-31,2024-12-31,2024-12-31T14:00:00,2024-12-31T14:30:00,4281,943,5224
2024-12-31,2024-12-31,2024-12-31T14:30:00,2024-12-31T15:00:00,4278,931,5209
2024-12-31,2024-12-31,2024-12-31T15:00:00,2024-12-31T15:30:00,4257,925,5182
2024-12-31,2024-12-31,2024-12-31T15:30:00,2024-12-31T16:00:00,4299,940,5239
2024-12-31,2024-12-31,2024-12-31T16:00:00,2024-12-31T16:30:00,4365,958,5323
2024-12-31,2024-12-31,2024-12-31T16:30:00,2024-12-31T17:00:00,4521,1048,5569
2024-12-31,2024-12-31,2024-12-31T17:00:00,2024-12-31T17:30:00,4679,1121,5800
2024-12-31,2024-12-31,2024-12-31T17:30:00,2024-12-31T18:00:00,4750,1150,5900
2024-12-31,2024-12-31,2024-12-31T18:00:00,2024-12-31T18:30:00,4713,1119,5832
2024-12-31,2024-12-31,2024-12-31T18:30:00,2024-12-31T19:00:00,4644,1056,5700
2024-12-31,2024-12-31,2024-12-31T19:00:00,2024-12-31T19:30:00,4539,992,5531
2024-12-31,2024-12-31,2024-12-31T19:30:00,2024-12-31T20:00:00,4414,930,5344
2024-12-31,2024-12-31,2024-12-31T20:00:00,2024-12-31T20:30:00,4304,883,5187
2024-12-31,2024-12-31,2024-12-31T20:30:00,2024-12-31T21:00:00,4213,832,5045
2024-12-31,2024-12-31,2024-12-31T21:00:00,2024-12-31T21:30:00,4125,783,4908
2024-12-31,2024-12-31,2024-12-31T21:30:00,2024-12-31T22:00:00,4020,741,4761
2024-12-31,2024-12-31,2024-12-31T22:00:00,2024-12-31T22:30:00,3922,705,4627
2024-12-31,2024-12-31,2024-12-31T22:30:00,2024-12-31T23:00:00,3875,667,4542
2024-12-31,2025-01-01,2024-12-31T23:00:00,2024-12-31T23:30:00,3850,639,4489
2024-12-31,2025-01-01,2024-12-31T23:30:00,2025-01-01T00:00:00,3918,604,4522
2025-01-01,2025-01-01,2025-01-01T00:00:00,2025-01-01T00:30:00,3562,549,4111
2025-01-01,2025-01-01,2025-01-01T00:30:00,2025-01-01T01:00:00,3489,517,4006
2025-01-01,2025-01-01,2025-01-01T01:00:00,2025-01-01T01:30:00,3421,507,3928
2025-01-01,2025-01-01,2025-01-01T01:30:00,2025-01-01T02:00:00,3344,522,3866
2025-01-01,2025-01-01,2025-01-01T02:00:00,2025-01-01T02:30:00,3265,504,3769
2025-01-01,2025-01-01,2025-01-01T02:30:00,2025-01-01T03:00:00,3246,494,3740
2025-01-01,2025-01-01,2025-01-01T03:00:00,2025-01-01T03:30:00,3162,486,3648
2025-01-01,2025-01-01,2025-01-01T03:30:00,2025-01-01T04:00:00,3107,479,3586
2025-01-01,2025-01-01,2025-01-01T04:00:00,2025-01-01T04:30:00,3044,481,3525
2025-01-01,2025-01-01,2025-01-01T04:30:00,2025-01-01T05:00:00,3000,478,3478
2025-01-01,2025-01-01,2025-01-01T05:00:00,2025-01-01T05:30:00,3014,488,3502
2025-01-01,2025-01-01,2025-01-01T05:30:00,2025-01-01T06:00:00,3001,505,3506
2025-01-01,2025-01-01,2025-01-01T06:00:00,2025-01-01T06:30:00,3042,535,3577
2025-01-01,2025-01-01,2025-01-01T06:30:00,2025-01-01T07:00:00,3088,578,3666
2025-01-01,2025-01-01,2025-01-01T07:00:00,2025-01-01T07:30:00,3112,623,3735
2025-01-01,2025-01-01,2025-01-01T07:30:00,2025-01-01T08:00:00,3187,677,3864
2025-01-01,2025-01-01,2025-01-01T08:00:00,2025-01-01T08:30:00,3201,739,3940
2025-01-01,2025-01-01,2025-01-01T08:30:00,2025-01-01T09:00:00,3209,781,3990
2025-01-01,2025-01-01,2025-01-01T09:00:00,2025-01-01T09:30:00,3278,837,4115
2025-01-01,2025-01-01,2025-01-01T09:30:00,2025-01-01T10:00:00,3400,893,4293
2025-01-01,2025-01-01,2025-01-01T10:00:00,2025-01-01T10:30:00,3532,910,4442
2025-01-01,2025-01-01,2025-01-01T10:30:00,2025-01-01T11:00:00,3653,941,4594
2025-01-01,2025-01-01,2025-01-01T11:00:00,2025-01-01T11:30:00,3763,970,4733
2025-01-01,2025-01-01,2025-01-01T11:30:00,2025-01-01T12:00:00,3867,994,4861
2025-01-01,2025-01-01,2025-01-01T12:00:00,2025-01-01T12:30:00,4000,1020,5020
2025-01-01,2025-01-01,2025-01-01T12:30:00,2025-01-01T13:00:00,4102,1051,5153
2025-01-01,2025-01-01,2025-01-01T13:00:00,2025-01-01T13:30:00,4192,1077,5269
2025-01-01,2025-01-01,2025-01-01T13:30:00,2025-01-01T14:00:00,4219,1073,5292
2025-01-01,2025-01-01,2025-01-01T14:00:00,2025-01-01T14:30:00,4263,1046,5309
2025-01-01,2025-01-01,2025-01-01T14:30:00,2025-01-01T15:00:00,4264,1031,5295
2025-01-01,2025-01-01,2025-01-01T15:00:00,2025-01-01T15:30:00,4253,1020,5273
2025-01-01,2025-01-01,2025-01-01T15:30:00,2025-01-01T16:00:00,4286,1008,5294
2025-01-01,2025-01-01,2025-01-01T16:00:00,2025-01-01T16:30:00,4316,1045,5361
2025-01-01,2025-01-01,2025-01-01T16:30:00,2025-01-01T17:00:00,4434,1076,5510
2025-01-01,2025-01-01,2025-01-01T17:00:00,2025-01-01T17:30:00,4529,1106,5635
2025-01-01,2025-01-01,2025-01-01T17:30:00,2025-01-01T18:00:00,4550,1102,5652
2025-01-01,2025-01-01,2025-01-01T18:00:00,2025-01-01T18:30:00,4500,1067,5567
2025-01-01,2025-01-01,2025-01-01T18:30:00,2025-01-01T19:00:00,4414,1032,5446
2025-01-01,2025-01-01,2025-01-01T19:00:00,2025-01-01T19:30:00,4334,996,5330
2025-01-01,2025-01-01,2025-01-01T19:30:00,2025-01-01T20:00:00,4207,973,5180
2025-01-01,2025-01-01,2025-01-01T20:00:00,2025-01-01T20:30:00,4122,963,5085
2025-01-01,2025-01-01,2025-01-01T20:30:00,2025-01-01T21:00:00,4026,939,4965
2025-01-01,2025-01-01,2025-01-01T21:00:00,2025-01-01T21:30:00,3908,952,4860
2025-01-01,2025-01-01,2025-01-01T21:30:00,2025-01-01T22:00:00,3764,909,4673
2025-01-01,2025-01-01,2025-01-01T22:00:00,2025-01-01T22:30:00,3636,873,4509
2025-01-01,2025-01-01,2025-01-01T22:30:00,2025-01-01T23:00:00,3548,834,4382
2025-01-01,2025-01-02,2025-01-01T23:00:00,2025-01-01T23:30:00,3459,804,4263
2025-01-01,2025-01-02,2025-01-01T23:30:00,2025-01-02T00:00:00,3417,754,4171
2025-01-02,2025-01-02,2025-01-02T00:00:00,2025-01-02T00:30:00,3547,698,4245
2025-01-02,2025-01-02,2025-01-02T00:30:00,2025-01-02T01:00:00,3498,660,4158
2025-01-02,2025-01-02,2025-01-02T01:00:00,2025-01-02T01:30:00,3402,649,4051
2025-01-02,2025-01-02,2025-01-02T01:30:00,2025-01-02T02:00:00,3328,666,3994
2025-01-02,2025-01-02,2025-01-02T02:00:00,2025-01-02T02:30:00,3306,640,3946
2025-01-02,2025-01-02,2025-01-02T02:30:00,2025-01-02T03:00:00,3307,629,3936
2025-01-02,2025-01-02,2025-01-02T03:00:00,2025-01-02T03:30:00,3249,618,3867
2025-01-02,2025-01-02,2025-01-02T03:30:00,2025-01-02T04:00:00,3234,609,3843
2025-01-02,2025-01-02,2025-01-02T04:00:00,2025-01-02T04:30:00,3217,604,3821
2025-01-02,2025-01-02,2025-01-02T04:30:00,2025-01-02T05:00:00,3200,601,3801
2025-01-02,2025-01-02,2025-01-02T05:00:00,2025-01-02T05:30:00,3235,602,3837
2025-01-02,2025-01-02,2025-01-02T05:30:00,2025-01-02T06:00:00,3273,622,3895
2025-01-02,2025-01-02,2025-01-02T06:00:00,2025-01-02T06:30:00,3375,655,4030
2025-01-02,2025-01-02,2025-01-02T06:30:00,2025-01-02T07:00:00,3557,712,4269
2025-01-02,2025-01-02,2025-01-02T07:00:00,2025-01-02T07:30:00,3715,770,4485
2025-01-02,2025-01-02,2025-01-02T07:30:00,2025-01-02T08:00:00,3898,843,4741
2025-01-02,2025-01-02,2025-01-02T08:00:00,2025-01-02T08:30:00,4032,893,4925
2025-01-02,2025-01-02,2025-01-02T08:30:00,2025-01-02T09:00:00,4160,940,5100
2025-01-02,2025-01-02,2025-01-02T09:00:00,2025-01-02T09:30:00,4258,978,5236
2025-01-02,2025-01-02,2025-01-02T09:30:00,2025-01-02T10:00:00,4354,1038,5392
2025-01-02,2025-01-02,2025-01-02T10:00:00,2025-01-02T10:30:00,4428,1044,5472
2025-01-02,2025-01-02,2025-01-02T10:30:00,2025-01-02T11:00:00,4499,1076,5575
2025-01-02,2025-01-02,2025-01-02T11:00:00,2025-01-02T11:30:00,4561,1085,5646
2025-01-02,2025-01-02,2025-01-02T11:30:00,2025-01-02T12:00:00,4606,1109,5715
2025-01-02,2025-01-02,2025-01-02T12:00:00,2025-01-02T12:30:00,4658,1123,5781
2025-01-02,2025-01-02,2025-01-02T12:30:00,2025-01-02T13:00:00,4697,1155,5852
2025-01-02,2025-01-02,2025-01-02T13:00:00,2025-01-02T13:30:00,4716,1141,5857
2025-01-02,2025-01-02,2025-01-02T13:30:00,2025-01-02T14:00:00,4701,1135,5836
2025-01-02,2025-01-02,2025-01-02T14:00:00,2025-01-02T14:30:00,4690,1098,5788
2025-01-02,2025-01-02,2025-01-02T14:30:00,2025-01-02T15:00:00,4664,1083,5747
2025-01-02,2025-01-02,2025-01-02T15:00:00,2025-01-02T15:30:00,4671,1063,5734
2025-01-02,2025-01-02,2025-01-02T15:30:00,2025-01-02T16:00:00,4680,1052,5732
2025-01-02,2025-01-02,2025-01-02T16:00:00,2025-01-02T16:30:00,4755,1077,5832
2025-01-02,2025-01-02,2025-01-02T16:30:00,2025-01-02T17:00:00,4847,1111,5958
2025-01-02,2025-01-02,2025-01-02T17:00:00,2025-01-02T17:30:00,5016,1175,6191
2025-01-02,2025-01-02,2025-01-02T17:30:00,2025-01-02T18:00:00,5100,1171,6271
2025-01-02,2025-01-02,2025-01-02T18:00:00,2025-01-02T18:30:00,5074,1151,6225
2025-01-02,2025-01-02,2025-01-02T18:30:00,2025-01-02T19:00:00,4986,1112,6098
2025-01-02,2025-01-02,2025-01-02T19:00:00,2025-01-02T19:30:00,4860,1081,5941
2025-01-02,2025-01-02,2025-01-02T19:30:00,2025-01-02T20:00:00,4810,1055,5865
2025-01-02,2025-01-02,2025-01-02T20:00:00,2025-01-02T20:30:00,4708,1029,5737
2025-01-02,2025-01-02,2025-01-02T20:30:00,2025-01-02T21:00:00,4590,1003,5593
2025-01-02,2025-01-02,2025-01-02T21:00:00,2025-01-02T21:30:00,4500,1023,5523
2025-01-02,2025-01-02,2025-01-02T21:30:00,2025-01-02T22:00:00,4378,976,5354
2025-01-02,2025-01-02,2025-01-02T22:00:00,2025-01-02T22:30:00,4262,945,5207
2025-01-02,2025-01-02,2025-01-02T22:30:00,2025-01-02T23:00:00,4128,901,5029
2024-12-29,2024-12-30,2024-12-29T23:00:00,2024-12-29T23:30:00,3580,648,4228
2024-12-29,2024-12-30,2024-12-29T23:30:00,2024-12-30T00:00:00,3543,606,4149
2024-12-30,2024-12-30,2024-12-30T00:00:00,2024-12-30T00:30:00,3307,579,3886
2024-12-30,2024-12-30,2024-12-30T00:30:00,2024-12-30T01:00:00,3256,539,3795
2024-12-30,2024-12-30,2024-12-30T01:00:00,2024-12-30T01:30:00,3157,506,3663
2024-12-30,2024-12-30,2024-12-30T01:30:00,2024-12-30T02:00:00,3081,517,3598
2024-12-30,2024-12-30,2024-12-30T02:00:00,2024-12-30T02:30:00,3058,495,3553
2024-12-30,2024-12-30,2024-12-30T02:30:00,2024-12-30T03:00:00,3060,483,3543
2024-12-30,2024-12-30,2024-12-30T03:00:00,2024-12-30T03:30:00,3001,470,3471
2024-12-30,2024-12-30,2024-12-30T03:30:00,2024-12-30T04:00:00,2984,458,3442
2024-12-30,2024-12-30,2024-12-30T04:00:00,2024-12-30T04:30:00,2968,456,3424
2024-12-30,2024-12-30,2024-12-30T04:30:00,2024-12-30T05:00:00,2950,457,3407
2024-12-30,2024-12-30,2024-12-30T05:00:00,2024-12-30T05:30:00,2986,451,3437
2024-12-30,2024-12-30,2024-12-30T05:30:00,2024-12-30T06:00:00,3025,450,3475
2024-12-30,2024-12-30,2024-12-30T06:00:00,2024-12-30T06:30:00,3130,486,3616
2024-12-30,2024-12-30,2024-12-30T06:30:00,2024-12-30T07:00:00,3317,526,3843
2024-12-30,2024-12-30,2024-12-30T07:00:00,2024-12-30T07:30:00,3479,571,4050
2024-12-30,2024-12-30,2024-12-30T07:30:00,2024-12-30T08:00:00,3666,617,4283
2024-12-30,2024-12-30,2024-12-30T08:00:00,2024-12-30T08:30:00,3804,659,4463
2024-12-30,2024-12-30,2024-12-30T08:30:00,2024-12-30T09:00:00,3935,699,4634
2024-12-30,2024-12-30,2024-12-30T09:00:00,2024-12-30T09:30:00,4035,753,4788
2024-12-30,2024-12-30,2024-12-30T09:30:00,2024-12-30T10:00:00,4135,802,4937
2024-12-30,2024-12-30,2024-12-30T10:00:00,2024-12-30T10:30:00,4210,847,5057
2024-12-30,2024-12-30,2024-12-30T10:30:00,2024-12-30T11:00:00,4283,866,5149
2024-12-30,2024-12-30,2024-12-30T11:00:00,2024-12-30T11:30:00,4347,908,5255
2024-12-30,2024-12-30,2024-12-30T11:30:00,2024-12-30T12:00:00,4393,913,5306
2024-12-30,2024-12-30,2024-12-30T12:00:00,2024-12-30T12:30:00,4447,922,5369
2024-12-30,2024-12-30,2024-12-30T12:30:00,2024-12-30T13:00:00,4486,924,5410
2024-12-30,2024-12-30,2024-12-30T13:00:00,2024-12-30T13:30:00,4506,922,5428
2024-12-30,2024-12-30,2024-12-30T13:30:00,2024-12-30T14:00:00,4491,911,5402
2024-12-30,2024-12-30,2024-12-30T14:00:00,2024-12-30T14:30:00,4479,889,5368
2024-12-30,2024-12-30,2024-12-30T14:30:00,2024-12-30T15:00:00,4452,877,5329
2024-12-30,2024-12-30,2024-12-30T15:00:00,2024-12-30T15:30:00,4460,879,5339
2024-12-30,2024-12-30,2024-12-30T15:30:00,2024-12-30T16:00:00,4469,893,5362
2024-12-30,2024-12-30,2024-12-30T16:00:00,2024-12-30T16:30:00,4546,938,5484
2024-12-30,2024-12-30,2024-12-30T16:30:00,2024-12-30T17:00:00,4640,1037,5677
2024-12-30,2024-12-30,2024-12-30T17:00:00,2024-12-30T17:30:00,4814,1121,5935
2024-12-30,2024-12-30,2024-12-30T17:30:00,2024-12-30T18:00:00,4900,1150,6050
2024-12-30,2024-12-30,2024-12-30T18:00:00,2024-12-30T18:30:00,4873,1129,6002
2024-12-30,2024-12-30,2024-12-30T18:30:00,2024-12-30T19:00:00,4783,1084,5867
2024-12-30,2024-12-30,2024-12-30T19:00:00,2024-12-30T19:30:00,4454,1038,5492
2024-12-30,2024-12-30,2024-12-30T19:30:00,2024-12-30T20:00:00,4403,993,5396
2024-12-30,2024-12-30,2024-12-30T20:00:00,2024-12-30T20:30:00,4298,946,5244
2024-12-30,2024-12-30,2024-12-30T20:30:00,2024-12-30T21:00:00,4177,901,5078
2024-12-30,2024-12-30,2024-12-30T21:00:00,2024-12-30T21:30:00,4084,848,4932
2024-12-30,2024-12-30,2024-12-30T21:30:00,2024-12-30T22:00:00,3959,797,4756
2024-12-30,2024-12-30,2024-12-30T22:00:00,2024-12-30T22:30:00,3839,740,4579
2024-12-30,2024-12-30,2024-12-30T22:30:00,2024-12-30T23:00:00,3703,702,4405
2024-12-30,2024-12-31,2024-12-30T23:00:00,2024-12-30T23:30:00,3599,642,4241
2024-12-30,2024-12-31,2024-12-30T23:30:00,2024-12-31T00:00:00,3564,578,4142
2024-12-31,2024-12-31,2024-12-31T00:00:00,2024-12-31T00:30:00,3780,569,4349
2024-12-31,2024-12-31,2024-12-31T00:30:00,2024-12-31T01:00:00,3671,537,4208
2024-12-31,2024-12-31,2024-12-31T01:00:00,2024-12-31T01:30:00,3535,504,4039
2024-12-31,2024-12-31,2024-12-31T01:30:00,2024-12-31T02:00:00,3429,501,3930
2024-12-31,2024-12-31,2024-12-31T02:00:00,2024-12-31T02:30:00,3321,492,3813
2024-12-31,2024-12-31,2024-12-31T02:30:00,2024-12-31T03:00:00,3248,474,3722
2024-12-31,2024-12-31,2024-12-31T03:00:00,2024-12-31T03:30:00,3191,453,3644
2024-12-31,2024-12-31,2024-12-31T03:30:00,2024-12-31T04:00:00,3161,454,3615
2024-12-31,2024-12-31,2024-12-31T04:00:00,2024-12-31T04:30:00,3149,450,3599
2024-12-31,2024-12-31,2024-12-31T04:30:00,2024-12-31T05:00:00,3120,454,3574
2024-12-31,2024-12-31,2024-12-31T05:00:00,2024-12-31T05:30:00,3100,458,3558
2024-12-31,2024-12-31,2024-12-31T05:30:00,2024-12-31T06:00:00,3148,470,3618
2024-12-31,2024-12-31,2024-12-31T06:00:00,2024-12-31T06:30:00,3213,505,3718
2024-12-31,2024-12-31,2024-12-31T06:30:00,2024-12-31T07:00:00,3318,543,3861
2024-12-31,2024-12-31,2024-12-31T07:00:00,2024-12-31T07:30:00,3413,591,4004
2024-12-31,2024-12-31,2024-12-31T07:30:00,2024-12-31T08:00:00,3506,647,4153
2024-12-31,2024-12-31,2024-12-31T08:00:00,2024-12-31T08:30:00,3572,689,4261
2024-12-31,2024-12-31,2024-12-31T08:30:00,2024-12-31T09:00:00,3645,714,4359
2024-12-31,2024-12-31,2024-12-31T09:00:00,2024-12-31T09:30:00,3750,751,4501
2024-12-31,2024-12-31,2024-12-31T09:30:00,2024-12-31T10:00:00,3873,799,4672
2024-12-31,2024-12-31,2024-12-31T10:00:00,2024-12-31T10:30:00,3977,844,4821
2024-12-31,2024-12-31,2024-12-31T10:30:00,2024-12-31T11:00:00,4073,879,4952
2024-12-31,2024-12-31,2024-12-31T11:00:00,2024-12-31T11:30:00,4159,901,5060
2024-12-31,2024-12-31,2024-12-31T11:30:00,2024-12-31T12:00:00,4203,917,5120
2024-12-31,2024-12-31,2024-12-31T12:00:00,2024-12-31T12:30:00,4250,941,5191
2024-12-31,2024-12-31,2024-12-31T12:30:00,2024-12-31T13:00:00,4294,972,5266
2024-12-31,2024-12-31,2024-12-31T13:00:00,2024-12-31T13:30:00,4315,994,5309
2024-12-31,2024-12-31,2024-12-31T13:30:00,2024-12-31T14:00:00,4314,971,5285
2024-12-31,2024-12-31,2024-12-31T14:00:00,2024-12-31T14:30:00,4281,943,5224
2024-12-31,2024-12-31,2024-12-31T14:30:00,2024-12-31T15:00:00,4278,931,5209
2024-12-31,2024-12-31,2024-12-31T15:00:00,2024-12-31T15:30:00,4257,925,5182
2024-12-31,2024-12-31,2024-12-31T15:30:00,2024-12-31T16:00:00,4299,940,5239
2024-12-31,2024-12-31,2024-12-31T16:00:00,2024-12-31T16:30:00,4365,958,5323
2024-12-31,2024-12-31,2024-12-31T16:30:00,2024-12-31T17:00:00,4521,1048,5569
2024-12-31,2024-12-31,2024-12-31T17:00:00,2024-12-31T17:30:00,4679,1121,5800
2024-12-31,2024-12-31,2024-12-31T17:30:00,2024-12-31T18:00:00,4750,1150,5900
2024-12-31,2024-12-31,2024-12-31T18:00:00,2024-12-31T18:30:00,4713,1119,5832
2024-12-31,2024-12-31,2024-12-31T18:30:00,2024-12-31T19:00:00,4644,1056,5700
2024-12-31,2024-12-31,2024-12-31T19:00:00,2024-12-31T19:30:00,4539,992,5531
2024-12-31,2024-12-31,2024-12-31T19:30:00,2024-12-31T20:00:00,4414,930,5344
2024-12-31,2024-12-31,2024-12-31T20:00:00,2024-12-31T20:30:00,4304,883,5187
2024-12-31,2024-12-31,2024-12-31T20:30:00,2024-12-31T21:00:00,4213,832,5045
2024-12-31,2024-12-31,2024-12-31T21:00:00,2024-12-31T21:30:00,4125,783,4908
2024-12-31,2024-12-31,2024-12-31T21:30:00,2024-12-31T22:00:00,4020,741,4761
2024-12-31,2024-12-31,2024-12-31T22:00:00,2024-12-31T22:30:00,3922,705,4627
2024-12-31,2024-12-31,2024-12-31T22:30:00,2024-12-31T23:00:00,3875,667,4542
2024-12-31,2025-01-01,2024-12-31T23:00:00,2024-12-31T23:30:00,3850,639,4489
2024-12-31,2025-01-01,2024-12-31T23:30:00,2025-01-01T00:00:00,3918,604,4522
2025-01-01,2025-01-01,2025-01-01T00:00:00,2025-01-01T00:30:00,3562,549,4111
2025-01-01,2025-01-01,2025-01-01T00:30:00,2025-01-01T01:00:00,3489,517,4006
2025-01-01,2025-01-01,2025-01-01T01:00:00,2025-01-01T01:30:00,3421,507,3928
2025-01-01,2025-01-01,2025-01-01T01:30:00,2025-01-01T02:00:00,3344,522,3866
2025-01-01,2025-01-01,2025-01-01T02:00:00,2025-01-01T02:30:00,3265,504,3769
2025-01-01,2025-01-01,2025-01-01T02:30:00,2025-01-01T03:00:00,3246,494,3740
2025-01-01,2025-01-01,2025-01-01T03:00:00,2025-01-01T03:30:00,3162,486,3648
2025-01-01,2025-01-01,2025-01-01T03:30:00,2025-01-01T04:00:00,3107,479,3586
2025-01-01,2025-01-01,2025-01-01T04:00:00,2025-01-01T04:30:00,3044,481,3525
2025-01-01,2025-01-01,2025-01-01T04:30:00,2025-01-01T05:00:00,3000,478,3478
2025-01-01,2025-01-01,2025-01-01T05:00:00,2025-01-01T05:30:00,3014,488,3502
2025-01-01,2025-01-01,2025-01-01T05:30:00,2025-01-01T06:00:00,3001,505,3506
2025-01-01,2025-01-01,2025-01-01T06:00:00,2025-01-01T06:30:00,3042,535,3577
2025-01-01,2025-01-01,2025-01-01T06:30:00,2025-01-01T07:00:00,3088,578,3666
2025-01-01,2025-01-01,2025-01-01T07:00:00,2025-01-01T07:30:00,3112,623,3735
2025-01-01,2025-01-01,2025-01-01T07:30:00,2025-01-01T08:00:00,3187,677,3864
2025-01-01,2025-01-01,2025-01-01T08:00:00,2025-01-01T08:30:00,3201,739,3940
2025-01-01,2025-01-01,2025-01-01T08:30:00,2025-01-01T09:00:00,3209,781,3990
2025-01-01,2025-01-01,2025-01-01T09:00:00,2025-01-01T09:30:00,3278,837,4115
2025-01-01,2025-01-01,2025-01-01T09:30:00,2025-01-01T10:00:00,3400,893,4293
2025-01-01,2025-01-01,2025-01-01T10:00:00,2025-01-01T10:30:00,3532,910,4442
2025-01-01,2025-01-01,2025-01-01T10:30:00,2025-01-01T11:00:00,3653,941,4594
2025-01-01,2025-01-01,2025-01-01T11:00:00,2025-01-01T11:30:00,3763,970,4733
2025-01-01,2025-01-01,2025-01-01T11:30:00,2025-01-01T12:00:00,3867,994,4861
2025-01-01,2025-01-01,2025-01-01T12:00:00,2025-01-01T12:30:00,4000,1020,5020
2025-01-01,2025-01-01,2025-01-01T12:30:00,2025-01-01T13:00:00,4102,1051,5153
2025-01-01,2025-01-01,2025-01-01T13:00:00,2025-01-01T13:30:00,4192,1077,5269
2025-01-01,2025-01-01,2025-01-01T13:30:00,2025-01-01T14:00:00,4219,1073,5292
2025-01-01,2025-01-01,2025-01-01T14:00:00,2025-01-01T14:30:00,4263,1046,5309
2025-01-01,2025-01-01,2025-01-01T14:30:00,2025-01-01T15:00:00,4264,1031,5295
2025-01-01,2025-01-01,2025-01-01T15:00:00,2025-01-01T15:30:00,4253,1020,5273
2025-01-01,2025-01-01,2025-01-01T15:30:00,2025-01-01T16:00:00,4286,1008,5294
2025-01-01,2025-01-01,2025-01-01T16:00:00,2025-01-01T16:30:00,4316,1045,5361
2025-01-01,2025-01-01,2025-01-01T16:30:00,2025-01-01T17:00:00,4434,1076,5510
2025-01-01,2025-01-01,2025-01-01T17:00:00,2025-01-01T17:30:00,4529,1106,5635
2025-01-01,2025-01-01,2025-01-01T17:30:00,2025-01-01T18:00:00,4550,1102,5652
2025-01-01,2025-01-01,2025-01-01T18:00:00,2025-01-01T18:30:00,4500,1067,5567
2025-01-01,2025-01-01,2025-01-01T18:30:00,2025-01-01T19:00:00,4414,1032,5446
2025-01-01,2025-01-01,2025-01-01T19:00:00,2025-01-01T19:30:00,4334,996,5330
2025-01-01,2025-01-01,2025-01-01T19:30:00,2025-01-01T20:00:00,4207,973,5180
2025-01-01,2025-01-01,2025-01-01T20:00:00,2025-01-01T20:30:00,4122,963,5085
2025-01-01,2025-01-01,2025-01-01T20:30:00,2025-01-01T21:00:00,4026,939,4965
2025-01-01,2025-01-01,2025-01-01T21:00:00,2025-01-01T21:30:00,3908,952,4860
2025-01-01,2025-01-01,2025-01-01T21:30:00,2025-01-01T22:00:00,3764,909,4673
2025-01-01,2025-01-01,2025-01-01T22:00:00,2025-01-01T22:30:00,3636,873,4509
2025-01-01,2025-01-01,2025-01-01T22:30:00,2025-01-01T23:00:00,3548,834,4382
2025-01-01,2025-01-02,2025-01-01T23:00:00,2025-01-01T23:30:00,3459,804,4263
2025-01-01,2025-01-02,2025-01-01T23:30:00,2025-01-02T00:00:00,3417,754,4171
2025-01-02,2025-01-02,2025-01-02T00:00:00,2025-01-02T00:30:00,3547,698,4245
2025-01-02,2025-01-02,2025-01-02T00:30:00,2025-01-02T01:00:00,3498,660,4158
2025-01-02,2025-01-02,2025-01-02T01:00:00,2025-01-02T01:30:00,3402,649,4051
2025-01-02,2025-01-02,2025-01-02T01:30:00,2025-01-02T02:00:00,3328,666,3994
2025-01-02,2025-01-02,2025-01-02T02:00:00,2025-01-02T02:30:00,3306,640,3946
2025-01-02,2025-01-02,2025-01-02T02:30:00,2025-01-02T03:00:00,3307,629,3936
2025-01-02,2025-01-02,2025-01-02T03:00:00,2025-01-02T03:30:00,3249,618,3867
2025-01-02,2025-01-02,2025-01-02T03:30:00,2025-01-02T04:00:00,3234,609,3843
2025-01-02,2025-01-02,2025-01-02T04:00:00,2025-01-02T04:30:00,3217,604,3821
2025-01-02,2025-01-02,2025-01-02T04:30:00,2025-01-02T05:00:00,3200,601,3801
2025-01-02,2025-01-02,2025-01-02T05:00:00,2025-01-02T05:30:00,3235,602,3837
2025-01-02,2025-01-02,2025-01-02T05:30:00,2025-01-02T06:00:00,3273,622,3895
2025-01-02,2025-01-02,2025-01-02T06:00:00,2025-01-02T06:30:00,3375,655,4030
2025-01-02,2025-01-02,2025-01-02T06:30:00,2025-01-02T07:00:00,3557,712,4269
2025-01-02,2025-01-02,2025-01-02T07:00:00,2025-01-02T07:30:00,3715,770,4485
2025-01-02,2025-01-02,2025-01-02T07:30:00,2025-01-02T08:00:00,3898,843,4741
2025-01-02,2025-01-02,2025-01-02T08:00:00,2025-01-02T08:30:00,4032,893,4925
2025-01-02,2025-01-02,2025-01-02T08:30:00,2025-01-02T09:00:00,4160,940,5100
2025-01-02,2025-01-02,2025-01-02T09:00:00,2025-01-02T09:30:00,4258,978,5236
2025-01-02,2025-01-02,2025-01-02T09:30:00,2025-01-02T10:00:00,4354,1038,5392
2025-01-02,2025-01-02,2025-01-02T10:00:00,2025-01-02T10:30:00,4428,1044,5472
2025-01-02,2025-01-02,2025-01-02T10:30:00,2025-01-02T11:00:00,4499,1076,5575
2025-01-02,2025-01-02,2025-01-02T11:00:00,2025-01-02T11:30:00,4561,1085,5646
2025-01-02,2025-01-02,2025-01-02T11:30:00,2025-01-02T12:00:00,4606,1109,5715
2025-01-02,2025-01-02,2025-01-02T12:00:00,2025-01-02T12:30:00,4658,1123,5781
2025-01-02,2025-01-02,2025-01-02T12:30:00,2025-01-02T13:00:00,4697,1155,5852
2025-01-02,2025-01-02,2025-01-02T13:00:00,2025-01-02T13:30:00,4716,1141,5857
2025-01-02,2025-01-02,2025-01-02T13:30:00,2025-01-02T14:00:00,4701,1135,5836
2025-01-02,2025-01-02,2025-01-02T14:00:00,2025-01-02T14:30:00,4690,1098,5788
2025-01-02,2025-01-02,2025-01-02T14:30:00,2025-01-02T15:00:00,4664,1083,5747
2025-01-02,2025-01-02,2025-01-02T15:00:00,2025-01-02T15:30:00,4671,1063,5734
2025-01-02,2025-01-02,2025-01-02T15:30:00,2025-01-02T16:00:00,4680,1052,5732
2025-01-02,2025-01-02,2025-01-02T16:00:00,2025-01-02T16:30:00,4755,1077,5832
2025-01-02,2025-01-02,2025-01-02T16:30:00,2025-01-02T17:00:00,4847,1111,5958
2025-01-02,2025-01-02,2025-01-02T17:00:00,2025-01-02T17:30:00,5016,1175,6191
2025-01-02,2025-01-02,2025-01-02T17:30:00,2025-01-02T18:00:00,5100,1171,6271
2025-01-02,2025-01-02,2025-01-02T18:00:00,2025-01-02T18:30:00,5074,1151,6225
2025-01-02,2025-01-02,2025-01-02T18:30:00,2025-01-02T19:00:00,4986,1112,6098
2025-01-02,2025-01-02,2025-01-02T19:00:00,2025-01-02T19:30:00,4860,1081,5941
2025-01-02,2025-01-02,2025-01-02T19:30:00,2025-01-02T20:00:00,4810,1055,5865
2025-01-02,2025-01-02,2025-01-02T20:00:00,2025-01-02T20:30:00,4708,1029,5737
2025-01-02,2025-01-02,2025-01-02T20:30:00,2025-01-02T21:00:00,4590,1003,5593
2025-01-02,2025-01-02,2025-01-02T21:00:00,2025-01-02T21:30:00,4500,1023,5523
2025-01-02,2025-01-02,2025-01-02T21:30:00,2025-01-02T22:00:00,4378,976,5354
2025-01-02,2025-01-02,2025-01-02T22:00:00,2025-01-02T22:30:00,4262,945,5207
2025-01-02,2025-01-02,2025-01-02T22:30:00,2025-01-02T23:00:00,4128,901,5029
2024-12-29,2024-12-30,2024-12-29T23:00:00,2024-12-29T23:30:00,3580,648,4228
2024-12-29,2024-12-30,2024-12-29T23:30:00,2024-12-30T00:00:00,3543,606,4149
2024-12-30,2024-12-30,2024-12-30T00:00:00,2024-12-30T00:30:00,3307,579,3886
2024-12-30,2024-12-30,2024-12-30T00:30:00,2024-12-30T01:00:00,3256,539,3795
2024-12-30,2024-12-30,2024-12-30T01:00:00,2024-12-30T01:30:00,3157,506,3663
2024-12-30,2024-12-30,2024-12-30T01:30:00,2024-12-30T02:00:00,3081,517,3598
2024-12-30,2024-12-30,2024-12-30T02:00:00,2024-12-30T02:30:00,3058,495,3553
2024-12-30,2024-12-30,2024-12-30T02:30:00,2024-12-30T03:00:00,3060,483,3543
2024-12-30,2024-12-30,2024-12-30T03:00:00,2024-12-30T03:30:00,3001,470,3471
2024-12-30,2024-12-30,2024-12-30T03:30:00,2024-12-30T04:00:00,2984,458,3442
2024-12-30,2024-12-30,2024-12-30T04:00:00,2024-12-30T04:30:00,2968,456,3424
2024-12-30,2024-12-30,2024-12-30T04:30:00,2024-12-30T05:00:00,2950,457,3407
2024-12-30,2024-12-30,2024-12-30T05:00:00,2024-12-30T05:30:00,2986,451,3437
2024-12-30,2024-12-30,2024-12-30T05:30:00,2024-12-30T06:00:00,3025,450,3475
2024-12-30,2024-12-30,2024-12-30T06:00:00,2024-12-30T06:30:00,3130,486,3616
2024-12-30,2024-12-30,2024-12-30T06:30:00,2024-12-30T07:00:00,3317,526,3843
2024-12-30,2024-12-30,2024-12-30T07:00:00,2024-12-30T07:30:00,3479,571,4050
2024-12-30,2024-12-30,2024-12-30T07:30:00,2024-12-30T08:00:00,3666,617,4283
2024-12-30,2024-12-30,2024-12-30T08:00:00,2024-12-30T08:30:00,3804,659,4463
2024-12-30,2024-12-30,2024-12-30T08:30:00,2024-12-30T09:00:00,3935,699,4634
2024-12-30,2024-12-30,2024-12-30T09:00:00,2024-12-30T09:30:00,4035,753,4788
2024-12-30,2024-12-30,2024-12-30T09:30:00,2024-12-30T10:00:00,4135,802,4937
2024-12-30,2024-12-30,2024-12-30T10:00:00,2024-12-30T10:30:00,4210,847,5057
2024-12-30,2024-12-30,2024-12-30T10:30:00,2024-12-30T11:00:00,4283,866,5149
2024-12-30,2024-12-30,2024-12-30T11:00:00,2024-12-30T11:30:00,4347,908,5255
2024-12-30,2024-12-30,2024-12-30T11:30:00,2024-12-30T12:00:00,4393,913,5306
2024-12-30,2024-12-30,2024-12-30T12:00:00,2024-12-30T12:30:00,4447,922,5369
2024-12-30,2024-12-30,2024-12-30T12:30:00,2024-12-30T13:00:00,4486,924,5410
2024-12-30,2024-12-30,2024-12-30T13:00:00,2024-12-30T13:30:00,4506,922,5428
2024-12-30,2024-12-30,2024-12-30T13:30:00,2024-12-30T14:00:00,4491,911,5402
2024-12-30,2024-12-30,2024-12-30T14:00:00,2024-12-30T14:30:00,4479,889,5368
2024-12-30,2024-12-30,2024-12-30T14:30:00,2024-12-30T15:00:00,4452,877,5329
2024-12-30,2024-12-30,2024-12-30T15:00:00,2024-12-30T15:30:00,4460,879,5339
2024-12-30,2024-12-30,2024-12-30T15:30:00,2024-12-30T16:00:00,4469,893,5362
2024-12-30,2024-12-30,2024-12-30T16:00:00,2024-12-30T16:30:00,4546,938,5484
2024-12-30,2024-12-30,2024-12-30T16:30:00,2024-12-30T17:00:00,4640,1037,5677
2024-12-30,2024-12-30,2024-12-30T17:00:00,2024-12-30T17:30:00,4814,1121,5935
2024-12-30,2024-12-30,2024-12-30T17:30:00,2024-12-30T18:00:00,4900,1150,6050
2024-12-30,2024-12-30,2024-12-30T18:00:00,2024-12-30T18:30:00,4673,1129,5802
2024-12-30,2024-12-30,2024-12-30T18:30:00,2024-12-30T19:00:00,4583,1084,5667
2024-12-30,2024-12-30,2024-12-30T19:00:00,2024-12-30T19:30:00,4454,1038,5492
2024-12-30,2024-12-30,2024-12-30T19:30:00,2024-12-30T20:00:00,4403,993,5396
2024-12-30,2024-12-30,2024-12-30T20:00:00,2024-12-30T20:30:00,4298,946,5244
2024-12-30,2024-12-30,2024-12-30T20:30:00,2024-12-30T21:00:00,4177,901,5078
2024-12-30,2024-12-30,2024-12-30T21:00:00,2024-12-30T21:30:00,4084,848,4932
2024-12-30,2024-12-30,2024-12-30T21:30:00,2024-12-30T22:00:00,3959,797,4756
2024-12-30,2024-12-30,2024-12-30T22:00:00,2024-12-30T22:30:00,3839,740,4579
2024-12-30,2024-12-30,2024-12-30T22:30:00,2024-12-30T23:00:00,3703,702,4405
2024-12-30,2024-12-31,2024-12-30T23:00:00,2024-12-30T23:30:00,3599,642,4241
2024-12-30,2024-12-31,2024-12-30T23:30:00,2024-12-31T00:00:00,3564,578,4142
2024-12-31,2024-12-31,2024-12-31T00:00:00,2024-12-31T00:30:00,3780,569,4349
2024-12-31,2024-12-31,2024-12-31T00:30:00,2024-12-31T01:00:00,3671,537,4208
2024-12-31,2024-12-31,2024-12-31T01:00:00,2024-12-31T01:30:00,3535,504,4039
2024-12-31,2024-12-31,2024-12-31T01:30:00,2024-12-31T02:00:00,3429,501,3930
2024-12-31,2024-12-31,2024-12-31T02:00:00,2024-12-31T02:30:00,3321,492,3813
2024-12-31,2024-12-31,2024-12-31T02:30:00,2024-12-31T03:00:00,3248,474,3722
2024-12-31,2024-12-31,2024-12-31T03:00:00,2024-12-31T03:30:00,3191,453,3644
2024-12-31,2024-12-31,2024-12-31T03:30:00,2024-12-31T04:00:00,3161,454,3615
2024-12-31,2024-12-31,2024-12-31T04:00:00,2024-12-31T04:30:00,3149,450,3599
2024-12-31,2024-12-31,2024-12-31T04:30:00,2024-12-31T05:00:00,3120,454,3574
2024-12-31,2024-12-31,2024-12-31T05:00:00,2024-12-31T05:30:00,3100,458,3558
2024-12-31,2024-12-31,2024-12-31T05:30:00,2024-12-31T06:00:00,3148,470,3618
2024-12-31,2024-12-31,2024-12-31T06:00:00,2024-12-31T06:30:00,3213,505,3718
2024-12-31,2024-12-31,2024-12-31T06:30:00,2024-12-31T07:00:00,3318,543,3861
2024-12-31,2024-12-31,2024-12-31T07:00:00,2024-12-31T07:30:00,3413,591,4004
2024-12-31,2024-12-31,2024-12-31T07:30:00,2024-12-31T08:00:00,3506,647,4153
2024-12-31,2024-12-31,2024-12-31T08:00:00,2024-12-31T08:30:00,3572,689,4261
2024-12-31,2024-12-31,2024-12-31T08:30:00,2024-12-31T09:00:00,3645,714,4359
2024-12-31,2024-12-31,2024-12-31T09:00:00,2024-12-31T09:30:00,3750,751,4501
2024-12-31,2024-12-31,2024-12-31T09:30:00,2024-12-31T10:00:00,3873,799,4672
2024-12-31,2024-12-31,2024-12-31T10:00:00,2024-12-31T10:30:00,3977,844,4821
2024-12-31,2024-12-31,2024-12-31T10:30:00,2024-12-31T11:00:00,4073,879,4952
2024-12-31,2024-12-31,2024-12-31T11:00:00,2024-12-31T11:30:00,4159,901,5060
2024-12-31,2024-12-31,2024-12-31T11:30:00,2024-12-31T12:00:00,4203,917,5120
2024-12-31,2024-12-31,2024-12-31T12:00:00,2024-12-31T12:30:00,4250,941,5191
2024-12-31,2024-12-31,2024-12-31T12:30:00,2024-12-31T13:00:00,4294,972,5266
2024-12-31,2024-12-31,2024-12-31T13:00:00,2024-12-31T13:30:00,4315,994,5309
2024-12-31,2024-12-31,2024-12-31T13:30:00,2024-12-31T14:00:00,4314,971,5285
2024-12-31,2024-12-31,2024-12-31T14:00:00,2024-12-31T14:30:00,4281,943,5224
2024-12-31,2024-12-31,2024-12-31T14:30:00,2024-12-31T15:00:00,4278,931,5209
2024-12-31,2024-12-31,2024-12-31T15:00:00,2024-12-31T15:30:00,4257,925,5182
2024-12-31,2024-12-31,2024-12-31T15:30:00,2024-12-31T16:00:00,4299,940,5239
2024-12-31,2024-12-31,2024-12-31T16:00:00,2024-12-31T16:30:00,4365,958,5323
2024-12-31,2024-12-31,2024-12-31T16:30:00,2024-12-31T17:00:00,4521,1048,5569
2024-12-31,2024-12-31,2024-12-31T17:00:00,2024-12-31T17:30:00,4679,1121,5800
2024-12-31,2024-12-31,2024-12-31T17:30:00,2024-12-31T18:00:00,4750,1150,5900
2024-12-31,2024-12-31,2024-12-31T18:00:00,2024-12-31T18:30:00,4713,1119,5832
2024-12-31,2024-12-31,2024-12-31T18:30:00,2024-12-31T19:00:00,4644,1056,5700
2024-12-31,2024-12-31,2024-12-31T19:00:00,2024-12-31T19:30:00,4539,992,5531
2024-12-31,2024-12-31,2024-12-31T19:30:00,2024-12-31T20:00:00,4414,930,5344
2024-12-31,2024-12-31,2024-12-31T20:00:00,2024-12-31T20:30:00,4304,883,5187
2024-12-31,2024-12-31,2024-12-31T20:30:00,2024-12-31T21:00:00,4213,832,5045
2024-12-31,2024-12-31,2024-12-31T21:00:00,2024-12-31T21:30:00,4125,783,4908
2024-12-31,2024-12-31,2024-12-31T21:30:00,2024-12-31T22:00:00,4020,741,4761
2024-12-31,2024-12-31,2024-12-31T22:00:00,2024-12-31T22:30:00,3922,705,4627
2024-12-31,2024-12-31,2024-12-31T22:30:00,2024-12-31T23:00:00,3875,667,4542
2024-12-31,2025-01-01,2024-12-31T23:00:00,2024-12-31T23:30:00,3850,639,4489
2024-12-31,2025-01-01,2024-12-31T23:30:00,2025-01-01T00:00:00,3918,604,4522
2025-01-01,2025-01-01,2025-01-01T00:00:00,2025-01-01T00:30:00,3562,547,4109
2025-01-01,2025-01-01,2025-01-01T00:30:00,2025-01-01T01:00:00,3489,516,4005
2025-01-01,2025-01-01,2025-01-01T01:00:00,2025-01-01T01:30:00,3421,506,3927
2025-01-01,2025-01-01,2025-01-01T01:30:00,2025-01-01T02:00:00,3344,521,3865
2025-01-01,2025-01-01,2025-01-01T02:00:00,2025-01-01T02:30:00,3265,504,3769
2025-01-01,2025-01-01,2025-01-01T02:30:00,2025-01-01T03:00:00,3246,494,3740
2025-01-01,2025-01-01,2025-01-01T03:00:00,2025-01-01T03:30:00,3162,483,3645
2025-01-01,2025-01-01,2025-01-01T03:30:00,2025-01-01T04:00:00,3107,476,3583
2025-01-01,2025-01-01,2025-01-01T04:00:00,2025-01-01T04:30:00,3044,480,3524
2025-01-01,2025-01-01,2025-01-01T04:30:00,2025-01-01T05:00:00,3000,477,3477
2025-01-01,2025-01-01,2025-01-01T05:00:00,2025-01-01T05:30:00,3014,489,3503
2025-01-01,2025-01-01,2025-01-01T05:30:00,2025-01-01T06:00:00,3001,506,3507
2025-01-01,2025-01-01,2025-01-01T06:00:00,2025-01-01T06:30:00,3042,548,3590
2025-01-01,2025-01-01,2025-01-01T06:30:00,2025-01-01T07:00:00,3088,592,3680
2025-01-01,2025-01-01,2025-01-01T07:00:00,2025-01-01T07:30:00,3112,623,3735
2025-01-01,2025-01-01,2025-01-01T07:30:00,2025-01-01T08:00:00,3187,677,3864
2025-01-01,2025-01-01,2025-01-01T08:00:00,2025-01-01T08:30:00,3201,736,3937
2025-01-01,2025-01-01,2025-01-01T08:30:00,2025-01-01T09:00:00,3209,778,3987
2025-01-01,2025-01-01,2025-01-01T09:00:00,2025-01-01T09:30:00,3278,837,4115
2025-01-01,2025-01-01,2025-01-01T09:30:00,2025-01-01T10:00:00,3400,893,4293
2025-01-01,2025-01-01,2025-01-01T10:00:00,2025-01-01T10:30:00,3532,907,4439
2025-01-01,2025-01-01,2025-01-01T10:30:00,2025-01-01T11:00:00,3653,939,4592
2025-01-01,2025-01-01,2025-01-01T11:00:00,2025-01-01T11:30:00,3763,967,4730
2025-01-01,2025-01-01,2025-01-01T11:30:00,2025-01-01T12:00:00,3867,991,4858
2025-01-01,2025-01-01,2025-01-01T12:00:00,2025-01-01T12:30:00,4000,1019,5019
2025-01-01,2025-01-01,2025-01-01T12:30:00,2025-01-01T13:00:00,4102,1050,5152
2025-01-01,2025-01-01,2025-01-01T13:00:00,2025-01-01T13:30:00,4192,1073,5265
2025-01-01,2025-01-01,2025-01-01T13:30:00,2025-01-01T14:00:00,4219,1068,5287
2025-01-01,2025-01-01,2025-01-01T14:00:00,2025-01-01T14:30:00,4263,1043,5306
2025-01-01,2025-01-01,2025-01-01T14:30:00,2025-01-01T15:00:00,4264,1028,5292
2025-01-01,2025-01-01,2025-01-01T15:00:00,2025-01-01T15:30:00,4253,1020,5273
2025-01-01,2025-01-01,2025-01-01T15:30:00,2025-01-01T16:00:00,4286,1008,5294
2025-01-01,2025-01-01,2025-01-01T16:00:00,2025-01-01T16:30:00,4316,1022,5338
2025-01-01,2025-01-01,2025-01-01T16:30:00,2025-01-01T17:00:00,4434,1052,5486
2025-01-01,2025-01-01,2025-01-01T17:00:00,2025-01-01T17:30:00,4529,1095,5624
2025-01-01,2025-01-01,2025-01-01T17:30:00,2025-01-01T18:00:00,4550,1090,5640
2025-01-01,2025-01-01,2025-01-01T18:00:00,2025-01-01T18:30:00,4500,1065,5565
2025-01-01,2025-01-01,2025-01-01T18:30:00,2025-01-01T19:00:00,4414,1030,5444
2025-01-01,2025-01-01,2025-01-01T19:00:00,2025-01-01T19:30:00,4334,992,5326
2025-01-01,2025-01-01,2025-01-01T19:30:00,2025-01-01T20:00:00,4207,969,5176
2025-01-01,2025-01-01,2025-01-01T20:00:00,2025-01-01T20:30:00,4122,959,5081
2025-01-01,2025-01-01,2025-01-01T20:30:00,2025-01-01T21:00:00,4026,935,4961
2025-01-01,2025-01-01,2025-01-01T21:00:00,2025-01-01T21:30:00,3908,949,4857
2025-01-01,2025-01-01,2025-01-01T21:30:00,2025-01-01T22:00:00,3764,906,4670
2025-01-01,2025-01-01,2025-01-01T22:00:00,2025-01-01T22:30:00,3636,867,4503
2025-01-01,2025-01-01,2025-01-01T22:30:00,2025-01-01T23:00:00,3548,828,4376
2025-01-01,2025-01-02,2025-01-01T23:00:00,2025-01-01T23:30:00,3459,804,4263
2025-01-01,2025-01-02,2025-01-01T23:30:00,2025-01-02T00:00:00,3417,754,4171
2025-01-02,2025-01-02,2025-01-02T00:00:00,2025-01-02T00:30:00,3547,698,4245
2025-01-02,2025-01-02,2025-01-02T00:30:00,2025-01-02T01:00:00,3498,660,4158
2025-01-02,2025-01-02,2025-01-02T01:00:00,2025-01-02T01:30:00,3402,648,4050
2025-01-02,2025-01-02,2025-01-02T01:30:00,2025-01-02T02:00:00,3328,666,3994
2025-01-02,2025-01-02,2025-01-02T02:00:00,2025-01-02T02:30:00,3306,639,3945
2025-01-02,2025-01-02,2025-01-02T02:30:00,2025-01-02T03:00:00,3307,629,3936
2025-01-02,2025-01-02,2025-01-02T03:00:00,2025-01-02T03:30:00,3249,617,3866
2025-01-02,2025-01-02,2025-01-02T03:30:00,2025-01-02T04:00:00,3234,608,3842
2025-01-02,2025-01-02,2025-01-02T04:00:00,2025-01-02T04:30:00,3217,604,3821
2025-01-02,2025-01-02,2025-01-02T04:30:00,2025-01-02T05:00:00,3200,601,3801
2025-01-02,2025-01-02,2025-01-02T05:00:00,2025-01-02T05:30:00,3235,599,3834
2025-01-02,2025-01-02,2025-01-02T05:30:00,2025-01-02T06:00:00,3273,619,3892
2025-01-02,2025-01-02,2025-01-02T06:00:00,2025-01-02T06:30:00,3375,652,4027
2025-01-02,2025-01-02,2025-01-02T06:30:00,2025-01-02T07:00:00,3557,708,4265
2025-01-02,2025-01-02,2025-01-02T07:00:00,2025-01-02T07:30:00,3715,766,4481
2025-01-02,2025-01-02,2025-01-02T07:30:00,2025-01-02T08:00:00,3898,839,4737
2025-01-02,2025-01-02,2025-01-02T08:00:00,2025-01-02T08:30:00,4032,889,4921
2025-01-02,2025-01-02,2025-01-02T08:30:00,2025-01-02T09:00:00,4160,935,5095
2025-01-02,2025-01-02,2025-01-02T09:00:00,2025-01-02T09:30:00,4258,977,5235
2025-01-02,2025-01-02,2025-01-02T09:30:00,2025-01-02T10:00:00,4354,1037,5391
2025-01-02,2025-01-02,2025-01-02T10:00:00,2025-01-02T10:30:00,4428,1039,5467
2025-01-02,2025-01-02,2025-01-02T10:30:00,2025-01-02T11:00:00,4499,1070,5569
2025-01-02,2025-01-02,2025-01-02T11:00:00,2025-01-02T11:30:00,4561,1084,5645
2025-01-02,2025-01-02,2025-01-02T11:30:00,2025-01-02T12:00:00,4606,1108,5714
2025-01-02,2025-01-02,2025-01-02T12:00:00,2025-01-02T12:30:00,4658,1101,5759
2025-01-02,2025-01-02,2025-01-02T12:30:00,2025-01-02T13:00:00,4697,1133,5830
2025-01-02,2025-01-02,2025-01-02T13:00:00,2025-01-02T13:30:00,4716,1140,5856
2025-01-02,2025-01-02,2025-01-02T13:30:00,2025-01-02T14:00:00,4701,1134,5835
2025-01-02,2025-01-02,2025-01-02T14:00:00,2025-01-02T14:30:00,4690,1095,5785
2025-01-02,2025-01-02,2025-01-02T14:30:00,2025-01-02T15:00:00,4664,1080,5744
2025-01-02,2025-01-02,2025-01-02T15:00:00,2025-01-02T15:30:00,4671,1062,5733
2025-01-02,2025-01-02,2025-01-02T15:30:00,2025-01-02T16:00:00,4680,1051,5731
2025-01-02,2025-01-02,2025-01-02T16:00:00,2025-01-02T16:30:00,4755,1077,5832
2025-01-02,2025-01-02,2025-01-02T16:30:00,2025-01-02T17:00:00,4847,1110,5957
2025-01-02,2025-01-02,2025-01-02T17:00:00,2025-01-02T17:30:00,5016,1167,6183
2025-01-02,2025-01-02,2025-01-02T17:30:00,2025-01-02T18:00:00,5100,1163,6263
2025-01-02,2025-01-02,2025-01-02T18:00:00,2025-01-02T18:30:00,5074,1147,6221
2025-01-02,2025-01-02,2025-01-02T18:30:00,2025-01-02T19:00:00,4986,1109,6095
2025-01-02,2025-01-02,2025-01-02T19:00:00,2025-01-02T19:30:00,4860,1074,5934
2025-01-02,2025-01-02,2025-01-02T19:30:00,2025-01-02T20:00:00,4810,1048,5858
2025-01-02,2025-01-02,2025-01-02T20:00:00,2025-01-02T20:30:00,4708,1027,5735
2025-01-02,2025-01-02,2025-01-02T20:30:00,2025-01-02T21:00:00,4590,1001,5591
2025-01-02,2025-01-02,2025-01-02T21:00:00,2025-01-02T21:30:00,4500,1018,5518
2025-01-02,2025-01-02,2025-01-02T21:30:00,2025-01-02T22:00:00,4378,971,5349
2025-01-02,2025-01-02,2025-01-02T22:00:00,2025-01-02T22:30:00,4262,940,5202
2025-01-02,2025-01-02,2025-01-02T22:30:00,2025-01-02T23:00:00,4128,897,5025
2024-12-29,2024-12-30,2024-12-29T23:00:00,2024-12-29T23:30:00,3580,648,4228
2024-12-29,2024-12-30,2024-12-29T23:30:00,2024-12-30T00:00:00,3543,606,4149
2024-12-30,2024-12-30,2024-12-30T00:00:00,2024-12-30T00:30:00,3307,579,3886
2024-12-30,2024-12-30,2024-12-30T00:30:00,2024-12-30T01:00:00,3256,539,3795
2024-12-30,2024-12-30,2024-12-30T01:00:00,2024-12-30T01:30:00,3157,506,3663
2024-12-30,2024-12-30,2024-12-30T01:30:00,2024-12-30T02:00:00,3081,517,3598
2024-12-30,2024-12-30,2024-12-30T02:00:00,2024-12-30T02:30:00,3058,495,3553
2024-12-30,2024-12-30,2024-12-30T02:30:00,2024-12-30T03:00:00,3060,483,3543
2024-12-30,2024-12-30,2024-12-30T03:00:00,2024-12-30T03:30:00,3001,470,3471
2024-12-30,2024-12-30,2024-12-30T03:30:00,2024-12-30T04:00:00,2984,458,3442
2024-12-30,2024-12-30,2024-12-30T04:00:00,2024-12-30T04:30:00,2968,456,3424
2024-12-30,2024-12-30,2024-12-30T04:30:00,2024-12-30T05:00:00,2950,457,3407
2024-12-30,2024-12-30,2024-12-30T05:00:00,2024-12-30T05:30:00,2986,451,3437
2024-12-30,2024-12-30,2024-12-30T05:30:00,2024-12-30T06:00:00,3025,450,3475
2024-12-30,2024-12-30,2024-12-30T06:00:00,2024-12-30T06:30:00,3130,486,3616
2024-12-30,2024-12-30,2024-12-30T06:30:00,2024-12-30T07:00:00,3317,526,3843
2024-12-30,2024-12-30,2024-12-30T07:00:00,2024-12-30T07:30:00,3479,571,4050
2024-12-30,2024-12-30,2024-12-30T07:30:00,2024-12-30T08:00:00,3666,617,4283
2024-12-30,2024-12-30,2024-12-30T08:00:00,2024-12-30T08:30:00,3804,659,4463
2024-12-30,2024-12-30,2024-12-30T08:30:00,2024-12-30T09:00:00,3935,699,4634
2024-12-30,2024-12-30,2024-12-30T09:00:00,2024-12-30T09:30:00,4035,753,4788
2024-12-30,2024-12-30,2024-12-30T09:30:00,2024-12-30T10:00:00,4135,802,4937
2024-12-30,2024-12-30,2024-12-30T10:00:00,2024-12-30T10:30:00,4210,847,5057
2024-12-30,2024-12-30,2024-12-30T10:30:00,2024-12-30T11:00:00,4283,866,5149
2024-12-30,2024-12-30,2024-12-30T11:00:00,2024-12-30T11:30:00,4347,908,5255
2024-12-30,2024-12-30,2024-12-30T11:30:00,2024-12-30T12:00:00,4393,913,5306
2024-12-30,2024-12-30,2024-12-30T12:00:00,2024-12-30T12:30:00,4447,922,5369
2024-12-30,2024-12-30,2024-12-30T12:30:00,2024-12-30T13:00:00,4486,924,5410
2024-12-30,2024-12-30,2024-12-30T13:00:00,2024-12-30T13:30:00,4506,922,5428
2024-12-30,2024-12-30,2024-12-30T13:30:00,2024-12-30T14:00:00,4491,911,5402
2024-12-30,2024-12-30,2024-12-30T14:00:00,2024-12-30T14:30:00,4479,889,5368
2024-12-30,2024-12-30,2024-12-30T14:30:00,2024-12-30T15:00:00,4452,877,5329
2024-12-30,2024-12-30,2024-12-30T15:00:00,2024-12-30T15:30:00,4460,879,5339
2024-12-30,2024-12-30,2024-12-30T15:30:00,2024-12-30T16:00:00,4469,893,5362
2024-12-30,2024-12-30,2024-12-30T16:00:00,2024-12-30T16:30:00,4546,938,5484
2024-12-30,2024-12-30,2024-12-30T16:30:00,2024-12-30T17:00:00,4640,1037,5677
2024-12-30,2024-12-30,2024-12-30T17:00:00,2024-12-30T17:30:00,4614,1121,5735
2024-12-30,2024-12-30,2024-12-30T17:30:00,2024-12-30T18:00:00,4700,1150,5850
2024-12-30,2024-12-30,2024-12-30T18:00:00,2024-12-30T18:30:00,4673,1129,5802
2024-12-30,2024-12-30,2024-12-30T18:30:00,2024-12-30T19:00:00,4583,1084,5667
2024-12-30,2024-12-30,2024-12-30T19:00:00,2024-12-30T19:30:00,4454,1038,5492
2024-12-30,2024-12-30,2024-12-30T19:30:00,2024-12-30T20:00:00,4403,993,5396
2024-12-30,2024-12-30,2024-12-30T20:00:00,2024-12-30T20:30:00,4298,946,5244
2024-12-30,2024-12-30,2024-12-30T20:30:00,2024-12-30T21:00:00,4177,901,5078
2024-12-30,2024-12-30,2024-12-30T21:00:00,2024-12-30T21:30:00,4084,848,4932
2024-12-30,2024-12-30,2024-12-30T21:30:00,2024-12-30T22:00:00,3959,797,4756
2024-12-30,2024-12-30,2024-12-30T22:00:00,2024-12-30T22:30:00,3839,740,4579
2024-12-30,2024-12-30,2024-12-30T22:30:00,2024-12-30T23:00:00,3703,702,4405
2024-12-30,2024-12-31,2024-12-30T23:00:00,2024-12-30T23:30:00,3599,642,4241
2024-12-30,2024-12-31,2024-12-30T23:30:00,2024-12-31T00:00:00,3564,578,4142
2024-12-31,2024-12-31,2024-12-31T00:00:00,2024-12-31T00:30:00,3780,569,4349
2024-12-31,2024-12-31,2024-12-31T00:30:00,2024-12-31T01:00:00,3671,537,4208
2024-12-31,2024-12-31,2024-12-31T01:00:00,2024-12-31T01:30:00,3535,504,4039
2024-12-31,2024-12-31,2024-12-31T01:30:00,2024-12-31T02:00:00,3429,501,3930
2024-12-31,2024-12-31,2024-12-31T02:00:00,2024-12-31T02:30:00,3321,492,3813
2024-12-31,2024-12-31,2024-12-31T02:30:00,2024-12-31T03:00:00,3248,474,3722
2024-12-31,2024-12-31,2024-12-31T03:00:00,2024-12-31T03:30:00,3191,453,3644
2024-12-31,2024-12-31,2024-12-31T03:30:00,2024-12-31T04:00:00,3161,454,3615
2024-12-31,2024-12-31,2024-12-31T04:00:00,2024-12-31T04:30:00,3149,450,3599
2024-12-31,2024-12-31,2024-12-31T04:30:00,2024-12-31T05:00:00,3120,454,3574
2024-12-31,2024-12-31,2024-12-31T05:00:00,2024-12-31T05:30:00,3100,458,3558
2024-12-31,2024-12-31,2024-12-31T05:30:00,2024-12-31T06:00:00,3148,470,3618
2024-12-31,2024-12-31,2024-12-31T06:00:00,2024-12-31T06:30:00,3213,505,3718
2024-12-31,2024-12-31,2024-12-31T06:30:00,2024-12-31T07:00:00,3318,543,3861
2024-12-31,2024-12-31,2024-12-31T07:00:00,2024-12-31T07:30:00,3413,591,4004
2024-12-31,2024-12-31,2024-12-31T07:30:00,2024-12-31T08:00:00,3506,647,4153
2024-12-31,2024-12-31,2024-12-31T08:00:00,2024-12-31T08:30:00,3572,689,4261
2024-12-31,2024-12-31,2024-12-31T08:30:00,2024-12-31T09:00:00,3645,714,4359
2024-12-31,2024-12-31,2024-12-31T09:00:00,2024-12-31T09:30:00,3750,751,4501
2024-12-31,2024-12-31,2024-12-31T09:30:00,2024-12-31T10:00:00,3873,799,4672
2024-12-31,2024-12-31,2024-12-31T10:00:00,2024-12-31T10:30:00,3977,844,4821
2024-12-31,2024-12-31,2024-12-31T10:30:00,2024-12-31T11:00:00,4073,879,4952
2024-12-31,2024-12-31,2024-12-31T11:00:00,2024-12-31T11:30:00,4159,901,5060
2024-12-31,2024-12-31,2024-12-31T11:30:00,2024-12-31T12:00:00,4203,917,5120
2024-12-31,2024-12-31,2024-12-31T12:00:00,2024-12-31T12:30:00,4250,941,5191
2024-12-31,2024-12-31,2024-12-31T12:30:00,2024-12-31T13:00:00,4294,972,5266
2024-12-31,2024-12-31,2024-12-31T13:00:00,2024-12-31T13:30:00,4315,994,5309
2024-12-31,2024-12-31,2024-12-31T13:30:00,2024-12-31T14:00:00,4314,971,5285
2024-12-31,2024-12-31,2024-12-31T14:00:00,2024-12-31T14:30:00,4281,943,5224
2024-12-31,2024-12-31,2024-12-31T14:30:00,2024-12-31T15:00:00,4278,931,5209
2024-12-31,2024-12-31,2024-12-31T15:00:00,2024-12-31T15:30:00,4257,925,5182
2024-12-31,2024-12-31,2024-12-31T15:30:00,2024-12-31T16:00:00,4299,940,5239
2024-12-31,2024-12-31,2024-12-31T16:00:00,2024-12-31T16:30:00,4365,958,5323
2024-12-31,2024-12-31,2024-12-31T16:30:00,2024-12-31T17:00:00,4521,1048,5569
2024-12-31,2024-12-31,2024-12-31T17:00:00,2024-12-31T17:30:00,4679,1121,5800
2024-12-31,2024-12-31,2024-12-31T17:30:00,2024-12-31T18:00:00,4750,1150,5900
2024-12-31,2024-12-31,2024-12-31T18:00:00,2024-12-31T18:30:00,4713,1119,5832
2024-12-31,2024-12-31,2024-12-31T18:30:00,2024-12-31T19:00:00,4644,1056,5700
2024-12-31,2024-12-31,2024-12-31T19:00:00,2024-12-31T19:30:00,4539,992,5531
2024-12-31,2024-12-31,2024-12-31T19:30:00,2024-12-31T20:00:00,4414,930,5344
2024-12-31,2024-12-31,2024-12-31T20:00:00,2024-12-31T20:30:00,4304,883,5187
2024-12-31,2024-12-31,2024-12-31T20:30:00,2024-12-31T21:00:00,4213,832,5045
2024-12-31,2024-12-31,2024-12-31T21:00:00,2024-12-31T21:30:00,4125,783,4908
2024-12-31,2024-12-31,2024-12-31T21:30:00,2024-12-31T22:00:00,4020,741,4761
2024-12-31,2024-12-31,2024-12-31T22:00:00,2024-12-31T22:30:00,3922,705,4627
2024-12-31,2024-12-31,2024-12-31T22:30:00,2024-12-31T23:00:00,3875,667,4542
2024-12-31,2025-01-01,2024-12-31T23:00:00,2024-12-31T23:30:00,3850,639,4489
2024-12-31,2025-01-01,2024-12-31T23:30:00,2025-01-01T00:00:00,3918,604,4522
2025-01-01,2025-01-01,2025-01-01T00:00:00,2025-01-01T00:30:00,3562,547,4109
2025-01-01,2025-01-01,2025-01-01T00:30:00,2025-01-01T01:00:00,3489,516,4005
2025-01-01,2025-01-01,2025-01-01T01:00:00,2025-01-01T01:30:00,3421,506,3927
2025-01-01,2025-01-01,2025-01-01T01:30:00,2025-01-01T02:00:00,3344,521,3865
2025-01-01,2025-01-01,2025-01-01T02:00:00,2025-01-01T02:30:00,3265,504,3769
2025-01-01,2025-01-01,2025-01-01T02:30:00,2025-01-01T03:00:00,3246,494,3740
2025-01-01,2025-01-01,2025-01-01T03:00:00,2025-01-01T03:30:00,3162,483,3645
2025-01-01,2025-01-01,2025-01-01T03:30:00,2025-01-01T04:00:00,3107,476,3583
2025-01-01,2025-01-01,2025-01-01T04:00:00,2025-01-01T04:30:00,3044,480,3524
2025-01-01,2025-01-01,2025-01-01T04:30:00,2025-01-01T05:00:00,3000,477,3477
2025-01-01,2025-01-01,2025-01-01T05:00:00,2025-01-01T05:30:00,3014,489,3503
2025-01-01,2025-01-01,2025-01-01T05:30:00,2025-01-01T06:00:00,3001,506,3507
2025-01-01,2025-01-01,2025-01-01T06:00:00,2025-01-01T06:30:00,3042,548,3590
2025-01-01,2025-01-01,2025-01-01T06:30:00,2025-01-01T07:00:00,3088,592,3680
2025-01-01,2025-01-01,2025-01-01T07:00:00,2025-01-01T07:30:00,3112,623,3735
2025-01-01,2025-01-01,2025-01-01T07:30:00,2025-01-01T08:00:00,3187,677,3864
2025-01-01,2025-01-01,2025-01-01T08:00:00,2025-01-01T08:30:00,3201,736,3937
2025-01-01,2025-01-01,2025-01-01T08:30:00,2025-01-01T09:00:00,3209,778,3987
2025-01-01,2025-01-01,2025-01-01T09:00:00,2025-01-01T09:30:00,3278,837,4115
2025-01-01,2025-01-01,2025-01-01T09:30:00,2025-01-01T10:00:00,3400,893,4293
2025-01-01,2025-01-01,2025-01-01T10:00:00,2025-01-01T10:30:00,3532,907,4439
2025-01-01,2025-01-01,2025-01-01T10:30:00,2025-01-01T11:00:00,3653,939,4592
2025-01-01,2025-01-01,2025-01-01T11:00:00,2025-01-01T11:30:00,3763,967,4730
2025-01-01,2025-01-01,2025-01-01T11:30:00,2025-01-01T12:00:00,3867,991,4858
2025-01-01,2025-01-01,2025-01-01T12:00:00,2025-01-01T12:30:00,4000,1019,5019
2025-01-01,2025-01-01,2025-01-01T12:30:00,2025-01-01T13:00:00,4102,1050,5152
2025-01-01,2025-01-01,2025-01-01T13:00:00,2025-01-01T13:30:00,4192,1073,5265
2025-01-01,2025-01-01,2025-01-01T13:30:00,2025-01-01T14:00:00,4219,1068,5287
2025-01-01,2025-01-01,2025-01-01T14:00:00,2025-01-01T14:30:00,4263,1043,5306
2025-01-01,2025-01-01,2025-01-01T14:30:00,2025-01-01T15:00:00,4264,1028,5292
2025-01-01,2025-01-01,2025-01-01T15:00:00,2025-01-01T15:30:00,4253,1020,5273
2025-01-01,2025-01-01,2025-01-01T15:30:00,2025-01-01T16:00:00,4286,1008,5294
2025-01-01,2025-01-01,2025-01-01T16:00:00,2025-01-01T16:30:00,4316,1022,5338
2025-01-01,2025-01-01,2025-01-01T16:30:00,2025-01-01T17:00:00,4434,1052,5486
2025-01-01,2025-01-01,2025-01-01T17:00:00,2025-01-01T17:30:00,4529,1095,5624
2025-01-01,2025-01-01,2025-01-01T17:30:00,2025-01-01T18:00:00,4550,1090,5640
2025-01-01,2025-01-01,2025-01-01T18:00:00,2025-01-01T18:30:00,4500,1065,5565
2025-01-01,2025-01-01,2025-01-01T18:30:00,2025-01-01T19:00:00,4414,1030,5444
2025-01-01,2025-01-01,2025-01-01T19:00:00,2025-01-01T19:30:00,4334,992,5326
2025-01-01,2025-01-01,2025-01-01T19:30:00,2025-01-01T20:00:00,4207,969,5176
2025-01-01,2025-01-01,2025-01-01T20:00:00,2025-01-01T20:30:00,4122,959,5081
2025-01-01,2025-01-01,2025-01-01T20:30:00,2025-01-01T21:00:00,4026,935,4961
2025-01-01,2025-01-01,2025-01-01T21:00:00,2025-01-01T21:30:00,3908,949,4857
2025-01-01,2025-01-01,2025-01-01T21:30:00,2025-01-01T22:00:00,3764,906,4670
2025-01-01,2025-01-01,2025-01-01T22:00:00,2025-01-01T22:30:00,3636,867,4503
2025-01-01,2025-01-01,2025-01-01T22:30:00,2025-01-01T23:00:00,3548,828,4376
2025-01-01,2025-01-02,2025-01-01T23:00:00,2025-01-01T23:30:00,3459,804,4263
2025-01-01,2025-01-02,2025-01-01T23:30:00,2025-01-02T00:00:00,3417,754,4171
2025-01-02,2025-01-02,2025-01-02T00:00:00,2025-01-02T00:30:00,3547,698,4245
2025-01-02,2025-01-02,2025-01-02T00:30:00,2025-01-02T01:00:00,3498,660,4158
2025-01-02,2025-01-02,2025-01-02T01:00:00,2025-01-02T01:30:00,3402,648,4050
2025-01-02,2025-01-02,2025-01-02T01:30:00,2025-01-02T02:00:00,3328,666,3994
2025-01-02,2025-01-02,2025-01-02T02:00:00,2025-01-02T02:30:00,3306,639,3945
2025-01-02,2025-01-02,2025-01-02T02:30:00,2025-01-02T03:00:00,3307,629,3936
2025-01-02,2025-01-02,2025-01-02T03:00:00,2025-01-02T03:30:00,3249,617,3866
2025-01-02,2025-01-02,2025-01-02T03:30:00,2025-01-02T04:00:00,3234,608,3842
2025-01-02,2025-01-02,2025-01-02T04:00:00,2025-01-02T04:30:00,3217,604,3821
2025-01-02,2025-01-02,2025-01-02T04:30:00,2025-01-02T05:00:00,3200,601,3801
2025-01-02,2025-01-02,2025-01-02T05:00:00,2025-01-02T05:30:00,3235,599,3834
2025-01-02,2025-01-02,2025-01-02T05:30:00,2025-01-02T06:00:00,3273,619,3892
2025-01-02,2025-01-02,2025-01-02T06:00:00,2025-01-02T06:30:00,3375,652,4027
2025-01-02,2025-01-02,2025-01-02T06:30:00,2025-01-02T07:00:00,3557,708,4265
2025-01-02,2025-01-02,2025-01-02T07:00:00,2025-01-02T07:30:00,3715,766,4481
2025-01-02,2025-01-02,2025-01-02T07:30:00,2025-01-02T08:00:00,3898,839,4737
2025-01-02,2025-01-02,2025-01-02T08:00:00,2025-01-02T08:30:00,4032,889,4921
2025-01-02,2025-01-02,2025-01-02T08:30:00,2025-01-02T09:00:00,4160,935,5095
2025-01-02,2025-01-02,2025-01-02T09:00:00,2025-01-02T09:30:00,4258,977,5235
2025-01-02,2025-01-02,2025-01-02T09:30:00,2025-01-02T10:00:00,4354,1037,5391
2025-01-02,2025-01-02,2025-01-02T10:00:00,2025-01-02T10:30:00,4428,1039,5467
2025-01-02,2025-01-02,2025-01-02T10:30:00,2025-01-02T11:00:00,4499,1070,5569
2025-01-02,2025-01-02,2025-01-02T11:00:00,2025-01-02T11:30:00,4561,1084,5645
2025-01-02,2025-01-02,2025-01-02T11:30:00,2025-01-02T12:00:00,4606,1108,5714
2025-01-02,2025-01-02,2025-01-02T12:00:00,2025-01-02T12:30:00,4658,1101,5759
2025-01-02,2025-01-02,2025-01-02T12:30:00,2025-01-02T13:00:00,4697,1133,5830
2025-01-02,2025-01-02,2025-01-02T13:00:00,2025-01-02T13:30:00,4716,1140,5856
2025-01-02,2025-01-02,2025-01-02T13:30:00,2025-01-02T14:00:00,4701,1134,5835
2025-01-02,2025-01-02,2025-01-02T14:00:00,2025-01-02T14:30:00,4690,1095,5785
2025-01-02,2025-01-02,2025-01-02T14:30:00,2025-01-02T15:00:00,4664,1080,5744
2025-01-02,2025-01-02,2025-01-02T15:00:00,2025-01-02T15:30:00,4671,1062,5733
2025-01-02,2025-01-02,2025-01-02T15:30:00,2025-01-02T16:00:00,4680,1051,5731
2025-01-02,2025-01-02,2025-01-02T16:00:00,2025-01-02T16:30:00,4755,1077,5832
2025-01-02,2025-01-02,2025-01-02T16:30:00,2025-01-02T17:00:00,4847,1110,5957
2025-01-02,2025-01-02,2025-01-02T17:00:00,2025-01-02T17:30:00,5016,1167,6183
2025-01-02,2025-01-02,2025-01-02T17:30:00,2025-01-02T18:00:00,5100,1163,6263
2025-01-02,2025-01-02,2025-01-02T18:00:00,2025-01-02T18:30:00,5074,1147,6221
2025-01-02,2025-01-02,2025-01-02T18:30:00,2025-01-02T19:00:00,4986,1109,6095
2025-01-02,2025-01-02,2025-01-02T19:00:00,2025-01-02T19:30:00,4860,1074,5934
2025-01-02,2025-01-02,2025-01-02T19:30:00,2025-01-02T20:00:00,4810,1048,5858
2025-01-02,2025-01-02,2025-01-02T20:00:00,2025-01-02T20:30:00,4708,1027,5735
2025-01-02,2025-01-02,2025-01-02T20:30:00,2025-01-02T21:00:00,4590,1001,5591
2025-01-02,2025-01-02,2025-01-02T21:00:00,2025-01-02T21:30:00,4500,1018,5518
2025-01-02,2025-01-02,2025-01-02T21:30:00,2025-01-02T22:00:00,4378,971,5349
2025-01-02,2025-01-02,2025-01-02T22:00:00,2025-01-02T22:30:00,4262,940,5202
2025-01-02,2025-01-02,2025-01-02T22:30:00,2025-01-02T23:00:00,4128,897,5025
2024-12-29,2024-12-30,2024-12-29T23:00:00,2024-12-29T23:30:00,3580,648,4228
2024-12-29,2024-12-30,2024-12-29T23:30:00,2024-12-30T00:00:00,3543,606,4149
2024-12-30,2024-12-30,2024-12-30T00:00:00,2024-12-30T00:30:00,3307,554,3861
2024-12-30,2024-12-30,2024-12-30T00:30:00,2024-12-30T01:00:00,3256,520,3776
2024-12-30,2024-12-30,2024-12-30T01:00:00,2024-12-30T01:30:00,3157,502,3659
2024-12-30,2024-12-30,2024-12-30T01:30:00,2024-12-30T02:00:00,3081,503,3584
2024-12-30,2024-12-30,2024-12-30T02:00:00,2024-12-30T02:30:00,3058,486,3544
2024-12-30,2024-12-30,2024-12-30T02:30:00,2024-12-30T03:00:00,3060,477,3537
2024-12-30,2024-12-30,2024-12-30T03:00:00,2024-12-30T03:30:00,3001,469,3470
2024-12-30,2024-12-30,2024-12-30T03:30:00,2024-12-30T04:00:00,2984,462,3446
2024-12-30,2024-12-30,2024-12-30T04:00:00,2024-12-30T04:30:00,2968,457,3425
2024-12-30,2024-12-30,2024-12-30T04:30:00,2024-12-30T05:00:00,2950,450,3400
2024-12-30,2024-12-30,2024-12-30T05:00:00,2024-12-30T05:30:00,2986,458,3444
2024-12-30,2024-12-30,2024-12-30T05:30:00,2024-12-30T06:00:00,3025,477,3502
2024-12-30,2024-12-30,2024-12-30T06:00:00,2024-12-30T06:30:00,3130,507,3637
2024-12-30,2024-12-30,2024-12-30T06:30:00,2024-12-30T07:00:00,3317,563,3880
2024-12-30,2024-12-30,2024-12-30T07:00:00,2024-12-30T07:30:00,3479,628,4107
2024-12-30,2024-12-30,2024-12-30T07:30:00,2024-12-30T08:00:00,3666,674,4340
2024-12-30,2024-12-30,2024-12-30T08:00:00,2024-12-30T08:30:00,3804,719,4523
2024-12-30,2024-12-30,2024-12-30T08:30:00,2024-12-30T09:00:00,3935,775,4710
2024-12-30,2024-12-30,2024-12-30T09:00:00,2024-12-30T09:30:00,4035,820,4855
2024-12-30,2024-12-30,2024-12-30T09:30:00,2024-12-30T10:00:00,4135,871,5006
2024-12-30,2024-12-30,2024-12-30T10:00:00,2024-12-30T10:30:00,4210,900,5110
2024-12-30,2024-12-30,2024-12-30T10:30:00,2024-12-30T11:00:00,4283,924,5207
2024-12-30,2024-12-30,2024-12-30T11:00:00,2024-12-30T11:30:00,4347,937,5284
2024-12-30,2024-12-30,2024-12-30T11:30:00,2024-12-30T12:00:00,4393,962,5355
2024-12-30,2024-12-30,2024-12-30T12:00:00,2024-12-30T12:30:00,4447,980,5427
2024-12-30,2024-12-30,2024-12-30T12:30:00,2024-12-30T13:00:00,4486,968,5454
2024-12-30,2024-12-30,2024-12-30T13:00:00,2024-12-30T13:30:00,4506,986,5492
2024-12-30,2024-12-30,2024-12-30T13:30:00,2024-12-30T14:00:00,4491,980,5471
2024-12-30,2024-12-30,2024-12-30T14:00:00,2024-12-30T14:30:00,4479,976,5455
2024-12-30,2024-12-30,2024-12-30T14:30:00,2024-12-30T15:00:00,4452,972,5424
2024-12-30,2024-12-30,2024-12-30T15:00:00,2024-12-30T15:30:00,4460,986,5446
2024-12-30,2024-12-30,2024-12-30T15:30:00,2024-12-30T16:00:00,4469,993,5462
2024-12-30,2024-12-30,2024-12-30T16:00:00,2024-12-30T16:30:00,4346,1027,5373
2024-12-30,2024-12-30,2024-12-30T16:30:00,2024-12-30T17:00:00,4440,1099,5539
2024-12-30,2024-12-30,2024-12-30T17:00:00,2024-12-30T17:30:00,4614,1171,5785
2024-12-30,2024-12-30,2024-12-30T17:30:00,2024-12-30T18:00:00,4700,1200,5900
2024-12-30,2024-12-30,2024-12-30T18:00:00,2024-12-30T18:30:00,4673,1174,5847
2024-12-30,2024-12-30,2024-12-30T18:30:00,2024-12-30T19:00:00,4583,1136,5719
2024-12-30,2024-12-30,2024-12-30T19:00:00,2024-12-30T19:30:00,4454,1086,5540
2024-12-30,2024-12-30,2024-12-30T19:30:00,2024-12-30T20:00:00,4403,1046,5449
2024-12-30,2024-12-30,2024-12-30T20:00:00,2024-12-30T20:30:00,4298,1014,5312
2024-12-30,2024-12-30,2024-12-30T20:30:00,2024-12-30T21:00:00,4177,977,5154
2024-12-30,2024-12-30,2024-12-30T21:00:00,2024-12-30T21:30:00,4084,944,5028
2024-12-30,2024-12-30,2024-12-30T21:30:00,2024-12-30T22:00:00,3959,904,4863
2024-12-30,2024-12-30,2024-12-30T22:00:00,2024-12-30T22:30:00,3839,868,4707
2024-12-30,2024-12-30,2024-12-30T22:30:00,2024-12-30T23:00:00,3703,824,4527
2024-12-30,2024-12-31,2024-12-30T23:00:00,2024-12-30T23:30:00,3599,782,4381
2024-12-30,2024-12-31,2024-12-30T23:30:00,2024-12-31T00:00:00,3564,730,4294
2024-12-31,2024-12-31,2024-12-31T00:00:00,2024-12-31T00:30:00,3780,520,4300
2024-12-31,2024-12-31,2024-12-31T00:30:00,2024-12-31T01:00:00,3671,490,4161
2024-12-31,2024-12-31,2024-12-31T01:00:00,2024-12-31T01:30:00,3535,479,4014
2024-12-31,2024-12-31,2024-12-31T01:30:00,2024-12-31T02:00:00,3429,494,3923
2024-12-31,2024-12-31,2024-12-31T02:00:00,2024-12-31T02:30:00,3321,467,3788
2024-12-31,2024-12-31,2024-12-31T02:30:00,2024-12-31T03:00:00,3248,458,3706
2024-12-31,2024-12-31,2024-12-31T03:00:00,2024-12-31T03:30:00,3191,445,3636
2024-12-31,2024-12-31,2024-12-31T03:30:00,2024-12-31T04:00:00,3161,438,3599
2024-12-31,2024-12-31,2024-12-31T04:00:00,2024-12-31T04:30:00,3149,434,3583
2024-12-31,2024-12-31,2024-12-31T04:30:00,2024-12-31T05:00:00,3120,430,3550
2024-12-31,2024-12-31,2024-12-31T05:00:00,2024-12-31T05:30:00,3100,430,3530
2024-12-31,2024-12-31,2024-12-31T05:30:00,2024-12-31T06:00:00,3148,444,3592
2024-12-31,2024-12-31,2024-12-31T06:00:00,2024-12-31T06:30:00,3213,480,3693
2024-12-31,2024-12-31,2024-12-31T06:30:00,2024-12-31T07:00:00,3318,535,3853
2024-12-31,2024-12-31,2024-12-31T07:00:00,2024-12-31T07:30:00,3413,584,3997
2024-12-31,2024-12-31,2024-12-31T07:30:00,2024-12-31T08:00:00,3506,635,4141
2024-12-31,2024-12-31,2024-12-31T08:00:00,2024-12-31T08:30:00,3572,690,4262
2024-12-31,2024-12-31,2024-12-31T08:30:00,2024-12-31T09:00:00,3645,730,4375
2024-12-31,2024-12-31,2024-12-31T09:00:00,2024-12-31T09:30:00,3750,780,4530
2024-12-31,2024-12-31,2024-12-31T09:30:00,2024-12-31T10:00:00,3873,820,4693
2024-12-31,2024-12-31,2024-12-31T10:00:00,2024-12-31T10:30:00,3977,850,4827
2024-12-31,2024-12-31,2024-12-31T10:30:00,2024-12-31T11:00:00,4073,880,4953
2024-12-31,2024-12-31,2024-12-31T11:00:00,2024-12-31T11:30:00,4159,890,5049
2024-12-31,2024-12-31,2024-12-31T11:30:00,2024-12-31T12:00:00,4203,900,5103
2024-12-31,2024-12-31,2024-12-31T12:00:00,2024-12-31T12:30:00,4250,920,5170
2024-12-31,2024-12-31,2024-12-31T12:30:00,2024-12-31T13:00:00,4294,930,5224
2024-12-31,2024-12-31,2024-12-31T13:00:00,2024-12-31T13:30:00,4315,910,5225
2024-12-31,2024-12-31,2024-12-31T13:30:00,2024-12-31T14:00:00,4314,890,5204
2024-12-31,2024-12-31,2024-12-31T14:00:00,2024-12-31T14:30:00,4281,885,5166
2024-12-31,2024-12-31,2024-12-31T14:30:00,2024-12-31T15:00:00,4278,880,5158
2024-12-31,2024-12-31,2024-12-31T15:00:00,2024-12-31T15:30:00,4257,900,5157
2024-12-31,2024-12-31,2024-12-31T15:30:00,2024-12-31T16:00:00,4299,930,5229
2024-12-31,2024-12-31,2024-12-31T16:00:00,2024-12-31T16:30:00,4365,960,5325
2024-12-31,2024-12-31,2024-12-31T16:30:00,2024-12-31T17:00:00,4521,1030,5551
2024-12-31,2024-12-31,2024-12-31T17:00:00,2024-12-31T17:30:00,4679,1090,5769
2024-12-31,2024-12-31,2024-12-31T17:30:00,2024-12-31T18:00:00,4750,1140,5890
2024-12-31,2024-12-31,2024-12-31T18:00:00,2024-12-31T18:30:00,4713,1110,5823
2024-12-31,2024-12-31,2024-12-31T18:30:00,2024-12-31T19:00:00,4644,1060,5704
2024-12-31,2024-12-31,2024-12-31T19:00:00,2024-12-31T19:30:00,4539,1010,5549
2024-12-31,2024-12-31,2024-12-31T19:30:00,2024-12-31T20:00:00,4414,960,5374
2024-12-31,2024-12-31,2024-12-31T20:00:00,2024-12-31T20:30:00,4304,910,5214
2024-12-31,2024-12-31,2024-12-31T20:30:00,2024-12-31T21:00:00,4213,860,5073
2024-12-31,2024-12-31,2024-12-31T21:00:00,2024-12-31T21:30:00,4125,810,4935
2024-12-31,2024-12-31,2024-12-31T21:30:00,2024-12-31T22:00:00,4020,760,4780
2024-12-31,2024-12-31,2024-12-31T22:00:00,2024-12-31T22:30:00,3922,715,4637
2024-12-31,2024-12-31,2024-12-31T22:30:00,2024-12-31T23:00:00,3875,690,4565
2024-12-31,2025-01-01,2024-12-31T23:00:00,2024-12-31T23:30:00,3850,650,4500
2024-12-31,2025-01-01,2024-12-31T23:30:00,2025-01-01T00:00:00,3918,610,4528
2025-01-01,2025-01-01,2025-01-01T00:00:00,2025-01-01T00:30:00,3562,547,4109
2025-01-01,2025-01-01,2025-01-01T00:30:00,2025-01-01T01:00:00,3489,516,4005
2025-01-01,2025-01-01,2025-01-01T01:00:00,2025-01-01T01:30:00,3421,506,3927
2025-01-01,2025-01-01,2025-01-01T01:30:00,2025-01-01T02:00:00,3344,521,3865
2025-01-01,2025-01-01,2025-01-01T02:00:00,2025-01-01T02:30:00,3265,504,3769
2025-01-01,2025-01-01,2025-01-01T02:30:00,2025-01-01T03:00:00,3246,494,3740
2025-01-01,2025-01-01,2025-01-01T03:00:00,2025-01-01T03:30:00,3162,483,3645
2025-01-01,2025-01-01,2025-01-01T03:30:00,2025-01-01T04:00:00,3107,476,3583
2025-01-01,2025-01-01,2025-01-01T04:00:00,2025-01-01T04:30:00,3044,480,3524
2025-01-01,2025-01-01,2025-01-01T04:30:00,2025-01-01T05:00:00,3000,477,3477
2025-01-01,2025-01-01,2025-01-01T05:00:00,2025-01-01T05:30:00,3014,489,3503
2025-01-01,2025-01-01,2025-01-01T05:30:00,2025-01-01T06:00:00,3001,506,3507
2025-01-01,2025-01-01,2025-01-01T06:00:00,2025-01-01T06:30:00,3042,548,3590
2025-01-01,2025-01-01,2025-01-01T06:30:00,2025-01-01T07:00:00,3088,592,3680
2025-01-01,2025-01-01,2025-01-01T07:00:00,2025-01-01T07:30:00,3112,623,3735
2025-01-01,2025-01-01,2025-01-01T07:30:00,2025-01-01T08:00:00,3187,677,3864
2025-01-01,2025-01-01,2025-01-01T08:00:00,2025-01-01T08:30:00,3201,736,3937
2025-01-01,2025-01-01,2025-01-01T08:30:00,2025-01-01T09:00:00,3209,778,3987
2025-01-01,2025-01-01,2025-01-01T09:00:00,2025-01-01T09:30:00,3278,837,4115
2025-01-01,2025-01-01,2025-01-01T09:30:00,2025-01-01T10:00:00,3400,893,4293
2025-01-01,2025-01-01,2025-01-01T10:00:00,2025-01-01T10:30:00,3532,907,4439
2025-01-01,2025-01-01,2025-01-01T10:30:00,2025-01-01T11:00:00,3653,939,4592
2025-01-01,2025-01-01,2025-01-01T11:00:00,2025-01-01T11:30:00,3763,967,4730
2025-01-01,2025-01-01,2025-01-01T11:30:00,2025-01-01T12:00:00,3867,991,4858
2025-01-01,2025-01-01,2025-01-01T12:00:00,2025-01-01T12:30:00,4000,1019,5019
2025-01-01,2025-01-01,2025-01-01T12:30:00,2025-01-01T13:00:00,4102,1050,5152
2025-01-01,2025-01-01,2025-01-01T13:00:00,2025-01-01T13:30:00,4192,1073,5265
2025-01-01,2025-01-01,2025-01-01T13:30:00,2025-01-01T14:00:00,4219,1068,5287
2025-01-01,2025-01-01,2025-01-01T14:00:00,2025-01-01T14:30:00,4263,1043,5306
2025-01-01,2025-01-01,2025-01-01T14:30:00,2025-01-01T15:00:00,4264,1028,5292
2025-01-01,2025-01-01,2025-01-01T15:00:00,2025-01-01T15:30:00,4253,1020,5273
2025-01-01,2025-01-01,2025-01-01T15:30:00,2025-01-01T16:00:00,4286,1008,5294
2025-01-01,2025-01-01,2025-01-01T16:00:00,2025-01-01T16:30:00,4316,1022,5338
2025-01-01,2025-01-01,2025-01-01T16:30:00,2025-01-01T17:00:00,4434,1052,5486
2025-01-01,2025-01-01,2025-01-01T17:00:00,2025-01-01T17:30:00,4529,1095,5624
2025-01-01,2025-01-01,2025-01-01T17:30:00,2025-01-01T18:00:00,4550,1090,5640
2025-01-01,2025-01-01,2025-01-01T18:00:00,2025-01-01T18:30:00,4500,1065,5565
2025-01-01,2025-01-01,2025-01-01T18:30:00,2025-01-01T19:00:00,4414,1030,5444
2025-01-01,2025-01-01,2025-01-01T19:00:00,2025-01-01T19:30:00,4334,992,5326
2025-01-01,2025-01-01,2025-01-01T19:30:00,2025-01-01T20:00:00,4207,969,5176
2025-01-01,2025-01-01,2025-01-01T20:00:00,2025-01-01T20:30:00,4122,959,5081
2025-01-01,2025-01-01,2025-01-01T20:30:00,2025-01-01T21:00:00,4026,935,4961
2025-01-01,2025-01-01,2025-01-01T21:00:00,2025-01-01T21:30:00,3908,949,4857
2025-01-01,2025-01-01,2025-01-01T21:30:00,2025-01-01T22:00:00,3764,906,4670
2025-01-01,2025-01-01,2025-01-01T22:00:00,2025-01-01T22:30:00,3636,867,4503
2025-01-01,2025-01-01,2025-01-01T22:30:00,2025-01-01T23:00:00,3548,828,4376
2025-01-01,2025-01-02,2025-01-01T23:00:00,2025-01-01T23:30:00,3459,804,4263
2025-01-01,2025-01-02,2025-01-01T23:30:00,2025-01-02T00:00:00,3417,754,4171
2025-01-02,2025-01-02,2025-01-02T00:00:00,2025-01-02T00:30:00,3547,698,4245
2025-01-02,2025-01-02,2025-01-02T00:30:00,2025-01-02T01:00:00,3498,660,4158
2025-01-02,2025-01-02,2025-01-02T01:00:00,2025-01-02T01:30:00,3402,648,4050
2025-01-02,2025-01-02,2025-01-02T01:30:00,2025-01-02T02:00:00,3328,666,3994
2025-01-02,2025-01-02,2025-01-02T02:00:00,2025-01-02T02:30:00,3306,639,3945
2025-01-02,2025-01-02,2025-01-02T02:30:00,2025-01-02T03:00:00,3307,629,3936
2025-01-02,2025-01-02,2025-01-02T03:00:00,2025-01-02T03:30:00,3249,617,3866
2025-01-02,2025-01-02,2025-01-02T03:30:00,2025-01-02T04:00:00,3234,608,3842
2025-01-02,2025-01-02,2025-01-02T04:00:00,2025-01-02T04:30:00,3217,604,3821
2025-01-02,2025-01-02,2025-01-02T04:30:00,2025-01-02T05:00:00,3200,601,3801
2025-01-02,2025-01-02,2025-01-02T05:00:00,2025-01-02T05:30:00,3235,599,3834
2025-01-02,2025-01-02,2025-01-02T05:30:00,2025-01-02T06:00:00,3273,619,3892
2025-01-02,2025-01-02,2025-01-02T06:00:00,2025-01-02T06:30:00,3375,652,4027
2025-01-02,2025-01-02,2025-01-02T06:30:00,2025-01-02T07:00:00,3557,708,4265
2025-01-02,2025-01-02,2025-01-02T07:00:00,2025-01-02T07:30:00,3715,766,4481
2025-01-02,2025-01-02,2025-01-02T07:30:00,2025-01-02T08:00:00,3898,839,4737
2025-01-02,2025-01-02,2025-01-02T08:00:00,2025-01-02T08:30:00,4032,889,4921
2025-01-02,2025-01-02,2025-01-02T08:30:00,2025-01-02T09:00:00,4160,935,5095
2025-01-02,2025-01-02,2025-01-02T09:00:00,2025-01-02T09:30:00,4258,977,5235
2025-01-02,2025-01-02,2025-01-02T09:30:00,2025-01-02T10:00:00,4354,1037,5391
2025-01-02,2025-01-02,2025-01-02T10:00:00,2025-01-02T10:30:00,4428,1039,5467
2025-01-02,2025-01-02,2025-01-02T10:30:00,2025-01-02T11:00:00,4499,1070,5569
2025-01-02,2025-01-02,2025-01-02T11:00:00,2025-01-02T11:30:00,4561,1084,5645
2025-01-02,2025-01-02,2025-01-02T11:30:00,2025-01-02T12:00:00,4606,1108,5714
2025-01-02,2025-01-02,2025-01-02T12:00:00,2025-01-02T12:30:00,4658,1101,5759
2025-01-02,2025-01-02,2025-01-02T12:30:00,2025-01-02T13:00:00,4697,1133,5830
2025-01-02,2025-01-02,2025-01-02T13:00:00,2025-01-02T13:30:00,4716,1140,5856
2025-01-02,2025-01-02,2025-01-02T13:30:00,2025-01-02T14:00:00,4701,1134,5835
2025-01-02,2025-01-02,2025-01-02T14:00:00,2025-01-02T14:30:00,4690,1095,5785
2025-01-02,2025-01-02,2025-01-02T14:30:00,2025-01-02T15:00:00,4664,1080,5744
2025-01-02,2025-01-02,2025-01-02T15:00:00,2025-01-02T15:30:00,4671,1062,5733
2025-01-02,2025-01-02,2025-01-02T15:30:00,2025-01-02T16:00:00,4680,1051,5731
2025-01-02,2025-01-02,2025-01-02T16:00:00,2025-01-02T16:30:00,4755,1077,5832
2025-01-02,2025-01-02,2025-01-02T16:30:00,2025-01-02T17:00:00,4847,1110,5957
2025-01-02,2025-01-02,2025-01-02T17:00:00,2025-01-02T17:30:00,5016,1167,6183
2025-01-02,2025-01-02,2025-01-02T17:30:00,2025-01-02T18:00:00,5100,1163,6263
2025-01-02,2025-01-02,2025-01-02T18:00:00,2025-01-02T18:30:00,5074,1147,6221
2025-01-02,2025-01-02,2025-01-02T18:30:00,2025-01-02T19:00:00,4986,1109,6095
2025-01-02,2025-01-02,2025-01-02T19:00:00,2025-01-02T19:30:00,4860,1074,5934
2025-01-02,2025-01-02,2025-01-02T19:30:00,2025-01-02T20:00:00,4810,1048,5858
2025-01-02,2025-01-02,2025-01-02T20:00:00,2025-01-02T20:30:00,4708,1027,5735
2025-01-02,2025-01-02,2025-01-02T20:30:00,2025-01-02T21:00:00,4590,1001,5591
2025-01-02,2025-01-02,2025-01-02T21:00:00,2025-01-02T21:30:00,4500,1018,5518
2025-01-02,2025-01-02,2025-01-02T21:30:00,2025-01-02T22:00:00,4378,971,5349
2025-01-02,2025-01-02,2025-01-02T22:00:00,2025-01-02T22:30:00,4262,940,5202
2025-01-02,2025-01-02,2025-01-02T22:30:00,2025-01-02T23:00:00,4128,897,5025
2024-12-29,2024-12-30,2024-12-29T23:00:00,2024-12-29T23:30:00,3580,648,4228
2024-12-29,2024-12-30,2024-12-29T23:30:00,2024-12-30T00:00:00,3543,606,4149
2024-12-30,2024-12-30,2024-12-30T00:00:00,2024-12-30T00:30:00,3307,554,3861
2024-12-30,2024-12-30,2024-12-30T00:30:00,2024-12-30T01:00:00,3256,520,3776
2024-12-30,2024-12-30,2024-12-30T01:00:00,2024-12-30T01:30:00,3157,502,3659
2024-12-30,2024-12-30,2024-12-30T01:30:00,2024-12-30T02:00:00,3081,503,3584
2024-12-30,2024-12-30,2024-12-30T02:00:00,2024-12-30T02:30:00,3058,486,3544
2024-12-30,2024-12-30,2024-12-30T02:30:00,2024-12-30T03:00:00,3060,477,3537
2024-12-30,2024-12-30,2024-12-30T03:00:00,2024-12-30T03:30:00,3001,469,3470
2024-12-30,2024-12-30,2024-12-30T03:30:00,2024-12-30T04:00:00,2984,462,3446
2024-12-30,2024-12-30,2024-12-30T04:00:00,2024-12-30T04:30:00,2968,457,3425
2024-12-30,2024-12-30,2024-12-30T04:30:00,2024-12-30T05:00:00,2950,450,3400
2024-12-30,2024-12-30,2024-12-30T05:00:00,2024-12-30T05:30:00,2986,458,3444
2024-12-30,2024-12-30,2024-12-30T05:30:00,2024-12-30T06:00:00,3025,477,3502
2024-12-30,2024-12-30,2024-12-30T06:00:00,2024-12-30T06:30:00,3130,507,3637
2024-12-30,2024-12-30,2024-12-30T06:30:00,2024-12-30T07:00:00,3317,563,3880
2024-12-30,2024-12-30,2024-12-30T07:00:00,2024-12-30T07:30:00,3479,628,4107
2024-12-30,2024-12-30,2024-12-30T07:30:00,2024-12-30T08:00:00,3666,674,4340
2024-12-30,2024-12-30,2024-12-30T08:00:00,2024-12-30T08:30:00,3804,719,4523
2024-12-30,2024-12-30,2024-12-30T08:30:00,2024-12-30T09:00:00,3935,775,4710
2024-12-30,2024-12-30,2024-12-30T09:00:00,2024-12-30T09:30:00,4035,820,4855
2024-12-30,2024-12-30,2024-12-30T09:30:00,2024-12-30T10:00:00,4135,871,5006
2024-12-30,2024-12-30,2024-12-30T10:00:00,2024-12-30T10:30:00,4210,900,5110
2024-12-30,2024-12-30,2024-12-30T10:30:00,2024-12-30T11:00:00,4283,924,5207
2024-12-30,2024-12-30,2024-12-30T11:00:00,2024-12-30T11:30:00,4347,937,5284
2024-12-30,2024-12-30,2024-12-30T11:30:00,2024-12-30T12:00:00,4393,962,5355
2024-12-30,2024-12-30,2024-12-30T12:00:00,2024-12-30T12:30:00,4447,980,5427
2024-12-30,2024-12-30,2024-12-30T12:30:00,2024-12-30T13:00:00,4486,968,5454
2024-12-30,2024-12-30,2024-12-30T13:00:00,2024-12-30T13:30:00,4506,986,5492
2024-12-30,2024-12-30,2024-12-30T13:30:00,2024-12-30T14:00:00,4491,980,5471
2024-12-30,2024-12-30,2024-12-30T14:00:00,2024-12-30T14:30:00,4479,976,5455
2024-12-30,2024-12-30,2024-12-30T14:30:00,2024-12-30T15:00:00,4452,972,5424
2024-12-30,2024-12-30,2024-12-30T15:00:00,2024-12-30T15:30:00,4260,986,5246
2024-12-30,2024-12-30,2024-12-30T15:30:00,2024-12-30T16:00:00,4269,993,5262
2024-12-30,2024-12-30,2024-12-30T16:00:00,2024-12-30T16:30:00,4346,1027,5373
2024-12-30,2024-12-30,2024-12-30T16:30:00,2024-12-30T17:00:00,4440,1099,5539
2024-12-30,2024-12-30,2024-12-30T17:00:00,2024-12-30T17:30:00,4614,1171,5785
2024-12-30,2024-12-30,2024-12-30T17:30:00,2024-12-30T18:00:00,4700,1200,5900
2024-12-30,2024-12-30,2024-12-30T18:00:00,2024-12-30T18:30:00,4673,1174,5847
2024-12-30,2024-12-30,2024-12-30T18:30:00,2024-12-30T19:00:00,4583,1136,5719
2024-12-30,2024-12-30,2024-12-30T19:00:00,2024-12-30T19:30:00,4454,1086,5540
2024-12-30,2024-12-30,2024-12-30T19:30:00,2024-12-30T20:00:00,4403,1046,5449
2024-12-30,2024-12-30,2024-12-30T20:00:00,2024-12-30T20:30:00,4298,1014,5312
2024-12-30,2024-12-30,2024-12-30T20:30:00,2024-12-30T21:00:00,4177,977,5154
2024-12-30,2024-12-30,2024-12-30T21:00:00,2024-12-30T21:30:00,4084,944,5028
2024-12-30,2024-12-30,2024-12-30T21:30:00,2024-12-30T22:00:00,3959,904,4863
2024-12-30,2024-12-30,2024-12-30T22:00:00,2024-12-30T22:30:00,3839,868,4707
2024-12-30,2024-12-30,2024-12-30T22:30:00,2024-12-30T23:00:00,3703,824,4527
2024-12-30,2024-12-31,2024-12-30T23:00:00,2024-12-30T23:30:00,3599,782,4381
2024-12-30,2024-12-31,2024-12-30T23:30:00,2024-12-31T00:00:00,3564,730,4294
2024-12-31,2024-12-31,2024-12-31T00:00:00,2024-12-31T00:30:00,3780,520,4300
2024-12-31,2024-12-31,2024-12-31T00:30:00,2024-12-31T01:00:00,3671,490,4161
2024-12-31,2024-12-31,2024-12-31T01:00:00,2024-12-31T01:30:00,3535,479,4014
2024-12-31,2024-12-31,2024-12-31T01:30:00,2024-12-31T02:00:00,3429,494,3923
2024-12-31,2024-12-31,2024-12-31T02:00:00,2024-12-31T02:30:00,3321,467,3788
2024-12-31,2024-12-31,2024-12-31T02:30:00,2024-12-31T03:00:00,3248,458,3706
2024-12-31,2024-12-31,2024-12-31T03:00:00,2024-12-31T03:30:00,3191,445,3636
2024-12-31,2024-12-31,2024-12-31T03:30:00,2024-12-31T04:00:00,3161,438,3599
2024-12-31,2024-12-31,2024-12-31T04:00:00,2024-12-31T04:30:00,3149,434,3583
2024-12-31,2024-12-31,2024-12-31T04:30:00,2024-12-31T05:00:00,3120,430,3550
2024-12-31,2024-12-31,2024-12-31T05:00:00,2024-12-31T05:30:00,3100,430,3530
2024-12-31,2024-12-31,2024-12-31T05:30:00,2024-12-31T06:00:00,3148,444,3592
2024-12-31,2024-12-31,2024-12-31T06:00:00,2024-12-31T06:30:00,3213,480,3693
2024-12-31,2024-12-31,2024-12-31T06:30:00,2024-12-31T07:00:00,3318,535,3853
2024-12-31,2024-12-31,2024-12-31T07:00:00,2024-12-31T07:30:00,3413,584,3997
2024-12-31,2024-12-31,2024-12-31T07:30:00,2024-12-31T08:00:00,3506,635,4141
2024-12-31,2024-12-31,2024-12-31T08:00:00,2024-12-31T08:30:00,3572,690,4262
2024-12-31,2024-12-31,2024-12-31T08:30:00,2024-12-31T09:00:00,3645,730,4375
2024-12-31,2024-12-31,2024-12-31T09:00:00,2024-12-31T09:30:00,3750,780,4530
2024-12-31,2024-12-31,2024-12-31T09:30:00,2024-12-31T10:00:00,3873,820,4693
2024-12-31,2024-12-31,2024-12-31T10:00:00,2024-12-31T10:30:00,3977,850,4827
2024-12-31,2024-12-31,2024-12-31T10:30:00,2024-12-31T11:00:00,4073,880,4953
2024-12-31,2024-12-31,2024-12-31T11:00:00,2024-12-31T11:30:00,4159,890,5049
2024-12-31,2024-12-31,2024-12-31T11:30:00,2024-12-31T12:00:00,4203,900,5103
2024-12-31,2024-12-31,2024-12-31T12:00:00,2024-12-31T12:30:00,4250,920,5170
2024-12-31,2024-12-31,2024-12-31T12:30:00,2024-12-31T13:00:00,4294,930,5224
2024-12-31,2024-12-31,2024-12-31T13:00:00,2024-12-31T13:30:00,4315,910,5225
2024-12-31,2024-12-31,2024-12-31T13:30:00,2024-12-31T14:00:00,4314,890,5204
2024-12-31,2024-12-31,2024-12-31T14:00:00,2024-12-31T14:30:00,4281,885,5166
2024-12-31,2024-12-31,2024-12-31T14:30:00,2024-12-31T15:00:00,4278,880,5158
2024-12-31,2024-12-31,2024-12-31T15:00:00,2024-12-31T15:30:00,4257,900,5157
2024-12-31,2024-12-31,2024-12-31T15:30:00,2024-12-31T16:00:00,4299,930,5229
2024-12-31,2024-12-31,2024-12-31T16:00:00,2024-12-31T16:30:00,4365,960,5325
2024-12-31,2024-12-31,2024-12-31T16:30:00,2024-12-31T17:00:00,4521,1030,5551
2024-12-31,2024-12-31,2024-12-31T17:00:00,2024-12-31T17:30:00,4679,1090,5769
2024-12-31,2024-12-31,2024-12-31T17:30:00,2024-12-31T18:00:00,4750,1140,5890
2024-12-31,2024-12-31,2024-12-31T18:00:00,2024-12-31T18:30:00,4713,1110,5823
2024-12-31,2024-12-31,2024-12-31T18:30:00,2024-12-31T19:00:00,4644,1060,5704
2024-12-31,2024-12-31,2024-12-31T19:00:00,2024-12-31T19:30:00,4539,1010,5549
2024-12-31,2024-12-31,2024-12-31T19:30:00,2024-12-31T20:00:00,4414,960,5374
2024-12-31,2024-12-31,2024-12-31T20:00:00,2024-12-31T20:30:00,4304,910,5214
2024-12-31,2024-12-31,2024-12-31T20:30:00,2024-12-31T21:00:00,4213,860,5073
2024-12-31,2024-12-31,2024-12-31T21:00:00,2024-12-31T21:30:00,4125,810,4935
2024-12-31,2024-12-31,2024-12-31T21:30:00,2024-12-31T22:00:00,4020,760,4780
2024-12-31,2024-12-31,2024-12-31T22:00:00,2024-12-31T22:30:00,3922,715,4637
2024-12-31,2024-12-31,2024-12-31T22:30:00,2024-12-31T23:00:00,3875,690,4565
2024-12-31,2025-01-01,2024-12-31T23:00:00,2024-12-31T23:30:00,3850,650,4500
2024-12-31,2025-01-01,2024-12-31T23:30:00,2025-01-01T00:00:00,3918,610,4528
2025-01-01,2025-01-01,2025-01-01T00:00:00,2025-01-01T00:30:00,3562,547,4109
2025-01-01,2025-01-01,2025-01-01T00:30:00,2025-01-01T01:00:00,3489,516,4005
2025-01-01,2025-01-01,2025-01-01T01:00:00,2025-01-01T01:30:00,3421,506,3927
2025-01-01,2025-01-01,2025-01-01T01:30:00,2025-01-01T02:00:00,3344,521,3865
2025-01-01,2025-01-01,2025-01-01T02:00:00,2025-01-01T02:30:00,3265,504,3769
2025-01-01,2025-01-01,2025-01-01T02:30:00,2025-01-01T03:00:00,3246,494,3740
2025-01-01,2025-01-01,2025-01-01T03:00:00,2025-01-01T03:30:00,3162,483,3645
2025-01-01,2025-01-01,2025-01-01T03:30:00,2025-01-01T04:00:00,3107,476,3583
2025-01-01,2025-01-01,2025-01-01T04:00:00,2025-01-01T04:30:00,3044,480,3524
2025-01-01,2025-01-01,2025-01-01T04:30:00,2025-01-01T05:00:00,3000,477,3477
2025-01-01,2025-01-01,2025-01-01T05:00:00,2025-01-01T05:30:00,3014,489,3503
2025-01-01,2025-01-01,2025-01-01T05:30:00,2025-01-01T06:00:00,3001,506,3507
2025-01-01,2025-01-01,2025-01-01T06:00:00,2025-01-01T06:30:00,3042,548,3590
2025-01-01,2025-01-01,2025-01-01T06:30:00,2025-01-01T07:00:00,3088,592,3680
2025-01-01,2025-01-01,2025-01-01T07:00:00,2025-01-01T07:30:00,3112,623,3735
2025-01-01,2025-01-01,2025-01-01T07:30:00,2025-01-01T08:00:00,3187,677,3864
2025-01-01,2025-01-01,2025-01-01T08:00:00,2025-01-01T08:30:00,3201,736,3937
2025-01-01,2025-01-01,2025-01-01T08:30:00,2025-01-01T09:00:00,3209,778,3987
2025-01-01,2025-01-01,2025-01-01T09:00:00,2025-01-01T09:30:00,3278,837,4115
2025-01-01,2025-01-01,2025-01-01T09:30:00,2025-01-01T10:00:00,3400,893,4293
2025-01-01,2025-01-01,2025-01-01T10:00:00,2025-01-01T10:30:00,3532,907,4439
2025-01-01,2025-01-01,2025-01-01T10:30:00,2025-01-01T11:00:00,3653,939,4592
2025-01-01,2025-01-01,2025-01-01T11:00:00,2025-01-01T11:30:00,3763,967,4730
2025-01-01,2025-01-01,2025-01-01T11:30:00,2025-01-01T12:00:00,3867,991,4858
2025-01-01,2025-01-01,2025-01-01T12:00:00,2025-01-01T12:30:00,4000,1019,5019
2025-01-01,2025-01-01,2025-01-01T12:30:00,2025-01-01T13:00:00,4102,1050,5152
2025-01-01,2025-01-01,2025-01-01T13:00:00,2025-01-01T13:30:00,4192,1073,5265
2025-01-01,2025-01-01,2025-01-01T13:30:00,2025-01-01T14:00:00,4219,1068,5287
2025-01-01,2025-01-01,2025-01-01T14:00:00,2025-01-01T14:30:00,4263,1043,5306
2025-01-01,2025-01-01,2025-01-01T14:30:00,2025-01-01T15:00:00,4264,1028,5292
2025-01-01,2025-01-01,2025-01-01T15:00:00,2025-01-01T15:30:00,4253,1020,5273
2025-01-01,2025-01-01,2025-01-01T15:30:00,2025-01-01T16:00:00,4286,1008,5294
2025-01-01,2025-01-01,2025-01-01T16:00:00,2025-01-01T16:30:00,4316,1022,5338
2025-01-01,2025-01-01,2025-01-01T16:30:00,2025-01-01T17:00:00,4434,1052,5486
2025-01-01,2025-01-01,2025-01-01T17:00:00,2025-01-01T17:30:00,4529,1095,5624
2025-01-01,2025-01-01,2025-01-01T17:30:00,2025-01-01T18:00:00,4550,1090,5640
2025-01-01,2025-01-01,2025-01-01T18:00:00,2025-01-01T18:30:00,4500,1065,5565
2025-01-01,2025-01-01,2025-01-01T18:30:00,2025-01-01T19:00:00,4414,1030,5444
2025-01-01,2025-01-01,2025-01-01T19:00:00,2025-01-01T19:30:00,4334,992,5326
2025-01-01,2025-01-01,2025-01-01T19:30:00,2025-01-01T20:00:00,4207,969,5176
2025-01-01,2025-01-01,2025-01-01T20:00:00,2025-01-01T20:30:00,4122,959,5081
2025-01-01,2025-01-01,2025-01-01T20:30:00,2025-01-01T21:00:00,4026,935,4961
2025-01-01,2025-01-01,2025-01-01T21:00:00,2025-01-01T21:30:00,3908,949,4857
2025-01-01,2025-01-01,2025-01-01T21:30:00,2025-01-01T22:00:00,3764,906,4670
2025-01-01,2025-01-01,2025-01-01T22:00:00,2025-01-01T22:30:00,3636,867,4503
2025-01-01,2025-01-01,2025-01-01T22:30:00,2025-01-01T23:00:00,3548,828,4376
2025-01-01,2025-01-02,2025-01-01T23:00:00,2025-01-01T23:30:00,3459,804,4263
2025-01-01,2025-01-02,2025-01-01T23:30:00,2025-01-02T00:00:00,3417,754,4171
2025-01-02,2025-01-02,2025-01-02T00:00:00,2025-01-02T00:30:00,3547,698,4245
2025-01-02,2025-01-02,2025-01-02T00:30:00,2025-01-02T01:00:00,3498,660,4158
2025-01-02,2025-01-02,2025-01-02T01:00:00,2025-01-02T01:30:00,3402,648,4050
2025-01-02,2025-01-02,2025-01-02T01:30:00,2025-01-02T02:00:00,3328,666,3994
2025-01-02,2025-01-02,2025-01-02T02:00:00,2025-01-02T02:30:00,3306,639,3945
2025-01-02,2025-01-02,2025-01-02T02:30:00,2025-01-02T03:00:00,3307,629,3936
2025-01-02,2025-01-02,2025-01-02T03:00:00,2025-01-02T03:30:00,3249,617,3866
2025-01-02,2025-01-02,2025-01-02T03:30:00,2025-01-02T04:00:00,3234,608,3842
2025-01-02,2025-01-02,2025-01-02T04:00:00,2025-01-02T04:30:00,3217,604,3821
2025-01-02,2025-01-02,2025-01-02T04:30:00,2025-01-02T05:00:00,3200,601,3801
2025-01-02,2025-01-02,2025-01-02T05:00:00,2025-01-02T05:30:00,3235,599,3834
2025-01-02,2025-01-02,2025-01-02T05:30:00,2025-01-02T06:00:00,3273,619,3892
2025-01-02,2025-01-02,2025-01-02T06:00:00,2025-01-02T06:30:00,3375,652,4027
2025-01-02,2025-01-02,2025-01-02T06:30:00,2025-01-02T07:00:00,3557,708,4265
2025-01-02,2025-01-02,2025-01-02T07:00:00,2025-01-02T07:30:00,3715,766,4481
2025-01-02,2025-01-02,2025-01-02T07:30:00,2025-01-02T08:00:00,3898,839,4737
2025-01-02,2025-01-02,2025-01-02T08:00:00,2025-01-02T08:30:00,4032,889,4921
2025-01-02,2025-01-02,2025-01-02T08:30:00,2025-01-02T09:00:00,4160,935,5095
2025-01-02,2025-01-02,2025-01-02T09:00:00,2025-01-02T09:30:00,4258,977,5235
2025-01-02,2025-01-02,2025-01-02T09:30:00,2025-01-02T10:00:00,4354,1037,5391
2025-01-02,2025-01-02,2025-01-02T10:00:00,2025-01-02T10:30:00,4428,1039,5467
2025-01-02,2025-01-02,2025-01-02T10:30:00,2025-01-02T11:00:00,4499,1070,5569
2025-01-02,2025-01-02,2025-01-02T11:00:00,2025-01-02T11:30:00,4561,1084,5645
2025-01-02,2025-01-02,2025-01-02T11:30:00,2025-01-02T12:00:00,4606,1108,5714
2025-01-02,2025-01-02,2025-01-02T12:00:00,2025-01-02T12:30:00,4658,1101,5759
2025-01-02,2025-01-02,2025-01-02T12:30:00,2025-01-02T13:00:00,4697,1133,5830
2025-01-02,2025-01-02,2025-01-02T13:00:00,2025-01-02T13:30:00,4716,1140,5856
2025-01-02,2025-01-02,2025-01-02T13:30:00,2025-01-02T14:00:00,4701,1134,5835
2025-01-02,2025-01-02,2025-01-02T14:00:00,2025-01-02T14:30:00,4690,1095,5785
2025-01-02,2025-01-02,2025-01-02T14:30:00,2025-01-02T15:00:00,4664,1080,5744
2025-01-02,2025-01-02,2025-01-02T15:00:00,2025-01-02T15:30:00,4671,1062,5733
2025-01-02,2025-01-02,2025-01-02T15:30:00,2025-01-02T16:00:00,4680,1051,5731
2025-01-02,2025-01-02,2025-01-02T16:00:00,2025-01-02T16:30:00,4755,1077,5832
2025-01-02,2025-01-02,2025-01-02T16:30:00,2025-01-02T17:00:00,4847,1110,5957
2025-01-02,2025-01-02,2025-01-02T17:00:00,2025-01-02T17:30:00,5016,1167,6183
2025-01-02,2025-01-02,2025-01-02T17:30:00,2025-01-02T18:00:00,5100,1163,6263
2025-01-02,2025-01-02,2025-01-02T18:00:00,2025-01-02T18:30:00,5074,1147,6221
2025-01-02,2025-01-02,2025-01-02T18:30:00,2025-01-02T19:00:00,4986,1109,6095
2025-01-02,2025-01-02,2025-01-02T19:00:00,2025-01-02T19:30:00,4860,1074,5934
2025-01-02,2025-01-02,2025-01-02T19:30:00,2025-01-02T20:00:00,4810,1048,5858
2025-01-02,2025-01-02,2025-01-02T20:00:00,2025-01-02T20:30:00,4708,1027,5735
2025-01-02,2025-01-02,2025-01-02T20:30:00,2025-01-02T21:00:00,4590,1001,5591
2025-01-02,2025-01-02,2025-01-02T21:00:00,2025-01-02T21:30:00,4500,1018,5518
2025-01-02,2025-01-02,2025-01-02T21:30:00,2025-01-02T22:00:00,4378,971,5349
2025-01-02,2025-01-02,2025-01-02T22:00:00,2025-01-02T22:30:00,4262,940,5202
2025-01-02,2025-01-02,2025-01-02T22:30:00,2025-01-02T23:00:00,4128,897,5025
2024-12-29,2024-12-30,2024-12-29T23:00:00,2024-12-29T23:30:00,3580,648,4228
2024-12-29,2024-12-30,2024-12-29T23:30:00,2024-12-30T00:00:00,3543,606,4149
2024-12-30,2024-12-30,2024-12-30T00:00:00,2024-12-30T00:30:00,3307,554,3861
2024-12-30,2024-12-30,2024-12-30T00:30:00,2024-12-30T01:00:00,3256,520,3776
2024-12-30,2024-12-30,2024-12-30T01:00:00,2024-12-30T01:30:00,3157,502,3659
2024-12-30,2024-12-30,2024-12-30T01:30:00,2024-12-30T02:00:00,3081,503,3584
2024-12-30,2024-12-30,2024-12-30T02:00:00,2024-12-30T02:30:00,3058,486,3544
2024-12-30,2024-12-30,2024-12-30T02:30:00,2024-12-30T03:00:00,3060,477,3537
2024-12-30,2024-12-30,2024-12-30T03:00:00,2024-12-30T03:30:00,3001,469,3470
2024-12-30,2024-12-30,2024-12-30T03:30:00,2024-12-30T04:00:00,2984,462,3446
2024-12-30,2024-12-30,2024-12-30T04:00:00,2024-12-30T04:30:00,2968,457,3425
2024-12-30,2024-12-30,2024-12-30T04:30:00,2024-12-30T05:00:00,2950,450,3400
2024-12-30,2024-12-30,2024-12-30T05:00:00,2024-12-30T05:30:00,2986,458,3444
2024-12-30,2024-12-30,2024-12-30T05:30:00,2024-12-30T06:00:00,3025,477,3502
2024-12-30,2024-12-30,2024-12-30T06:00:00,2024-12-30T06:30:00,3130,507,3637
2024-12-30,2024-12-30,2024-12-30T06:30:00,2024-12-30T07:00:00,3317,563,3880
2024-12-30,2024-12-30,2024-12-30T07:00:00,2024-12-30T07:30:00,3479,628,4107
2024-12-30,2024-12-30,2024-12-30T07:30:00,2024-12-30T08:00:00,3666,674,4340
2024-12-30,2024-12-30,2024-12-30T08:00:00,2024-12-30T08:30:00,3804,719,4523
2024-12-30,2024-12-30,2024-12-30T08:30:00,2024-12-30T09:00:00,3935,775,4710
2024-12-30,2024-12-30,2024-12-30T09:00:00,2024-12-30T09:30:00,4035,820,4855
2024-12-30,2024-12-30,2024-12-30T09:30:00,2024-12-30T10:00:00,4135,871,5006
2024-12-30,2024-12-30,2024-12-30T10:00:00,2024-12-30T10:30:00,4210,900,5110
2024-12-30,2024-12-30,2024-12-30T10:30:00,2024-12-30T11:00:00,4283,924,5207
2024-12-30,2024-12-30,2024-12-30T11:00:00,2024-12-30T11:30:00,4347,937,5284
2024-12-30,2024-12-30,2024-12-30T11:30:00,2024-12-30T12:00:00,4393,962,5355
2024-12-30,2024-12-30,2024-12-30T12:00:00,2024-12-30T12:30:00,4447,980,5427
2024-12-30,2024-12-30,2024-12-30T12:30:00,2024-12-30T13:00:00,4486,968,5454
2024-12-30,2024-12-30,2024-12-30T13:00:00,2024-12-30T13:30:00,4506,986,5492
2024-12-30,2024-12-30,2024-12-30T13:30:00,2024-12-30T14:00:00,4491,980,5471
2024-12-30,2024-12-30,2024-12-30T14:00:00,2024-12-30T14:30:00,4279,976,5255
2024-12-30,2024-12-30,2024-12-30T14:30:00,2024-12-30T15:00:00,4252,972,5224
2024-12-30,2024-12-30,2024-12-30T15:00:00,2024-12-30T15:30:00,4260,986,5246
2024-12-30,2024-12-30,2024-12-30T15:30:00,2024-12-30T16:00:00,4269,993,5262
2024-12-30,2024-12-30,2024-12-30T16:00:00,2024-12-30T16:30:00,4346,1027,5373
2024-12-30,2024-12-30,2024-12-30T16:30:00,2024-12-30T17:00:00,4440,1099,5539
2024-12-30,2024-12-30,2024-12-30T17:00:00,2024-12-30T17:30:00,4614,1171,5785
2024-12-30,2024-12-30,2024-12-30T17:30:00,2024-12-30T18:00:00,4700,1200,5900
2024-12-30,2024-12-30,2024-12-30T18:00:00,2024-12-30T18:30:00,4673,1174,5847
2024-12-30,2024-12-30,2024-12-30T18:30:00,2024-12-30T19:00:00,4583,1136,5719
2024-12-30,2024-12-30,2024-12-30T19:00:00,2024-12-30T19:30:00,4454,1086,5540
2024-12-30,2024-12-30,2024-12-30T19:30:00,2024-12-30T20:00:00,4403,1046,5449
2024-12-30,2024-12-30,2024-12-30T20:00:00,2024-12-30T20:30:00,4298,1014,5312
2024-12-30,2024-12-30,2024-12-30T20:30:00,2024-12-30T21:00:00,4177,977,5154
2024-12-30,2024-12-30,2024-12-30T21:00:00,2024-12-30T21:30:00,4084,944,5028
2024-12-30,2024-12-30,2024-12-30T21:30:00,2024-12-30T22:00:00,3959,904,4863
2024-12-30,2024-12-30,2024-12-30T22:00:00,2024-12-30T22:30:00,3839,868,4707
2024-12-30,2024-12-30,2024-12-30T22:30:00,2024-12-30T23:00:00,3703,824,4527
2024-12-30,2024-12-31,2024-12-30T23:00:00,2024-12-30T23:30:00,3599,782,4381
2024-12-30,2024-12-31,2024-12-30T23:30:00,2024-12-31T00:00:00,3564,730,4294
2024-12-31,2024-12-31,2024-12-31T00:00:00,2024-12-31T00:30:00,3780,520,4300
2024-12-31,2024-12-31,2024-12-31T00:30:00,2024-12-31T01:00:00,3671,490,4161
2024-12-31,2024-12-31,2024-12-31T01:00:00,2024-12-31T01:30:00,3535,479,4014
2024-12-31,2024-12-31,2024-12-31T01:30:00,2024-12-31T02:00:00,3429,494,3923
2024-12-31,2024-12-31,2024-12-31T02:00:00,2024-12-31T02:30:00,3321,467,3788
2024-12-31,2024-12-31,2024-12-31T02:30:00,2024-12-31T03:00:00,3248,458,3706
2024-12-31,2024-12-31,2024-12-31T03:00:00,2024-12-31T03:30:00,3191,445,3636
2024-12-31,2024-12-31,2024-12-31T03:30:00,2024-12-31T04:00:00,3161,438,3599
2024-12-31,2024-12-31,2024-12-31T04:00:00,2024-12-31T04:30:00,3149,434,3583
2024-12-31,2024-12-31,2024-12-31T04:30:00,2024-12-31T05:00:00,3120,430,3550
2024-12-31,2024-12-31,2024-12-31T05:00:00,2024-12-31T05:30:00,3100,430,3530
2024-12-31,2024-12-31,2024-12-31T05:30:00,2024-12-31T06:00:00,3148,444,3592
2024-12-31,2024-12-31,2024-12-31T06:00:00,2024-12-31T06:30:00,3213,480,3693
2024-12-31,2024-12-31,2024-12-31T06:30:00,2024-12-31T07:00:00,3318,535,3853
2024-12-31,2024-12-31,2024-12-31T07:00:00,2024-12-31T07:30:00,3413,584,3997
2024-12-31,2024-12-31,2024-12-31T07:30:00,2024-12-31T08:00:00,3506,635,4141
2024-12-31,2024-12-31,2024-12-31T08:00:00,2024-12-31T08:30:00,3572,690,4262
2024-12-31,2024-12-31,2024-12-31T08:30:00,2024-12-31T09:00:00,3645,730,4375
2024-12-31,2024-12-31,2024-12-31T09:00:00,2024-12-31T09:30:00,3750,780,4530
2024-12-31,2024-12-31,2024-12-31T09:30:00,2024-12-31T10:00:00,3873,820,4693
2024-12-31,2024-12-31,2024-12-31T10:00:00,2024-12-31T10:30:00,3977,850,4827
2024-12-31,2024-12-31,2024-12-31T10:30:00,2024-12-31T11:00:00,4073,880,4953
2024-12-31,2024-12-31,2024-12-31T11:00:00,2024-12-31T11:30:00,4159,890,5049
2024-12-31,2024-12-31,2024-12-31T11:30:00,2024-12-31T12:00:00,4203,900,5103
2024-12-31,2024-12-31,2024-12-31T12:00:00,2024-12-31T12:30:00,4250,915,5165
2024-12-31,2024-12-31,2024-12-31T12:30:00,2024-12-31T13:00:00,4294,930,5224
2024-12-31,2024-12-31,2024-12-31T13:00:00,2024-12-31T13:30:00,4315,945,5260
2024-12-31,2024-12-31,2024-12-31T13:30:00,2024-12-31T14:00:00,4314,940,5254
2024-12-31,2024-12-31,2024-12-31T14:00:00,2024-12-31T14:30:00,4281,930,5211
2024-12-31,2024-12-31,2024-12-31T14:30:00,2024-12-31T15:00:00,4278,925,5203
2024-12-31,2024-12-31,2024-12-31T15:00:00,2024-12-31T15:30:00,4257,930,5187
2024-12-31,2024-12-31,2024-12-31T15:30:00,2024-12-31T16:00:00,4299,950,5249
2024-12-31,2024-12-31,2024-12-31T16:00:00,2024-12-31T16:30:00,4365,980,5345
2024-12-31,2024-12-31,2024-12-31T16:30:00,2024-12-31T17:00:00,4521,1050,5571
2024-12-31,2024-12-31,2024-12-31T17:00:00,2024-12-31T17:30:00,4679,1120,5799
2024-12-31,2024-12-31,2024-12-31T17:30:00,2024-12-31T18:00:00,4750,1150,5900
2024-12-31,2024-12-31,2024-12-31T18:00:00,2024-12-31T18:30:00,4713,1110,5823
2024-12-31,2024-12-31,2024-12-31T18:30:00,2024-12-31T19:00:00,4644,1060,5704
2024-12-31,2024-12-31,2024-12-31T19:00:00,2024-12-31T19:30:00,4539,1010,5549
2024-12-31,2024-12-31,2024-12-31T19:30:00,2024-12-31T20:00:00,4414,960,5374
2024-12-31,2024-12-31,2024-12-31T20:00:00,2024-12-31T20:30:00,4304,910,5214
2024-12-31,2024-12-31,2024-12-31T20:30:00,2024-12-31T21:00:00,4213,860,5073
2024-12-31,2024-12-31,2024-12-31T21:00:00,2024-12-31T21:30:00,4125,810,4935
2024-12-31,2024-12-31,2024-12-31T21:30:00,2024-12-31T22:00:00,4020,760,4780
2024-12-31,2024-12-31,2024-12-31T22:00:00,2024-12-31T22:30:00,3922,715,4637
2024-12-31,2024-12-31,2024-12-31T22:30:00,2024-12-31T23:00:00,3875,690,4565
2024-12-31,2025-01-01,2024-12-31T23:00:00,2024-12-31T23:30:00,3850,650,4500
2024-12-31,2025-01-01,2024-12-31T23:30:00,2025-01-01T00:00:00,3918,610,4528
2025-01-01,2025-01-01,2025-01-01T00:00:00,2025-01-01T00:30:00,3562,547,4109
2025-01-01,2025-01-01,2025-01-01T00:30:00,2025-01-01T01:00:00,3489,516,4005
2025-01-01,2025-01-01,2025-01-01T01:00:00,2025-01-01T01:30:00,3421,506,3927
2025-01-01,2025-01-01,2025-01-01T01:30:00,2025-01-01T02:00:00,3344,521,3865
2025-01-01,2025-01-01,2025-01-01T02:00:00,2025-01-01T02:30:00,3265,504,3769
2025-01-01,2025-01-01,2025-01-01T02:30:00,2025-01-01T03:00:00,3246,494,3740
2025-01-01,2025-01-01,2025-01-01T03:00:00,2025-01-01T03:30:00,3162,483,3645
2025-01-01,2025-01-01,2025-01-01T03:30:00,2025-01-01T04:00:00,3107,476,3583
2025-01-01,2025-01-01,2025-01-01T04:00:00,2025-01-01T04:30:00,3044,480,3524
2025-01-01,2025-01-01,2025-01-01T04:30:00,2025-01-01T05:00:00,3000,477,3477
2025-01-01,2025-01-01,2025-01-01T05:00:00,2025-01-01T05:30:00,3014,489,3503
2025-01-01,2025-01-01,2025-01-01T05:30:00,2025-01-01T06:00:00,3001,506,3507
2025-01-01,2025-01-01,2025-01-01T06:00:00,2025-01-01T06:30:00,3042,548,3590
2025-01-01,2025-01-01,2025-01-01T06:30:00,2025-01-01T07:00:00,3088,592,3680
2025-01-01,2025-01-01,2025-01-01T07:00:00,2025-01-01T07:30:00,3112,623,3735
2025-01-01,2025-01-01,2025-01-01T07:30:00,2025-01-01T08:00:00,3187,677,3864
2025-01-01,2025-01-01,2025-01-01T08:00:00,2025-01-01T08:30:00,3201,736,3937
2025-01-01,2025-01-01,2025-01-01T08:30:00,2025-01-01T09:00:00,3209,778,3987
2025-01-01,2025-01-01,2025-01-01T09:00:00,2025-01-01T09:30:00,3278,837,4115
2025-01-01,2025-01-01,2025-01-01T09:30:00,2025-01-01T10:00:00,3400,893,4293
2025-01-01,2025-01-01,2025-01-01T10:00:00,2025-01-01T10:30:00,3532,907,4439
2025-01-01,2025-01-01,2025-01-01T10:30:00,2025-01-01T11:00:00,3653,939,4592
2025-01-01,2025-01-01,2025-01-01T11:00:00,2025-01-01T11:30:00,3763,967,4730
2025-01-01,2025-01-01,2025-01-01T11:30:00,2025-01-01T12:00:00,3867,991,4858
2025-01-01,2025-01-01,2025-01-01T12:00:00,2025-01-01T12:30:00,4000,1019,5019
2025-01-01,2025-01-01,2025-01-01T12:30:00,2025-01-01T13:00:00,4102,1050,5152
2025-01-01,2025-01-01,2025-01-01T13:00:00,2025-01-01T13:30:00,4192,1073,5265
2025-01-01,2025-01-01,2025-01-01T13:30:00,2025-01-01T14:00:00,4219,1068,5287
2025-01-01,2025-01-01,2025-01-01T14:00:00,2025-01-01T14:30:00,4263,1043,5306
2025-01-01,2025-01-01,2025-01-01T14:30:00,2025-01-01T15:00:00,4264,1028,5292
2025-01-01,2025-01-01,2025-01-01T15:00:00,2025-01-01T15:30:00,4253,1020,5273
2025-01-01,2025-01-01,2025-01-01T15:30:00,2025-01-01T16:00:00,4286,1008,5294
2025-01-01,2025-01-01,2025-01-01T16:00:00,2025-01-01T16:30:00,4316,1022,5338
2025-01-01,2025-01-01,2025-01-01T16:30:00,2025-01-01T17:00:00,4434,1052,5486
2025-01-01,2025-01-01,2025-01-01T17:00:00,2025-01-01T17:30:00,4529,1095,5624
2025-01-01,2025-01-01,2025-01-01T17:30:00,2025-01-01T18:00:00,4550,1090,5640
2025-01-01,2025-01-01,2025-01-01T18:00:00,2025-01-01T18:30:00,4500,1065,5565
2025-01-01,2025-01-01,2025-01-01T18:30:00,2025-01-01T19:00:00,4414,1030,5444
2025-01-01,2025-01-01,2025-01-01T19:00:00,2025-01-01T19:30:00,4334,992,5326
2025-01-01,2025-01-01,2025-01-01T19:30:00,2025-01-01T20:00:00,4207,969,5176
2025-01-01,2025-01-01,2025-01-01T20:00:00,2025-01-01T20:30:00,4122,959,5081
2025-01-01,2025-01-01,2025-01-01T20:30:00,2025-01-01T21:00:00,4026,935,4961
2025-01-01,2025-01-01,2025-01-01T21:00:00,2025-01-01T21:30:00,3908,949,4857
2025-01-01,2025-01-01,2025-01-01T21:30:00,2025-01-01T22:00:00,3764,906,4670
2025-01-01,2025-01-01,2025-01-01T22:00:00,2025-01-01T22:30:00,3636,867,4503
2025-01-01,2025-01-01,2025-01-01T22:30:00,2025-01-01T23:00:00,3548,828,4376
2025-01-01,2025-01-02,2025-01-01T23:00:00,2025-01-01T23:30:00,3459,804,4263
2025-01-01,2025-01-02,2025-01-01T23:30:00,2025-01-02T00:00:00,3417,754,4171
2025-01-02,2025-01-02,2025-01-02T00:00:00,2025-01-02T00:30:00,3547,698,4245
2025-01-02,2025-01-02,2025-01-02T00:30:00,2025-01-02T01:00:00,3498,660,4158
2025-01-02,2025-01-02,2025-01-02T01:00:00,2025-01-02T01:30:00,3402,648,4050
2025-01-02,2025-01-02,2025-01-02T01:30:00,2025-01-02T02:00:00,3328,666,3994
2025-01-02,2025-01-02,2025-01-02T02:00:00,2025-01-02T02:30:00,3306,639,3945
2025-01-02,2025-01-02,2025-01-02T02:30:00,2025-01-02T03:00:00,3307,629,3936
2025-01-02,2025-01-02,2025-01-02T03:00:00,2025-01-02T03:30:00,3249,617,3866
2025-01-02,2025-01-02,2025-01-02T03:30:00,2025-01-02T04:00:00,3234,608,3842
2025-01-02,2025-01-02,2025-01-02T04:00:00,2025-01-02T04:30:00,3217,604,3821
2025-01-02,2025-01-02,2025-01-02T04:30:00,2025-01-02T05:00:00,3200,601,3801
2025-01-02,2025-01-02,2025-01-02T05:00:00,2025-01-02T05:30:00,3235,599,3834
2025-01-02,2025-01-02,2025-01-02T05:30:00,2025-01-02T06:00:00,3273,619,3892
2025-01-02,2025-01-02,2025-01-02T06:00:00,2025-01-02T06:30:00,3375,652,4027
2025-01-02,2025-01-02,2025-01-02T06:30:00,2025-01-02T07:00:00,3557,708,4265
2025-01-02,2025-01-02,2025-01-02T07:00:00,2025-01-02T07:30:00,3715,766,4481
2025-01-02,2025-01-02,2025-01-02T07:30:00,2025-01-02T08:00:00,3898,839,4737
2025-01-02,2025-01-02,2025-01-02T08:00:00,2025-01-02T08:30:00,4032,889,4921
2025-01-02,2025-01-02,2025-01-02T08:30:00,2025-01-02T09:00:00,4160,935,5095
2025-01-02,2025-01-02,2025-01-02T09:00:00,2025-01-02T09:30:00,4258,977,5235
2025-01-02,2025-01-02,2025-01-02T09:30:00,2025-01-02T10:00:00,4354,1037,5391
2025-01-02,2025-01-02,2025-01-02T10:00:00,2025-01-02T10:30:00,4428,1039,5467
2025-01-02,2025-01-02,2025-01-02T10:30:00,2025-01-02T11:00:00,4499,1070,5569
2025-01-02,2025-01-02,2025-01-02T11:00:00,2025-01-02T11:30:00,4561,1084,5645
2025-01-02,2025-01-02,2025-01-02T11:30:00,2025-01-02T12:00:00,4606,1108,5714
2025-01-02,2025-01-02,2025-01-02T12:00:00,2025-01-02T12:30:00,4658,1101,5759
2025-01-02,2025-01-02,2025-01-02T12:30:00,2025-01-02T13:00:00,4697,1133,5830
2025-01-02,2025-01-02,2025-01-02T13:00:00,2025-01-02T13:30:00,4716,1140,5856
2025-01-02,2025-01-02,2025-01-02T13:30:00,2025-01-02T14:00:00,4701,1134,5835
2025-01-02,2025-01-02,2025-01-02T14:00:00,2025-01-02T14:30:00,4690,1095,5785
2025-01-02,2025-01-02,2025-01-02T14:30:00,2025-01-02T15:00:00,4664,1080,5744
2025-01-02,2025-01-02,2025-01-02T15:00:00,2025-01-02T15:30:00,4671,1062,5733
2025-01-02,2025-01-02,2025-01-02T15:30:00,2025-01-02T16:00:00,4680,1051,5731
2025-01-02,2025-01-02,2025-01-02T16:00:00,2025-01-02T16:30:00,4755,1077,5832
2025-01-02,2025-01-02,2025-01-02T16:30:00,2025-01-02T17:00:00,4847,1110,5957
2025-01-02,2025-01-02,2025-01-02T17:00:00,2025-01-02T17:30:00,5016,1167,6183
2025-01-02,2025-01-02,2025-01-02T17:30:00,2025-01-02T18:00:00,5100,1163,6263
2025-01-02,2025-01-02,2025-01-02T18:00:00,2025-01-02T18:30:00,5074,1147,6221
2025-01-02,2025-01-02,2025-01-02T18:30:00,2025-01-02T19:00:00,4986,1109,6095
2025-01-02,2025-01-02,2025-01-02T19:00:00,2025-01-02T19:30:00,4860,1074,5934
2025-01-02,2025-01-02,2025-01-02T19:30:00,2025-01-02T20:00:00,4810,1048,5858
2025-01-02,2025-01-02,2025-01-02T20:00:00,2025-01-02T20:30:00,4708,1027,5735
2025-01-02,2025-01-02,2025-01-02T20:30:00,2025-01-02T21:00:00,4590,1001,5591
2025-01-02,2025-01-02,2025-01-02T21:00:00,2025-01-02T21:30:00,4500,1018,5518
2025-01-02,2025-01-02,2025-01-02T21:30:00,2025-01-02T22:00:00,4378,971,5349
2025-01-02,2025-01-02,2025-01-02T22:00:00,2025-01-02T22:30:00,4262,940,5202
2025-01-02,2025-01-02,2025-01-02T22:30:00,2025-01-02T23:00:00,4128,897,5025
2024-12-29,2024-12-30,2024-12-29T23:00:00,2024-12-29T23:30:00,3580,648,4228
2024-12-29,2024-12-30,2024-12-29T23:30:00,2024-12-30T00:00:00,3543,606,4149
2024-12-30,2024-12-30,2024-12-30T00:00:00,2024-12-30T00:30:00,3307,554,3861
2024-12-30,2024-12-30,2024-12-30T00:30:00,2024-12-30T01:00:00,3256,520,3776
2024-12-30,2024-12-30,2024-12-30T01:00:00,2024-12-30T01:30:00,3157,502,3659
2024-12-30,2024-12-30,2024-12-30T01:30:00,2024-12-30T02:00:00,3081,503,3584
2024-12-30,2024-12-30,2024-12-30T02:00:00,2024-12-30T02:30:00,3058,486,3544
2024-12-30,2024-12-30,2024-12-30T02:30:00,2024-12-30T03:00:00,3060,477,3537
2024-12-30,2024-12-30,2024-12-30T03:00:00,2024-12-30T03:30:00,3001,469,3470
2024-12-30,2024-12-30,2024-12-30T03:30:00,2024-12-30T04:00:00,2984,462,3446
2024-12-30,2024-12-30,2024-12-30T04:00:00,2024-12-30T04:30:00,2968,457,3425
2024-12-30,2024-12-30,2024-12-30T04:30:00,2024-12-30T05:00:00,2950,450,3400
2024-12-30,2024-12-30,2024-12-30T05:00:00,2024-12-30T05:30:00,2986,458,3444
2024-12-30,2024-12-30,2024-12-30T05:30:00,2024-12-30T06:00:00,3025,477,3502
2024-12-30,2024-12-30,2024-12-30T06:00:00,2024-12-30T06:30:00,3130,507,3637
2024-12-30,2024-12-30,2024-12-30T06:30:00,2024-12-30T07:00:00,3317,563,3880
2024-12-30,2024-12-30,2024-12-30T07:00:00,2024-12-30T07:30:00,3479,628,4107
2024-12-30,2024-12-30,2024-12-30T07:30:00,2024-12-30T08:00:00,3666,674,4340
2024-12-30,2024-12-30,2024-12-30T08:00:00,2024-12-30T08:30:00,3804,719,4523
2024-12-30,2024-12-30,2024-12-30T08:30:00,2024-12-30T09:00:00,3935,775,4710
2024-12-30,2024-12-30,2024-12-30T09:00:00,2024-12-30T09:30:00,4035,820,4855
2024-12-30,2024-12-30,2024-12-30T09:30:00,2024-12-30T10:00:00,4135,871,5006
2024-12-30,2024-12-30,2024-12-30T10:00:00,2024-12-30T10:30:00,4210,900,5110
2024-12-30,2024-12-30,2024-12-30T10:30:00,2024-12-30T11:00:00,4283,924,5207
2024-12-30,2024-12-30,2024-12-30T11:00:00,2024-12-30T11:30:00,4347,937,5284
2024-12-30,2024-12-30,2024-12-30T11:30:00,2024-12-30T12:00:00,4393,962,5355
2024-12-30,2024-12-30,2024-12-30T12:00:00,2024-12-30T12:30:00,4447,980,5427
2024-12-30,2024-12-30,2024-12-30T12:30:00,2024-12-30T13:00:00,4486,968,5454
2024-12-30,2024-12-30,2024-12-30T13:00:00,2024-12-30T13:30:00,4306,986,5292
2024-12-30,2024-12-30,2024-12-30T13:30:00,2024-12-30T14:00:00,4291,980,5271
2024-12-30,2024-12-30,2024-12-30T14:00:00,2024-12-30T14:30:00,4279,976,5255
2024-12-30,2024-12-30,2024-12-30T14:30:00,2024-12-30T15:00:00,4252,972,5224
2024-12-30,2024-12-30,2024-12-30T15:00:00,2024-12-30T15:30:00,4260,986,5246
2024-12-30,2024-12-30,2024-12-30T15:30:00,2024-12-30T16:00:00,4269,993,5262
2024-12-30,2024-12-30,2024-12-30T16:00:00,2024-12-30T16:30:00,4346,1027,5373
2024-12-30,2024-12-30,2024-12-30T16:30:00,2024-12-30T17:00:00,4440,1099,5539
2024-12-30,2024-12-30,2024-12-30T17:00:00,2024-12-30T17:30:00,4614,1171,5785
2024-12-30,2024-12-30,2024-12-30T17:30:00,2024-12-30T18:00:00,4700,1200,5900
2024-12-30,2024-12-30,2024-12-30T18:00:00,2024-12-30T18:30:00,4673,1174,5847
2024-12-30,2024-12-30,2024-12-30T18:30:00,2024-12-30T19:00:00,4583,1136,5719
2024-12-30,2024-12-30,2024-12-30T19:00:00,2024-12-30T19:30:00,4454,1086,5540
2024-12-30,2024-12-30,2024-12-30T19:30:00,2024-12-30T20:00:00,4403,1046,5449
2024-12-30,2024-12-30,2024-12-30T20:00:00,2024-12-30T20:30:00,4298,1014,5312
2024-12-30,2024-12-30,2024-12-30T20:30:00,2024-12-30T21:00:00,4177,977,5154
2024-12-30,2024-12-30,2024-12-30T21:00:00,2024-12-30T21:30:00,4084,944,5028
2024-12-30,2024-12-30,2024-12-30T21:30:00,2024-12-30T22:00:00,3959,904,4863
2024-12-30,2024-12-30,2024-12-30T22:00:00,2024-12-30T22:30:00,3839,868,4707
2024-12-30,2024-12-30,2024-12-30T22:30:00,2024-12-30T23:00:00,3703,824,4527
2024-12-30,2024-12-31,2024-12-30T23:00:00,2024-12-30T23:30:00,3599,782,4381
2024-12-30,2024-12-31,2024-12-30T23:30:00,2024-12-31T00:00:00,3564,730,4294
2024-12-31,2024-12-31,2024-12-31T00:00:00,2024-12-31T00:30:00,3780,520,4300
2024-12-31,2024-12-31,2024-12-31T00:30:00,2024-12-31T01:00:00,3671,490,4161
2024-12-31,2024-12-31,2024-12-31T01:00:00,2024-12-31T01:30:00,3535,479,4014
2024-12-31,2024-12-31,2024-12-31T01:30:00,2024-12-31T02:00:00,3429,494,3923
2024-12-31,2024-12-31,2024-12-31T02:00:00,2024-12-31T02:30:00,3321,467,3788
2024-12-31,2024-12-31,2024-12-31T02:30:00,2024-12-31T03:00:00,3248,458,3706
2024-12-31,2024-12-31,2024-12-31T03:00:00,2024-12-31T03:30:00,3191,445,3636
2024-12-31,2024-12-31,2024-12-31T03:30:00,2024-12-31T04:00:00,3161,438,3599
2024-12-31,2024-12-31,2024-12-31T04:00:00,2024-12-31T04:30:00,3149,434,3583
2024-12-31,2024-12-31,2024-12-31T04:30:00,2024-12-31T05:00:00,3120,430,3550
2024-12-31,2024-12-31,2024-12-31T05:00:00,2024-12-31T05:30:00,3100,430,3530
2024-12-31,2024-12-31,2024-12-31T05:30:00,2024-12-31T06:00:00,3148,444,3592
2024-12-31,2024-12-31,2024-12-31T06:00:00,2024-12-31T06:30:00,3213,480,3693
2024-12-31,2024-12-31,2024-12-31T06:30:00,2024-12-31T07:00:00,3318,535,3853
2024-12-31,2024-12-31,2024-12-31T07:00:00,2024-12-31T07:30:00,3413,584,3997
2024-12-31,2024-12-31,2024-12-31T07:30:00,2024-12-31T08:00:00,3506,635,4141
2024-12-31,2024-12-31,2024-12-31T08:00:00,2024-12-31T08:30:00,3572,690,4262
2024-12-31,2024-12-31,2024-12-31T08:30:00,2024-12-31T09:00:00,3645,730,4375
2024-12-31,2024-12-31,2024-12-31T09:00:00,2024-12-31T09:30:00,3750,780,4530
2024-12-31,2024-12-31,2024-12-31T09:30:00,2024-12-31T10:00:00,3873,820,4693
2024-12-31,2024-12-31,2024-12-31T10:00:00,2024-12-31T10:30:00,3977,850,4827
2024-12-31,2024-12-31,2024-12-31T10:30:00,2024-12-31T11:00:00,4073,880,4953
2024-12-31,2024-12-31,2024-12-31T11:00:00,2024-12-31T11:30:00,4159,890,5049
2024-12-31,2024-12-31,2024-12-31T11:30:00,2024-12-31T12:00:00,4203,900,5103
2024-12-31,2024-12-31,2024-12-31T12:00:00,2024-12-31T12:30:00,4250,915,5165
2024-12-31,2024-12-31,2024-12-31T12:30:00,2024-12-31T13:00:00,4294,930,5224
2024-12-31,2024-12-31,2024-12-31T13:00:00,2024-12-31T13:30:00,4315,945,5260
2024-12-31,2024-12-31,2024-12-31T13:30:00,2024-12-31T14:00:00,4314,940,5254
2024-12-31,2024-12-31,2024-12-31T14:00:00,2024-12-31T14:30:00,4281,930,5211
2024-12-31,2024-12-31,2024-12-31T14:30:00,2024-12-31T15:00:00,4278,925,5203
2024-12-31,2024-12-31,2024-12-31T15:00:00,2024-12-31T15:30:00,4257,930,5187
2024-12-31,2024-12-31,2024-12-31T15:30:00,2024-12-31T16:00:00,4299,950,5249
2024-12-31,2024-12-31,2024-12-31T16:00:00,2024-12-31T16:30:00,4365,980,5345
2024-12-31,2024-12-31,2024-12-31T16:30:00,2024-12-31T17:00:00,4521,1050,5571
2024-12-31,2024-12-31,2024-12-31T17:00:00,2024-12-31T17:30:00,4679,1120,5799
2024-12-31,2024-12-31,2024-12-31T17:30:00,2024-12-31T18:00:00,4750,1150,5900
2024-12-31,2024-12-31,2024-12-31T18:00:00,2024-12-31T18:30:00,4713,1110,5823
2024-12-31,2024-12-31,2024-12-31T18:30:00,2024-12-31T19:00:00,4644,1060,5704
2024-12-31,2024-12-31,2024-12-31T19:00:00,2024-12-31T19:30:00,4539,1010,5549
2024-12-31,2024-12-31,2024-12-31T19:30:00,2024-12-31T20:00:00,4414,960,5374
2024-12-31,2024-12-31,2024-12-31T20:00:00,2024-12-31T20:30:00,4304,910,5214
2024-12-31,2024-12-31,2024-12-31T20:30:00,2024-12-31T21:00:00,4213,860,5073
2024-12-31,2024-12-31,2024-12-31T21:00:00,2024-12-31T21:30:00,4125,810,4935
2024-12-31,2024-12-31,2024-12-31T21:30:00,2024-12-31T22:00:00,4020,760,4780
2024-12-31,2024-12-31,2024-12-31T22:00:00,2024-12-31T22:30:00,3922,715,4637
2024-12-31,2024-12-31,2024-12-31T22:30:00,2024-12-31T23:00:00,3875,690,4565
2024-12-31,2025-01-01,2024-12-31T23:00:00,2024-12-31T23:30:00,3850,650,4500
2024-12-31,2025-01-01,2024-12-31T23:30:00,2025-01-01T00:00:00,3918,610,4528
2025-01-01,2025-01-01,2025-01-01T00:00:00,2025-01-01T00:30:00,3562,547,4109
2025-01-01,2025-01-01,2025-01-01T00:30:00,2025-01-01T01:00:00,3489,516,4005
2025-01-01,2025-01-01,2025-01-01T01:00:00,2025-01-01T01:30:00,3421,506,3927
2025-01-01,2025-01-01,2025-01-01T01:30:00,2025-01-01T02:00:00,3344,521,3865
2025-01-01,2025-01-01,2025-01-01T02:00:00,2025-01-01T02:30:00,3265,504,3769
2025-01-01,2025-01-01,2025-01-01T02:30:00,2025-01-01T03:00:00,3246,494,3740
2025-01-01,2025-01-01,2025-01-01T03:00:00,2025-01-01T03:30:00,3162,483,3645
2025-01-01,2025-01-01,2025-01-01T03:30:00,2025-01-01T04:00:00,3107,476,3583
2025-01-01,2025-01-01,2025-01-01T04:00:00,2025-01-01T04:30:00,3044,480,3524
2025-01-01,2025-01-01,2025-01-01T04:30:00,2025-01-01T05:00:00,3000,477,3477
2025-01-01,2025-01-01,2025-01-01T05:00:00,2025-01-01T05:30:00,3014,489,3503
2025-01-01,2025-01-01,2025-01-01T05:30:00,2025-01-01T06:00:00,3001,506,3507
2025-01-01,2025-01-01,2025-01-01T06:00:00,2025-01-01T06:30:00,3042,548,3590
2025-01-01,2025-01-01,2025-01-01T06:30:00,2025-01-01T07:00:00,3088,592,3680
2025-01-01,2025-01-01,2025-01-01T07:00:00,2025-01-01T07:30:00,3112,623,3735
2025-01-01,2025-01-01,2025-01-01T07:30:00,2025-01-01T08:00:00,3187,677,3864
2025-01-01,2025-01-01,2025-01-01T08:00:00,2025-01-01T08:30:00,3201,736,3937
2025-01-01,2025-01-01,2025-01-01T08:30:00,2025-01-01T09:00:00,3209,778,3987
2025-01-01,2025-01-01,2025-01-01T09:00:00,2025-01-01T09:30:00,3278,837,4115
2025-01-01,2025-01-01,2025-01-01T09:30:00,2025-01-01T10:00:00,3400,893,4293
2025-01-01,2025-01-01,2025-01-01T10:00:00,2025-01-01T10:30:00,3532,907,4439
2025-01-01,2025-01-01,2025-01-01T10:30:00,2025-01-01T11:00:00,3653,939,4592
2025-01-01,2025-01-01,2025-01-01T11:00:00,2025-01-01T11:30:00,3763,967,4730
2025-01-01,2025-01-01,2025-01-01T11:30:00,2025-01-01T12:00:00,3867,991,4858
2025-01-01,2025-01-01,2025-01-01T12:00:00,2025-01-01T12:30:00,4000,1019,5019
2025-01-01,2025-01-01,2025-01-01T12:30:00,2025-01-01T13:00:00,4102,1050,5152
2025-01-01,2025-01-01,2025-01-01T13:00:00,2025-01-01T13:30:00,4192,1073,5265
2025-01-01,2025-01-01,2025-01-01T13:30:00,2025-01-01T14:00:00,4219,1068,5287
2025-01-01,2025-01-01,2025-01-01T14:00:00,2025-01-01T14:30:00,4263,1043,5306
2025-01-01,2025-01-01,2025-01-01T14:30:00,2025-01-01T15:00:00,4264,1028,5292
2025-01-01,2025-01-01,2025-01-01T15:00:00,2025-01-01T15:30:00,4253,1020,5273
2025-01-01,2025-01-01,2025-01-01T15:30:00,2025-01-01T16:00:00,4286,1008,5294
2025-01-01,2025-01-01,2025-01-01T16:00:00,2025-01-01T16:30:00,4316,1022,5338
2025-01-01,2025-01-01,2025-01-01T16:30:00,2025-01-01T17:00:00,4434,1052,5486
2025-01-01,2025-01-01,2025-01-01T17:00:00,2025-01-01T17:30:00,4529,1095,5624
2025-01-01,2025-01-01,2025-01-01T17:30:00,2025-01-01T18:00:00,4550,1090,5640
2025-01-01,2025-01-01,2025-01-01T18:00:00,2025-01-01T18:30:00,4500,1065,5565
2025-01-01,2025-01-01,2025-01-01T18:30:00,2025-01-01T19:00:00,4414,1030,5444
2025-01-01,2025-01-01,2025-01-01T19:00:00,2025-01-01T19:30:00,4334,992,5326
2025-01-01,2025-01-01,2025-01-01T19:30:00,2025-01-01T20:00:00,4207,969,5176
2025-01-01,2025-01-01,2025-01-01T20:00:00,2025-01-01T20:30:00,4122,959,5081
2025-01-01,2025-01-01,2025-01-01T20:30:00,2025-01-01T21:00:00,4026,935,4961
2025-01-01,2025-01-01,2025-01-01T21:00:00,2025-01-01T21:30:00,3908,949,4857
2025-01-01,2025-01-01,2025-01-01T21:30:00,2025-01-01T22:00:00,3764,906,4670
2025-01-01,2025-01-01,2025-01-01T22:00:00,2025-01-01T22:30:00,3636,867,4503
2025-01-01,2025-01-01,2025-01-01T22:30:00,2025-01-01T23:00:00,3548,828,4376
2025-01-01,2025-01-02,2025-01-01T23:00:00,2025-01-01T23:30:00,3459,804,4263
2025-01-01,2025-01-02,2025-01-01T23:30:00,2025-01-02T00:00:00,3417,754,4171
2025-01-02,2025-01-02,2025-01-02T00:00:00,2025-01-02T00:30:00,3547,698,4245
2025-01-02,2025-01-02,2025-01-02T00:30:00,2025-01-02T01:00:00,3498,660,4158
2025-01-02,2025-01-02,2025-01-02T01:00:00,2025-01-02T01:30:00,3402,648,4050
2025-01-02,2025-01-02,2025-01-02T01:30:00,2025-01-02T02:00:00,3328,666,3994
2025-01-02,2025-01-02,2025-01-02T02:00:00,2025-01-02T02:30:00,3306,639,3945
2025-01-02,2025-01-02,2025-01-02T02:30:00,2025-01-02T03:00:00,3307,629,3936
2025-01-02,2025-01-02,2025-01-02T03:00:00,2025-01-02T03:30:00,3249,617,3866
2025-01-02,2025-01-02,2025-01-02T03:30:00,2025-01-02T04:00:00,3234,608,3842
2025-01-02,2025-01-02,2025-01-02T04:00:00,2025-01-02T04:30:00,3217,604,3821
2025-01-02,2025-01-02,2025-01-02T04:30:00,2025-01-02T05:00:00,3200,601,3801
2025-01-02,2025-01-02,2025-01-02T05:00:00,2025-01-02T05:30:00,3235,599,3834
2025-01-02,2025-01-02,2025-01-02T05:30:00,2025-01-02T06:00:00,3273,619,3892
2025-01-02,2025-01-02,2025-01-02T06:00:00,2025-01-02T06:30:00,3375,652,4027
2025-01-02,2025-01-02,2025-01-02T06:30:00,2025-01-02T07:00:00,3557,708,4265
2025-01-02,2025-01-02,2025-01-02T07:00:00,2025-01-02T07:30:00,3715,766,4481
2025-01-02,2025-01-02,2025-01-02T07:30:00,2025-01-02T08:00:00,3898,839,4737
2025-01-02,2025-01-02,2025-01-02T08:00:00,2025-01-02T08:30:00,4032,889,4921
2025-01-02,2025-01-02,2025-01-02T08:30:00,2025-01-02T09:00:00,4160,935,5095
2025-01-02,2025-01-02,2025-01-02T09:00:00,2025-01-02T09:30:00,4258,977,5235
2025-01-02,2025-01-02,2025-01-02T09:30:00,2025-01-02T10:00:00,4354,1037,5391
2025-01-02,2025-01-02,2025-01-02T10:00:00,2025-01-02T10:30:00,4428,1039,5467
2025-01-02,2025-01-02,2025-01-02T10:30:00,2025-01-02T11:00:00,4499,1070,5569
2025-01-02,2025-01-02,2025-01-02T11:00:00,2025-01-02T11:30:00,4561,1084,5645
2025-01-02,2025-01-02,2025-01-02T11:30:00,2025-01-02T12:00:00,4606,1108,5714
2025-01-02,2025-01-02,2025-01-02T12:00:00,2025-01-02T12:30:00,4658,1101,5759
2025-01-02,2025-01-02,2025-01-02T12:30:00,2025-01-02T13:00:00,4697,1133,5830
2025-01-02,2025-01-02,2025-01-02T13:00:00,2025-01-02T13:30:00,4716,1140,5856
2025-01-02,2025-01-02,2025-01-02T13:30:00,2025-01-02T14:00:00,4701,1134,5835
2025-01-02,2025-01-02,2025-01-02T14:00:00,2025-01-02T14:30:00,4690,1095,5785
2025-01-02,2025-01-02,2025-01-02T14:30:00,2025-01-02T15:00:00,4664,1080,5744
2025-01-02,2025-01-02,2025-01-02T15:00:00,2025-01-02T15:30:00,4671,1062,5733
2025-01-02,2025-01-02,2025-01-02T15:30:00,2025-01-02T16:00:00,4680,1051,5731
2025-01-02,2025-01-02,2025-01-02T16:00:00,2025-01-02T16:30:00,4755,1077,5832
2025-01-02,2025-01-02,2025-01-02T16:30:00,2025-01-02T17:00:00,4847,1110,5957
2025-01-02,2025-01-02,2025-01-02T17:00:00,2025-01-02T17:30:00,5016,1167,6183
2025-01-02,2025-01-02,2025-01-02T17:30:00,2025-01-02T18:00:00,5100,1163,6263
2025-01-02,2025-01-02,2025-01-02T18:00:00,2025-01-02T18:30:00,5074,1147,6221
2025-01-02,2025-01-02,2025-01-02T18:30:00,2025-01-02T19:00:00,4986,1109,6095
2025-01-02,2025-01-02,2025-01-02T19:00:00,2025-01-02T19:30:00,4860,1074,5934
2025-01-02,2025-01-02,2025-01-02T19:30:00,2025-01-02T20:00:00,4810,1048,5858
2025-01-02,2025-01-02,2025-01-02T20:00:00,2025-01-02T20:30:00,4708,1027,5735
2025-01-02,2025-01-02,2025-01-02T20:30:00,2025-01-02T21:00:00,4590,1001,5591
2025-01-02,2025-01-02,2025-01-02T21:00:00,2025-01-02T21:30:00,4500,1018,5518
2025-01-02,2025-01-02,2025-01-02T21:30:00,2025-01-02T22:00:00,4378,971,5349
2025-01-02,2025-01-02,2025-01-02T22:00:00,2025-01-02T22:30:00,4262,940,5202
2025-01-02,2025-01-02,2025-01-02T22:30:00,2025-01-02T23:00:00,4128,897,5025
2024-12-29,2024-12-30,2024-12-29T23:00:00,2024-12-29T23:30:00,3580,648,4228
2024-12-29,2024-12-30,2024-12-29T23:30:00,2024-12-30T00:00:00,3543,606,4149
2024-12-30,2024-12-30,2024-12-30T00:00:00,2024-12-30T00:30:00,3307,554,3861
2024-12-30,2024-12-30,2024-12-30T00:30:00,2024-12-30T01:00:00,3256,520,3776
2024-12-30,2024-12-30,2024-12-30T01:00:00,2024-12-30T01:30:00,3157,502,3659
2024-12-30,2024-12-30,2024-12-30T01:30:00,2024-12-30T02:00:00,3081,503,3584
2024-12-30,2024-12-30,2024-12-30T02:00:00,2024-12-30T02:30:00,3058,486,3544
2024-12-30,2024-12-30,2024-12-30T02:30:00,2024-12-30T03:00:00,3060,477,3537
2024-12-30,2024-12-30,2024-12-30T03:00:00,2024-12-30T03:30:00,3001,469,3470
2024-12-30,2024-12-30,2024-12-30T03:30:00,2024-12-30T04:00:00,2984,462,3446
2024-12-30,2024-12-30,2024-12-30T04:00:00,2024-12-30T04:30:00,2968,457,3425
2024-12-30,2024-12-30,2024-12-30T04:30:00,2024-12-30T05:00:00,2950,450,3400
2024-12-30,2024-12-30,2024-12-30T05:00:00,2024-12-30T05:30:00,2986,458,3444
2024-12-30,2024-12-30,2024-12-30T05:30:00,2024-12-30T06:00:00,3025,477,3502
2024-12-30,2024-12-30,2024-12-30T06:00:00,2024-12-30T06:30:00,3130,507,3637
2024-12-30,2024-12-30,2024-12-30T06:30:00,2024-12-30T07:00:00,3317,563,3880
2024-12-30,2024-12-30,2024-12-30T07:00:00,2024-12-30T07:30:00,3479,628,4107
2024-12-30,2024-12-30,2024-12-30T07:30:00,2024-12-30T08:00:00,3666,674,4340
2024-12-30,2024-12-30,2024-12-30T08:00:00,2024-12-30T08:30:00,3804,719,4523
2024-12-30,2024-12-30,2024-12-30T08:30:00,2024-12-30T09:00:00,3935,775,4710
2024-12-30,2024-12-30,2024-12-30T09:00:00,2024-12-30T09:30:00,4035,820,4855
2024-12-30,2024-12-30,2024-12-30T09:30:00,2024-12-30T10:00:00,4135,871,5006
2024-12-30,2024-12-30,2024-12-30T10:00:00,2024-12-30T10:30:00,4210,900,5110
2024-12-30,2024-12-30,2024-12-30T10:30:00,2024-12-30T11:00:00,4283,924,5207
2024-12-30,2024-12-30,2024-12-30T11:00:00,2024-12-30T11:30:00,4347,937,5284
2024-12-30,2024-12-30,2024-12-30T11:30:00,2024-12-30T12:00:00,4393,962,5355
2024-12-30,2024-12-30,2024-12-30T12:00:00,2024-12-30T12:30:00,4447,980,5427
2024-12-30,2024-12-30,2024-12-30T12:30:00,2024-12-30T13:00:00,4486,968,5454
2024-12-30,2024-12-30,2024-12-30T13:00:00,2024-12-30T13:30:00,4506,986,5492
2024-12-30,2024-12-30,2024-12-30T13:30:00,2024-12-30T14:00:00,4491,980,5471
2024-12-30,2024-12-30,2024-12-30T14:00:00,2024-12-30T14:30:00,4479,976,5455
2024-12-30,2024-12-30,2024-12-30T14:30:00,2024-12-30T15:00:00,4452,972,5424
2024-12-30,2024-12-30,2024-12-30T15:00:00,2024-12-30T15:30:00,4460,986,5446
2024-12-30,2024-12-30,2024-12-30T15:30:00,2024-12-30T16:00:00,4469,993,5462
2024-12-30,2024-12-30,2024-12-30T16:00:00,2024-12-30T16:30:00,4546,1027,5573
2024-12-30,2024-12-30,2024-12-30T16:30:00,2024-12-30T17:00:00,4640,1099,5739
2024-12-30,2024-12-30,2024-12-30T17:00:00,2024-12-30T17:30:00,4814,1171,5985
2024-12-30,2024-12-30,2024-12-30T17:30:00,2024-12-30T18:00:00,4900,1200,6100
2024-12-30,2024-12-30,2024-12-30T18:00:00,2024-12-30T18:30:00,4873,1174,6047
2024-12-30,2024-12-30,2024-12-30T18:30:00,2024-12-30T19:00:00,4783,1136,5919
2024-12-30,2024-12-30,2024-12-30T19:00:00,2024-12-30T19:30:00,4654,1086,5740
2024-12-30,2024-12-30,2024-12-30T19:30:00,2024-12-30T20:00:00,4603,1046,5649
2024-12-30,2024-12-30,2024-12-30T20:00:00,2024-12-30T20:30:00,4498,1014,5512
2024-12-30,2024-12-30,2024-12-30T20:30:00,2024-12-30T21:00:00,4377,977,5354
2024-12-30,2024-12-30,2024-12-30T21:00:00,2024-12-30T21:30:00,4284,944,5228
2024-12-30,2024-12-30,2024-12-30T21:30:00,2024-12-30T22:00:00,4159,904,5063
2024-12-30,2024-12-30,2024-12-30T22:00:00,2024-12-30T22:30:00,4039,868,4907
2024-12-30,2024-12-30,2024-12-30T22:30:00,2024-12-30T23:00:00,3903,824,4727
2024-12-30,2024-12-31,2024-12-30T23:00:00,2024-12-30T23:30:00,3799,782,4581
2024-12-30,2024-12-31,2024-12-30T23:30:00,2024-12-31T00:00:00,3764,730,4494
2024-12-31,2024-12-31,2024-12-31T00:00:00,2024-12-31T00:30:00,3780,520,4300
2024-12-31,2024-12-31,2024-12-31T00:30:00,2024-12-31T01:00:00,3688,490,4178
2024-12-31,2024-12-31,2024-12-31T01:00:00,2024-12-31T01:30:00,3568,479,4047
2024-12-31,2024-12-31,2024-12-31T01:30:00,2024-12-31T02:00:00,3477,494,3971
2024-12-31,2024-12-31,2024-12-31T02:00:00,2024-12-31T02:30:00,3383,467,3850
2024-12-31,2024-12-31,2024-12-31T02:30:00,2024-12-31T03:00:00,3325,458,3783
2024-12-31,2024-12-31,2024-12-31T03:00:00,2024-12-31T03:30:00,3282,445,3727
2024-12-31,2024-12-31,2024-12-31T03:30:00,2024-12-31T04:00:00,3266,438,3704
2024-12-31,2024-12-31,2024-12-31T04:00:00,2024-12-31T04:30:00,3270,434,3704
2024-12-31,2024-12-31,2024-12-31T04:30:00,2024-12-31T05:00:00,3255,430,3685
2024-12-31,2024-12-31,2024-12-31T05:00:00,2024-12-31T05:30:00,3250,430,3680
2024-12-31,2024-12-31,2024-12-31T05:30:00,2024-12-31T06:00:00,3298,444,3742
2024-12-31,2024-12-31,2024-12-31T06:00:00,2024-12-31T06:30:00,3365,480,3845
2024-12-31,2024-12-31,2024-12-31T06:30:00,2024-12-31T07:00:00,3472,535,4007
2024-12-31,2024-12-31,2024-12-31T07:00:00,2024-12-31T07:30:00,3569,584,4153
2024-12-31,2024-12-31,2024-12-31T07:30:00,2024-12-31T08:00:00,3663,635,4298
2024-12-31,2024-12-31,2024-12-31T08:00:00,2024-12-31T08:30:00,3730,690,4420
2024-12-31,2024-12-31,2024-12-31T08:30:00,2024-12-31T09:00:00,3804,730,4534
2024-12-31,2024-12-31,2024-12-31T09:00:00,2024-12-31T09:30:00,3911,780,4691
2024-12-31,2024-12-31,2024-12-31T09:30:00,2024-12-31T10:00:00,4037,820,4857
2024-12-31,2024-12-31,2024-12-31T10:00:00,2024-12-31T10:30:00,4142,850,4992
2024-12-31,2024-12-31,2024-12-31T10:30:00,2024-12-31T11:00:00,4239,880,5119
2024-12-31,2024-12-31,2024-12-31T11:00:00,2024-12-31T11:30:00,4326,890,5216
2024-12-31,2024-12-31,2024-12-31T11:30:00,2024-12-31T12:00:00,4369,900,5269
2024-12-31,2024-12-31,2024-12-31T12:00:00,2024-12-31T12:30:00,4415,920,5335
2024-12-31,2024-12-31,2024-12-31T12:30:00,2024-12-31T13:00:00,4458,930,5388
2024-12-31,2024-12-31,2024-12-31T13:00:00,2024-12-31T13:30:00,4478,945,5423
2024-12-31,2024-12-31,2024-12-31T13:30:00,2024-12-31T14:00:00,4474,940,5414
2024-12-31,2024-12-31,2024-12-31T14:00:00,2024-12-31T14:30:00,4436,930,5366
2024-12-31,2024-12-31,2024-12-31T14:30:00,2024-12-31T15:00:00,4430,925,5355
2024-12-31,2024-12-31,2024-12-31T15:00:00,2024-12-31T15:30:00,4406,930,5336
2024-12-31,2024-12-31,2024-12-31T15:30:00,2024-12-31T16:00:00,4447,950,5397
2024-12-31,2024-12-31,2024-12-31T16:00:00,2024-12-31T16:30:00,4512,980,5492
2024-12-31,2024-12-31,2024-12-31T16:30:00,2024-12-31T17:00:00,4670,1050,5720
2024-12-31,2024-12-31,2024-12-31T17:00:00,2024-12-31T17:30:00,4830,1120,5950
2024-12-31,2024-12-31,2024-12-31T17:30:00,2024-12-31T18:00:00,4900,1150,6050
2024-12-31,2024-12-31,2024-12-31T18:00:00,2024-12-31T18:30:00,4849,1110,5959
2024-12-31,2024-12-31,2024-12-31T18:30:00,2024-12-31T19:00:00,4766,1060,5826
2024-12-31,2024-12-31,2024-12-31T19:00:00,2024-12-31T19:30:00,4646,1010,5656
2024-12-31,2024-12-31,2024-12-31T19:30:00,2024-12-31T20:00:00,4506,960,5466
2024-12-31,2024-12-31,2024-12-31T20:00:00,2024-12-31T20:30:00,4382,910,5292
2024-12-31,2024-12-31,2024-12-31T20:30:00,2024-12-31T21:00:00,4278,860,5138
2024-12-31,2024-12-31,2024-12-31T21:00:00,2024-12-31T21:30:00,4178,810,4988
2024-12-31,2024-12-31,2024-12-31T21:30:00,2024-12-31T22:00:00,4062,760,4822
2024-12-31,2024-12-31,2024-12-31T22:00:00,2024-12-31T22:30:00,3953,715,4668
2024-12-31,2024-12-31,2024-12-31T22:30:00,2024-12-31T23:00:00,3895,690,4585
2024-12-31,2025-01-01,2024-12-31T23:00:00,2024-12-31T23:30:00,3860,650,4510
2024-12-31,2025-01-01,2024-12-31T23:30:00,2025-01-01T00:00:00,3918,610,4528
2025-01-01,2025-01-01,2025-01-01T00:00:00,2025-01-01T00:30:00,3562,547,4109
2025-01-01,2025-01-01,2025-01-01T00:30:00,2025-01-01T01:00:00,3489,516,4005
2025-01-01,2025-01-01,2025-01-01T01:00:00,2025-01-01T01:30:00,3421,506,3927
2025-01-01,2025-01-01,2025-01-01T01:30:00,2025-01-01T02:00:00,3344,521,3865
2025-01-01,2025-01-01,2025-01-01T02:00:00,2025-01-01T02:30:00,3265,504,3769
2025-01-01,2025-01-01,2025-01-01T02:30:00,2025-01-01T03:00:00,3246,494,3740
2025-01-01,2025-01-01,2025-01-01T03:00:00,2025-01-01T03:30:00,3162,483,3645
2025-01-01,2025-01-01,2025-01-01T03:30:00,2025-01-01T04:00:00,3107,476,3583
2025-01-01,2025-01-01,2025-01-01T04:00:00,2025-01-01T04:30:00,3044,480,3524
2025-01-01,2025-01-01,2025-01-01T04:30:00,2025-01-01T05:00:00,3000,477,3477
2025-01-01,2025-01-01,2025-01-01T05:00:00,2025-01-01T05:30:00,3014,489,3503
2025-01-01,2025-01-01,2025-01-01T05:30:00,2025-01-01T06:00:00,3001,506,3507
2025-01-01,2025-01-01,2025-01-01T06:00:00,2025-01-01T06:30:00,3042,548,3590
2025-01-01,2025-01-01,2025-01-01T06:30:00,2025-01-01T07:00:00,3088,592,3680
2025-01-01,2025-01-01,2025-01-01T07:00:00,2025-01-01T07:30:00,3112,623,3735
2025-01-01,2025-01-01,2025-01-01T07:30:00,2025-01-01T08:00:00,3187,677,3864
2025-01-01,2025-01-01,2025-01-01T08:00:00,2025-01-01T08:30:00,3201,736,3937
2025-01-01,2025-01-01,2025-01-01T08:30:00,2025-01-01T09:00:00,3209,778,3987
2025-01-01,2025-01-01,2025-01-01T09:00:00,2025-01-01T09:30:00,3278,837,4115
2025-01-01,2025-01-01,2025-01-01T09:30:00,2025-01-01T10:00:00,3400,893,4293
2025-01-01,2025-01-01,2025-01-01T10:00:00,2025-01-01T10:30:00,3532,907,4439
2025-01-01,2025-01-01,2025-01-01T10:30:00,2025-01-01T11:00:00,3653,939,4592
2025-01-01,2025-01-01,2025-01-01T11:00:00,2025-01-01T11:30:00,3763,967,4730
2025-01-01,2025-01-01,2025-01-01T11:30:00,2025-01-01T12:00:00,3867,991,4858
2025-01-01,2025-01-01,2025-01-01T12:00:00,2025-01-01T12:30:00,4000,1019,5019
2025-01-01,2025-01-01,2025-01-01T12:30:00,2025-01-01T13:00:00,4102,1050,5152
2025-01-01,2025-01-01,2025-01-01T13:00:00,2025-01-01T13:30:00,4192,1073,5265
2025-01-01,2025-01-01,2025-01-01T13:30:00,2025-01-01T14:00:00,4219,1068,5287
2025-01-01,2025-01-01,2025-01-01T14:00:00,2025-01-01T14:30:00,4263,1043,5306
2025-01-01,2025-01-01,2025-01-01T14:30:00,2025-01-01T15:00:00,4264,1028,5292
2025-01-01,2025-01-01,2025-01-01T15:00:00,2025-01-01T15:30:00,4253,1020,5273
2025-01-01,2025-01-01,2025-01-01T15:30:00,2025-01-01T16:00:00,4286,1008,5294
2025-01-01,2025-01-01,2025-01-01T16:00:00,2025-01-01T16:30:00,4316,1022,5338
2025-01-01,2025-01-01,2025-01-01T16:30:00,2025-01-01T17:00:00,4434,1052,5486
2025-01-01,2025-01-01,2025-01-01T17:00:00,2025-01-01T17:30:00,4529,1095,5624
2025-01-01,2025-01-01,2025-01-01T17:30:00,2025-01-01T18:00:00,4550,1090,5640
2025-01-01,2025-01-01,2025-01-01T18:00:00,2025-01-01T18:30:00,4500,1065,5565
2025-01-01,2025-01-01,2025-01-01T18:30:00,2025-01-01T19:00:00,4414,1030,5444
2025-01-01,2025-01-01,2025-01-01T19:00:00,2025-01-01T19:30:00,4334,992,5326
2025-01-01,2025-01-01,2025-01-01T19:30:00,2025-01-01T20:00:00,4207,969,5176
2025-01-01,2025-01-01,2025-01-01T20:00:00,2025-01-01T20:30:00,4122,959,5081
2025-01-01,2025-01-01,2025-01-01T20:30:00,2025-01-01T21:00:00,4026,935,4961
2025-01-01,2025-01-01,2025-01-01T21:00:00,2025-01-01T21:30:00,3908,949,4857
2025-01-01,2025-01-01,2025-01-01T21:30:00,2025-01-01T22:00:00,3764,906,4670
2025-01-01,2025-01-01,2025-01-01T22:00:00,2025-01-01T22:30:00,3636,867,4503
2025-01-01,2025-01-01,2025-01-01T22:30:00,2025-01-01T23:00:00,3548,828,4376
2025-01-01,2025-01-02,2025-01-01T23:00:00,2025-01-01T23:30:00,3459,804,4263
2025-01-01,2025-01-02,2025-01-01T23:30:00,2025-01-02T00:00:00,3417,754,4171
2025-01-02,2025-01-02,2025-01-02T00:00:00,2025-01-02T00:30:00,3547,698,4245
2025-01-02,2025-01-02,2025-01-02T00:30:00,2025-01-02T01:00:00,3498,660,4158
2025-01-02,2025-01-02,2025-01-02T01:00:00,2025-01-02T01:30:00,3402,648,4050
2025-01-02,2025-01-02,2025-01-02T01:30:00,2025-01-02T02:00:00,3328,666,3994
2025-01-02,2025-01-02,2025-01-02T02:00:00,2025-01-02T02:30:00,3306,639,3945
2025-01-02,2025-01-02,2025-01-02T02:30:00,2025-01-02T03:00:00,3307,629,3936
2025-01-02,2025-01-02,2025-01-02T03:00:00,2025-01-02T03:30:00,3249,617,3866
2025-01-02,2025-01-02,2025-01-02T03:30:00,2025-01-02T04:00:00,3234,608,3842
2025-01-02,2025-01-02,2025-01-02T04:00:00,2025-01-02T04:30:00,3217,604,3821
2025-01-02,2025-01-02,2025-01-02T04:30:00,2025-01-02T05:00:00,3200,601,3801
2025-01-02,2025-01-02,2025-01-02T05:00:00,2025-01-02T05:30:00,3235,599,3834
2025-01-02,2025-01-02,2025-01-02T05:30:00,2025-01-02T06:00:00,3273,619,3892
2025-01-02,2025-01-02,2025-01-02T06:00:00,2025-01-02T06:30:00,3375,652,4027
2025-01-02,2025-01-02,2025-01-02T06:30:00,2025-01-02T07:00:00,3557,708,4265
2025-01-02,2025-01-02,2025-01-02T07:00:00,2025-01-02T07:30:00,3715,766,4481
2025-01-02,2025-01-02,2025-01-02T07:30:00,2025-01-02T08:00:00,3898,839,4737
2025-01-02,2025-01-02,2025-01-02T08:00:00,2025-01-02T08:30:00,4032,889,4921
2025-01-02,2025-01-02,2025-01-02T08:30:00,2025-01-02T09:00:00,4160,935,5095
2025-01-02,2025-01-02,2025-01-02T09:00:00,2025-01-02T09:30:00,4258,977,5235
2025-01-02,2025-01-02,2025-01-02T09:30:00,2025-01-02T10:00:00,4354,1037,5391
2025-01-02,2025-01-02,2025-01-02T10:00:00,2025-01-02T10:30:00,4428,1039,5467
2025-01-02,2025-01-02,2025-01-02T10:30:00,2025-01-02T11:00:00,4499,1070,5569
2025-01-02,2025-01-02,2025-01-02T11:00:00,2025-01-02T11:30:00,4561,1084,5645
2025-01-02,2025-01-02,2025-01-02T11:30:00,2025-01-02T12:00:00,4606,1108,5714
2025-01-02,2025-01-02,2025-01-02T12:00:00,2025-01-02T12:30:00,4658,1101,5759
2025-01-02,2025-01-02,2025-01-02T12:30:00,2025-01-02T13:00:00,4697,1133,5830
2025-01-02,2025-01-02,2025-01-02T13:00:00,2025-01-02T13:30:00,4716,1140,5856
2025-01-02,2025-01-02,2025-01-02T13:30:00,2025-01-02T14:00:00,4701,1134,5835
2025-01-02,2025-01-02,2025-01-02T14:00:00,2025-01-02T14:30:00,4690,1095,5785
2025-01-02,2025-01-02,2025-01-02T14:30:00,2025-01-02T15:00:00,4664,1080,5744
2025-01-02,2025-01-02,2025-01-02T15:00:00,2025-01-02T15:30:00,4671,1062,5733
2025-01-02,2025-01-02,2025-01-02T15:30:00,2025-01-02T16:00:00,4680,1051,5731
2025-01-02,2025-01-02,2025-01-02T16:00:00,2025-01-02T16:30:00,4755,1077,5832
2025-01-02,2025-01-02,2025-01-02T16:30:00,2025-01-02T17:00:00,4847,1110,5957
2025-01-02,2025-01-02,2025-01-02T17:00:00,2025-01-02T17:30:00,5016,1167,6183
2025-01-02,2025-01-02,2025-01-02T17:30:00,2025-01-02T18:00:00,5100,1163,6263
2025-01-02,2025-01-02,2025-01-02T18:00:00,2025-01-02T18:30:00,5074,1147,6221
2025-01-02,2025-01-02,2025-01-02T18:30:00,2025-01-02T19:00:00,4986,1109,6095
2025-01-02,2025-01-02,2025-01-02T19:00:00,2025-01-02T19:30:00,4860,1074,5934
2025-01-02,2025-01-02,2025-01-02T19:30:00,2025-01-02T20:00:00,4810,1048,5858
2025-01-02,2025-01-02,2025-01-02T20:00:00,2025-01-02T20:30:00,4708,1027,5735
2025-01-02,2025-01-02,2025-01-02T20:30:00,2025-01-02T21:00:00,4590,1001,5591
2025-01-02,2025-01-02,2025-01-02T21:00:00,2025-01-02T21:30:00,4500,1018,5518
2025-01-02,2025-01-02,2025-01-02T21:30:00,2025-01-02T22:00:00,4378,971,5349
2025-01-02,2025-01-02,2025-01-02T22:00:00,2025-01-02T22:30:00,4262,940,5202
2025-01-02,2025-01-02,2025-01-02T22:30:00,2025-01-02T23:00:00,4128,897,5025
2024-12-29,2024-12-30,2024-12-29T23:00:00,2024-12-29T23:30:00,3580,648,4228
2024-12-29,2024-12-30,2024-12-29T23:30:00,2024-12-30T00:00:00,3543,606,4149
2024-12-30,2024-12-30,2024-12-30T00:00:00,2024-12-30T00:30:00,3307,554,3861
2024-12-30,2024-12-30,2024-12-30T00:30:00,2024-12-30T01:00:00,3256,520,3776
2024-12-30,2024-12-30,2024-12-30T01:00:00,2024-12-30T01:30:00,3157,502,3659
2024-12-30,2024-12-30,2024-12-30T01:30:00,2024-12-30T02:00:00,3081,503,3584
2024-12-30,2024-12-30,2024-12-30T02:00:00,2024-12-30T02:30:00,3058,486,3544
2024-12-30,2024-12-30,2024-12-30T02:30:00,2024-12-30T03:00:00,3060,477,3537
2024-12-30,2024-12-30,2024-12-30T03:00:00,2024-12-30T03:30:00,3001,469,3470
2024-12-30,2024-12-30,2024-12-30T03:30:00,2024-12-30T04:00:00,2984,462,3446
2024-12-30,2024-12-30,2024-12-30T04:00:00,2024-12-30T04:30:00,2968,457,3425
2024-12-30,2024-12-30,2024-12-30T04:30:00,2024-12-30T05:00:00,2950,450,3400
2024-12-30,2024-12-30,2024-12-30T05:00:00,2024-12-30T05:30:00,2986,458,3444
2024-12-30,2024-12-30,2024-12-30T05:30:00,2024-12-30T06:00:00,3025,477,3502
2024-12-30,2024-12-30,2024-12-30T06:00:00,2024-12-30T06:30:00,3130,507,3637
2024-12-30,2024-12-30,2024-12-30T06:30:00,2024-12-30T07:00:00,3317,563,3880
2024-12-30,2024-12-30,2024-12-30T07:00:00,2024-12-30T07:30:00,3479,628,4107
2024-12-30,2024-12-30,2024-12-30T07:30:00,2024-12-30T08:00:00,3666,674,4340
2024-12-30,2024-12-30,2024-12-30T08:00:00,2024-12-30T08:30:00,3804,719,4523
2024-12-30,2024-12-30,2024-12-30T08:30:00,2024-12-30T09:00:00,3935,775,4710
2024-12-30,2024-12-30,2024-12-30T09:00:00,2024-12-30T09:30:00,4035,820,4855
2024-12-30,2024-12-30,2024-12-30T09:30:00,2024-12-30T10:00:00,4135,871,5006
2024-12-30,2024-12-30,2024-12-30T10:00:00,2024-12-30T10:30:00,4210,900,5110
2024-12-30,2024-12-30,2024-12-30T10:30:00,2024-12-30T11:00:00,4283,924,5207
2024-12-30,2024-12-30,2024-12-30T11:00:00,2024-12-30T11:30:00,4347,937,5284
2024-12-30,2024-12-30,2024-12-30T11:30:00,2024-12-30T12:00:00,4393,962,5355
2024-12-30,2024-12-30,2024-12-30T12:00:00,2024-12-30T12:30:00,4447,980,5427
2024-12-30,2024-12-30,2024-12-30T12:30:00,2024-12-30T13:00:00,4486,968,5454
2024-12-30,2024-12-30,2024-12-30T13:00:00,2024-12-30T13:30:00,4506,986,5492
2024-12-30,2024-12-30,2024-12-30T13:30:00,2024-12-30T14:00:00,4491,980,5471
2024-12-30,2024-12-30,2024-12-30T14:00:00,2024-12-30T14:30:00,4479,976,5455
2024-12-30,2024-12-30,2024-12-30T14:30:00,2024-12-30T15:00:00,4452,972,5424
2024-12-30,2024-12-30,2024-12-30T15:00:00,2024-12-30T15:30:00,4460,986,5446
2024-12-30,2024-12-30,2024-12-30T15:30:00,2024-12-30T16:00:00,4469,993,5462
2024-12-30,2024-12-30,2024-12-30T16:00:00,2024-12-30T16:30:00,4546,1027,5573
2024-12-30,2024-12-30,2024-12-30T16:30:00,2024-12-30T17:00:00,4640,1099,5739
2024-12-30,2024-12-30,2024-12-30T17:00:00,2024-12-30T17:30:00,4814,1171,5985
2024-12-30,2024-12-30,2024-12-30T17:30:00,2024-12-30T18:00:00,4900,1200,6100
2024-12-30,2024-12-30,2024-12-30T18:00:00,2024-12-30T18:30:00,4873,1174,6047
2024-12-30,2024-12-30,2024-12-30T18:30:00,2024-12-30T19:00:00,4783,1136,5919
2024-12-30,2024-12-30,2024-12-30T19:00:00,2024-12-30T19:30:00,4654,1086,5740
2024-12-30,2024-12-30,2024-12-30T19:30:00,2024-12-30T20:00:00,4603,1046,5649
2024-12-30,2024-12-30,2024-12-30T20:00:00,2024-12-30T20:30:00,4498,1014,5512
2024-12-30,2024-12-30,2024-12-30T20:30:00,2024-12-30T21:00:00,4377,977,5354
2024-12-30,2024-12-30,2024-12-30T21:00:00,2024-12-30T21:30:00,4284,944,5228
2024-12-30,2024-12-30,2024-12-30T21:30:00,2024-12-30T22:00:00,4159,904,5063
2024-12-30,2024-12-30,2024-12-30T22:00:00,2024-12-30T22:30:00,4039,868,4907
2024-12-30,2024-12-30,2024-12-30T22:30:00,2024-12-30T23:00:00,3903,824,4727
2024-12-30,2024-12-31,2024-12-30T23:00:00,2024-12-30T23:30:00,3799,782,4581
2024-12-30,2024-12-31,2024-12-30T23:30:00,2024-12-31T00:00:00,3764,730,4494
2024-12-31,2024-12-31,2024-12-31T00:00:00,2024-12-31T00:30:00,3780,521,4301
2024-12-31,2024-12-31,2024-12-31T00:30:00,2024-12-31T01:00:00,3688,491,4179
2024-12-31,2024-12-31,2024-12-31T01:00:00,2024-12-31T01:30:00,3568,479,4047
2024-12-31,2024-12-31,2024-12-31T01:30:00,2024-12-31T02:00:00,3477,494,3971
2024-12-31,2024-12-31,2024-12-31T02:00:00,2024-12-31T02:30:00,3383,467,3850
2024-12-31,2024-12-31,2024-12-31T02:30:00,2024-12-31T03:00:00,3325,458,3783
2024-12-31,2024-12-31,2024-12-31T03:00:00,2024-12-31T03:30:00,3282,448,3730
2024-12-31,2024-12-31,2024-12-31T03:30:00,2024-12-31T04:00:00,3266,441,3707
2024-12-31,2024-12-31,2024-12-31T04:00:00,2024-12-31T04:30:00,3270,434,3704
2024-12-31,2024-12-31,2024-12-31T04:30:00,2024-12-31T05:00:00,3255,431,3686
2024-12-31,2024-12-31,2024-12-31T05:00:00,2024-12-31T05:30:00,3250,427,3677
2024-12-31,2024-12-31,2024-12-31T05:30:00,2024-12-31T06:00:00,3298,441,3739
2024-12-31,2024-12-31,2024-12-31T06:00:00,2024-12-31T06:30:00,3365,480,3845
2024-12-31,2024-12-31,2024-12-31T06:30:00,2024-12-31T07:00:00,3472,535,4007
2024-12-31,2024-12-31,2024-12-31T07:00:00,2024-12-31T07:30:00,3569,584,4153
2024-12-31,2024-12-31,2024-12-31T07:30:00,2024-12-31T08:00:00,3663,635,4298
2024-12-31,2024-12-31,2024-12-31T08:00:00,2024-12-31T08:30:00,3730,690,4420
2024-12-31,2024-12-31,2024-12-31T08:30:00,2024-12-31T09:00:00,3804,730,4534
2024-12-31,2024-12-31,2024-12-31T09:00:00,2024-12-31T09:30:00,3911,780,4691
2024-12-31,2024-12-31,2024-12-31T09:30:00,2024-12-31T10:00:00,4037,820,4857
2024-12-31,2024-12-31,2024-12-31T10:00:00,2024-12-31T10:30:00,4142,850,4992
2024-12-31,2024-12-31,2024-12-31T10:30:00,2024-12-31T11:00:00,4239,880,5119
2024-12-31,2024-12-31,2024-12-31T11:00:00,2024-12-31T11:30:00,4326,895,5221
2024-12-31,2024-12-31,2024-12-31T11:30:00,2024-12-31T12:00:00,4369,905,5274
2024-12-31,2024-12-31,2024-12-31T12:00:00,2024-12-31T12:30:00,4415,930,5345
2024-12-31,2024-12-31,2024-12-31T12:30:00,2024-12-31T13:00:00,4458,940,5398
2024-12-31,2024-12-31,2024-12-31T13:00:00,2024-12-31T13:30:00,4478,955,5433
2024-12-31,2024-12-31,2024-12-31T13:30:00,2024-12-31T14:00:00,4474,950,5424
2024-12-31,2024-12-31,2024-12-31T14:00:00,2024-12-31T14:30:00,4436,945,5381
2024-12-31,2024-12-31,2024-12-31T14:30:00,2024-12-31T15:00:00,4430,940,5370
2024-12-31,2024-12-31,2024-12-31T15:00:00,2024-12-31T15:30:00,4406,930,5336
2024-12-31,2024-12-31,2024-12-31T15:30:00,2024-12-31T16:00:00,4447,950,5397
2024-12-31,2024-12-31,2024-12-31T16:00:00,2024-12-31T16:30:00,4512,980,5492
2024-12-31,2024-12-31,2024-12-31T16:30:00,2024-12-31T17:00:00,4670,1050,5720
2024-12-31,2024-12-31,2024-12-31T17:00:00,2024-12-31T17:30:00,4830,1120,5950
2024-12-31,2024-12-31,2024-12-31T17:30:00,2024-12-31T18:00:00,4900,1150,6050
2024-12-31,2024-12-31,2024-12-31T18:00:00,2024-12-31T18:30:00,4849,1110,5959
2024-12-31,2024-12-31,2024-12-31T18:30:00,2024-12-31T19:00:00,4766,1060,5826
2024-12-31,2024-12-31,2024-12-31T19:00:00,2024-12-31T19:30:00,4646,1010,5656
2024-12-31,2024-12-31,2024-12-31T19:30:00,2024-12-31T20:00:00,4506,960,5466
2024-12-31,2024-12-31,2024-12-31T20:00:00,2024-12-31T20:30:00,4382,910,5292
2024-12-31,2024-12-31,2024-12-31T20:30:00,2024-12-31T21:00:00,4278,860,5138
2024-12-31,2024-12-31,2024-12-31T21:00:00,2024-12-31T21:30:00,4178,810,4988
2024-12-31,2024-12-31,2024-12-31T21:30:00,2024-12-31T22:00:00,4062,760,4822
2024-12-31,2024-12-31,2024-12-31T22:00:00,2024-12-31T22:30:00,3953,715,4668
2024-12-31,2024-12-31,2024-12-31T22:30:00,2024-12-31T23:00:00,3895,690,4585
2024-12-31,2025-01-01,2024-12-31T23:00:00,2024-12-31T23:30:00,3860,650,4510
2024-12-31,2025-01-01,2024-12-31T23:30:00,2025-01-01T00:00:00,3918,610,4528
2025-01-01,2025-01-01,2025-01-01T00:00:00,2025-01-01T00:30:00,3562,552,4114
2025-01-01,2025-01-01,2025-01-01T00:30:00,2025-01-01T01:00:00,3489,520,4009
2025-01-01,2025-01-01,2025-01-01T01:00:00,2025-01-01T01:30:00,3421,516,3937
2025-01-01,2025-01-01,2025-01-01T01:30:00,2025-01-01T02:00:00,3344,531,3875
2025-01-01,2025-01-01,2025-01-01T02:00:00,2025-01-01T02:30:00,3265,520,3785
2025-01-01,2025-01-01,2025-01-01T02:30:00,2025-01-01T03:00:00,3246,510,3756
2025-01-01,2025-01-01,2025-01-01T03:00:00,2025-01-01T03:30:00,3162,503,3665
2025-01-01,2025-01-01,2025-01-01T03:30:00,2025-01-01T04:00:00,3107,495,3602
2025-01-01,2025-01-01,2025-01-01T04:00:00,2025-01-01T04:30:00,3044,501,3545
2025-01-01,2025-01-01,2025-01-01T04:30:00,2025-01-01T05:00:00,3000,497,3497
2025-01-01,2025-01-01,2025-01-01T05:00:00,2025-01-01T05:30:00,3014,512,3526
2025-01-01,2025-01-01,2025-01-01T05:30:00,2025-01-01T06:00:00,3001,529,3530
2025-01-01,2025-01-01,2025-01-01T06:00:00,2025-01-01T06:30:00,3042,561,3603
2025-01-01,2025-01-01,2025-01-01T06:30:00,2025-01-01T07:00:00,3088,608,3696
2025-01-01,2025-01-01,2025-01-01T07:00:00,2025-01-01T07:30:00,3112,652,3764
2025-01-01,2025-01-01,2025-01-01T07:30:00,2025-01-01T08:00:00,3187,710,3897
2025-01-01,2025-01-01,2025-01-01T08:00:00,2025-01-01T08:30:00,3201,756,3957
2025-01-01,2025-01-01,2025-01-01T08:30:00,2025-01-01T09:00:00,3209,798,4007
2025-01-01,2025-01-01,2025-01-01T09:00:00,2025-01-01T09:30:00,3278,831,4109
2025-01-01,2025-01-01,2025-01-01T09:30:00,2025-01-01T10:00:00,3400,887,4287
2025-01-01,2025-01-01,2025-01-01T10:00:00,2025-01-01T10:30:00,3532,905,4437
2025-01-01,2025-01-01,2025-01-01T10:30:00,2025-01-01T11:00:00,3653,937,4590
2025-01-01,2025-01-01,2025-01-01T11:00:00,2025-01-01T11:30:00,3763,973,4736
2025-01-01,2025-01-01,2025-01-01T11:30:00,2025-01-01T12:00:00,3867,997,4864
2025-01-01,2025-01-01,2025-01-01T12:00:00,2025-01-01T12:30:00,4000,1035,5035
2025-01-01,2025-01-01,2025-01-01T12:30:00,2025-01-01T13:00:00,4102,1066,5168
2025-01-01,2025-01-01,2025-01-01T13:00:00,2025-01-01T13:30:00,4192,1073,5265
2025-01-01,2025-01-01,2025-01-01T13:30:00,2025-01-01T14:00:00,4219,1068,5287
2025-01-01,2025-01-01,2025-01-01T14:00:00,2025-01-01T14:30:00,4263,1043,5306
2025-01-01,2025-01-01,2025-01-01T14:30:00,2025-01-01T15:00:00,4264,1028,5292
2025-01-01,2025-01-01,2025-01-01T15:00:00,2025-01-01T15:30:00,4253,1014,5267
2025-01-01,2025-01-01,2025-01-01T15:30:00,2025-01-01T16:00:00,4286,1002,5288
2025-01-01,2025-01-01,2025-01-01T16:00:00,2025-01-01T16:30:00,4316,1026,5342
2025-01-01,2025-01-01,2025-01-01T16:30:00,2025-01-01T17:00:00,4434,1056,5490
2025-01-01,2025-01-01,2025-01-01T17:00:00,2025-01-01T17:30:00,4529,1087,5616
2025-01-01,2025-01-01,2025-01-01T17:30:00,2025-01-01T18:00:00,4550,1082,5632
2025-01-01,2025-01-01,2025-01-01T18:00:00,2025-01-01T18:30:00,4500,1080,5580
2025-01-01,2025-01-01,2025-01-01T18:30:00,2025-01-01T19:00:00,4414,1045,5459
2025-01-01,2025-01-01,2025-01-01T19:00:00,2025-01-01T19:30:00,4334,1007,5341
2025-01-01,2025-01-01,2025-01-01T19:30:00,2025-01-01T20:00:00,4207,983,5190
2025-01-01,2025-01-01,2025-01-01T20:00:00,2025-01-01T20:30:00,4122,962,5084
2025-01-01,2025-01-01,2025-01-01T20:30:00,2025-01-01T21:00:00,4026,938,4964
2025-01-01,2025-01-01,2025-01-01T21:00:00,2025-01-01T21:30:00,3908,934,4842
2025-01-01,2025-01-01,2025-01-01T21:30:00,2025-01-01T22:00:00,3764,892,4656
2025-01-01,2025-01-01,2025-01-01T22:00:00,2025-01-01T22:30:00,3636,873,4509
2025-01-01,2025-01-01,2025-01-01T22:30:00,2025-01-01T23:00:00,3548,834,4382
2025-01-01,2025-01-02,2025-01-01T23:00:00,2025-01-01T23:30:00,3459,792,4251
2025-01-01,2025-01-02,2025-01-01T23:30:00,2025-01-02T00:00:00,3417,743,4160
2025-01-02,2025-01-02,2025-01-02T00:00:00,2025-01-02T00:30:00,3547,700,4247
2025-01-02,2025-01-02,2025-01-02T00:30:00,2025-01-02T01:00:00,3498,662,4160
2025-01-02,2025-01-02,2025-01-02T01:00:00,2025-01-02T01:30:00,3402,653,4055
2025-01-02,2025-01-02,2025-01-02T01:30:00,2025-01-02T02:00:00,3328,671,3999
2025-01-02,2025-01-02,2025-01-02T02:00:00,2025-01-02T02:30:00,3306,647,3953
2025-01-02,2025-01-02,2025-01-02T02:30:00,2025-01-02T03:00:00,3307,636,3943
2025-01-02,2025-01-02,2025-01-02T03:00:00,2025-01-02T03:30:00,3249,624,3873
2025-01-02,2025-01-02,2025-01-02T03:30:00,2025-01-02T04:00:00,3234,615,3849
2025-01-02,2025-01-02,2025-01-02T04:00:00,2025-01-02T04:30:00,3217,609,3826
2025-01-02,2025-01-02,2025-01-02T04:30:00,2025-01-02T05:00:00,3200,605,3805
2025-01-02,2025-01-02,2025-01-02T05:00:00,2025-01-02T05:30:00,3235,601,3836
2025-01-02,2025-01-02,2025-01-02T05:30:00,2025-01-02T06:00:00,3273,621,3894
2025-01-02,2025-01-02,2025-01-02T06:00:00,2025-01-02T06:30:00,3375,652,4027
2025-01-02,2025-01-02,2025-01-02T06:30:00,2025-01-02T07:00:00,3557,708,4265
2025-01-02,2025-01-02,2025-01-02T07:00:00,2025-01-02T07:30:00,3715,770,4485
2025-01-02,2025-01-02,2025-01-02T07:30:00,2025-01-02T08:00:00,3898,842,4740
2025-01-02,2025-01-02,2025-01-02T08:00:00,2025-01-02T08:30:00,4032,901,4933
2025-01-02,2025-01-02,2025-01-02T08:30:00,2025-01-02T09:00:00,4160,947,5107
2025-01-02,2025-01-02,2025-01-02T09:00:00,2025-01-02T09:30:00,4258,985,5243
2025-01-02,2025-01-02,2025-01-02T09:30:00,2025-01-02T10:00:00,4354,1046,5400
2025-01-02,2025-01-02,2025-01-02T10:00:00,2025-01-02T10:30:00,4428,1047,5475
2025-01-02,2025-01-02,2025-01-02T10:30:00,2025-01-02T11:00:00,4499,1079,5578
2025-01-02,2025-01-02,2025-01-02T11:00:00,2025-01-02T11:30:00,4561,1083,5644
2025-01-02,2025-01-02,2025-01-02T11:30:00,2025-01-02T12:00:00,4606,1107,5713
2025-01-02,2025-01-02,2025-01-02T12:00:00,2025-01-02T12:30:00,4658,1117,5775
2025-01-02,2025-01-02,2025-01-02T12:30:00,2025-01-02T13:00:00,4697,1149,5846
2025-01-02,2025-01-02,2025-01-02T13:00:00,2025-01-02T13:30:00,4716,1139,5855
2025-01-02,2025-01-02,2025-01-02T13:30:00,2025-01-02T14:00:00,4701,1133,5834
2025-01-02,2025-01-02,2025-01-02T14:00:00,2025-01-02T14:30:00,4690,1113,5803
2025-01-02,2025-01-02,2025-01-02T14:30:00,2025-01-02T15:00:00,4664,1098,5762
2025-01-02,2025-01-02,2025-01-02T15:00:00,2025-01-02T15:30:00,4671,1057,5728
2025-01-02,2025-01-02,2025-01-02T15:30:00,2025-01-02T16:00:00,4680,1046,5726
2025-01-02,2025-01-02,2025-01-02T16:00:00,2025-01-02T16:30:00,4755,1072,5827
2025-01-02,2025-01-02,2025-01-02T16:30:00,2025-01-02T17:00:00,4847,1105,5952
2025-01-02,2025-01-02,2025-01-02T17:00:00,2025-01-02T17:30:00,5016,1163,6179
2025-01-02,2025-01-02,2025-01-02T17:30:00,2025-01-02T18:00:00,5100,1159,6259
2025-01-02,2025-01-02,2025-01-02T18:00:00,2025-01-02T18:30:00,5074,1143,6217
2025-01-02,2025-01-02,2025-01-02T18:30:00,2025-01-02T19:00:00,4986,1105,6091
2025-01-02,2025-01-02,2025-01-02T19:00:00,2025-01-02T19:30:00,4860,1070,5930
2025-01-02,2025-01-02,2025-01-02T19:30:00,2025-01-02T20:00:00,4810,1044,5854
2025-01-02,2025-01-02,2025-01-02T20:00:00,2025-01-02T20:30:00,4708,1019,5727
2025-01-02,2025-01-02,2025-01-02T20:30:00,2025-01-02T21:00:00,4590,993,5583
2025-01-02,2025-01-02,2025-01-02T21:00:00,2025-01-02T21:30:00,4500,1010,5510
2025-01-02,2025-01-02,2025-01-02T21:30:00,2025-01-02T22:00:00,4378,964,5342
2025-01-02,2025-01-02,2025-01-02T22:00:00,2025-01-02T22:30:00,4262,915,5177
2025-01-02,2025-01-02,2025-01-02T22:30:00,2025-01-02T23:00:00,4128,874,5002
2024-12-29,2024-12-30,2024-12-29T23:00:00,2024-12-29T23:30:00,3580,648,4228
2024-12-29,2024-12-30,2024-12-29T23:30:00,2024-12-30T00:00:00,3543,606,4149
2024-12-30,2024-12-30,2024-12-30T00:00:00,2024-12-30T00:30:00,3307,554,3861
2024-12-30,2024-12-30,2024-12-30T00:30:00,2024-12-30T01:00:00,3256,520,3776
2024-12-30,2024-12-30,2024-12-30T01:00:00,2024-12-30T01:30:00,3157,502,3659
2024-12-30,2024-12-30,2024-12-30T01:30:00,2024-12-30T02:00:00,3081,503,3584
2024-12-30,2024-12-30,2024-12-30T02:00:00,2024-12-30T02:30:00,3058,486,3544
2024-12-30,2024-12-30,2024-12-30T02:30:00,2024-12-30T03:00:00,3060,477,3537
2024-12-30,2024-12-30,2024-12-30T03:00:00,2024-12-30T03:30:00,3001,469,3470
2024-12-30,2024-12-30,2024-12-30T03:30:00,2024-12-30T04:00:00,2984,462,3446
2024-12-30,2024-12-30,2024-12-30T04:00:00,2024-12-30T04:30:00,2968,457,3425
2024-12-30,2024-12-30,2024-12-30T04:30:00,2024-12-30T05:00:00,2950,450,3400
2024-12-30,2024-12-30,2024-12-30T05:00:00,2024-12-30T05:30:00,2986,458,3444
2024-12-30,2024-12-30,2024-12-30T05:30:00,2024-12-30T06:00:00,3025,477,3502
2024-12-30,2024-12-30,2024-12-30T06:00:00,2024-12-30T06:30:00,3130,507,3637
2024-12-30,2024-12-30,2024-12-30T06:30:00,2024-12-30T07:00:00,3317,563,3880
2024-12-30,2024-12-30,2024-12-30T07:00:00,2024-12-30T07:30:00,3479,628,4107
2024-12-30,2024-12-30,2024-12-30T07:30:00,2024-12-30T08:00:00,3666,674,4340
2024-12-30,2024-12-30,2024-12-30T08:00:00,2024-12-30T08:30:00,3804,719,4523
2024-12-30,2024-12-30,2024-12-30T08:30:00,2024-12-30T09:00:00,3935,775,4710
2024-12-30,2024-12-30,2024-12-30T09:00:00,2024-12-30T09:30:00,4035,820,4855
2024-12-30,2024-12-30,2024-12-30T09:30:00,2024-12-30T10:00:00,4135,871,5006
2024-12-30,2024-12-30,2024-12-30T10:00:00,2024-12-30T10:30:00,4210,900,5110
2024-12-30,2024-12-30,2024-12-30T10:30:00,2024-12-30T11:00:00,4283,924,5207
2024-12-30,2024-12-30,2024-12-30T11:00:00,2024-12-30T11:30:00,4347,937,5284
2024-12-30,2024-12-30,2024-12-30T11:30:00,2024-12-30T12:00:00,4393,962,5355
2024-12-30,2024-12-30,2024-12-30T12:00:00,2024-12-30T12:30:00,4447,980,5427
2024-12-30,2024-12-30,2024-12-30T12:30:00,2024-12-30T13:00:00,4486,968,5454
2024-12-30,2024-12-30,2024-12-30T13:00:00,2024-12-30T13:30:00,4506,986,5492
2024-12-30,2024-12-30,2024-12-30T13:30:00,2024-12-30T14:00:00,4491,980,5471
2024-12-30,2024-12-30,2024-12-30T14:00:00,2024-12-30T14:30:00,4479,976,5455
2024-12-30,2024-12-30,2024-12-30T14:30:00,2024-12-30T15:00:00,4452,972,5424
2024-12-30,2024-12-30,2024-12-30T15:00:00,2024-12-30T15:30:00,4460,986,5446
2024-12-30,2024-12-30,2024-12-30T15:30:00,2024-12-30T16:00:00,4469,993,5462
2024-12-30,2024-12-30,2024-12-30T16:00:00,2024-12-30T16:30:00,4546,1027,5573
2024-12-30,2024-12-30,2024-12-30T16:30:00,2024-12-30T17:00:00,4640,1099,5739
2024-12-30,2024-12-30,2024-12-30T17:00:00,2024-12-30T17:30:00,4814,1171,5985
2024-12-30,2024-12-30,2024-12-30T17:30:00,2024-12-30T18:00:00,4900,1200,6100
2024-12-30,2024-12-30,2024-12-30T18:00:00,2024-12-30T18:30:00,4873,1174,6047
2024-12-30,2024-12-30,2024-12-30T18:30:00,2024-12-30T19:00:00,4783,1136,5919
2024-12-30,2024-12-30,2024-12-30T19:00:00,2024-12-30T19:30:00,4654,1086,5740
2024-12-30,2024-12-30,2024-12-30T19:30:00,2024-12-30T20:00:00,4603,1046,5649
2024-12-30,2024-12-30,2024-12-30T20:00:00,2024-12-30T20:30:00,4498,1014,5512
2024-12-30,2024-12-30,2024-12-30T20:30:00,2024-12-30T21:00:00,4377,977,5354
2024-12-30,2024-12-30,2024-12-30T21:00:00,2024-12-30T21:30:00,4284,944,5228
2024-12-30,2024-12-30,2024-12-30T21:30:00,2024-12-30T22:00:00,4159,904,5063
2024-12-30,2024-12-30,2024-12-30T22:00:00,2024-12-30T22:30:00,4039,868,4907
2024-12-30,2024-12-30,2024-12-30T22:30:00,2024-12-30T23:00:00,3903,824,4727
2024-12-30,2024-12-31,2024-12-30T23:00:00,2024-12-30T23:30:00,3799,782,4581
2024-12-30,2024-12-31,2024-12-30T23:30:00,2024-12-31T00:00:00,3764,730,4494
2024-12-31,2024-12-31,2024-12-31T00:00:00,2024-12-31T00:30:00,3780,521,4301
2024-12-31,2024-12-31,2024-12-31T00:30:00,2024-12-31T01:00:00,3688,491,4179
2024-12-31,2024-12-31,2024-12-31T01:00:00,2024-12-31T01:30:00,3568,479,4047
2024-12-31,2024-12-31,2024-12-31T01:30:00,2024-12-31T02:00:00,3477,494,3971
2024-12-31,2024-12-31,2024-12-31T02:00:00,2024-12-31T02:30:00,3383,467,3850
2024-12-31,2024-12-31,2024-12-31T02:30:00,2024-12-31T03:00:00,3325,458,3783
2024-12-31,2024-12-31,2024-12-31T03:00:00,2024-12-31T03:30:00,3282,448,3730
2024-12-31,2024-12-31,2024-12-31T03:30:00,2024-12-31T04:00:00,3266,441,3707
2024-12-31,2024-12-31,2024-12-31T04:00:00,2024-12-31T04:30:00,3270,434,3704
2024-12-31,2024-12-31,2024-12-31T04:30:00,2024-12-31T05:00:00,3255,431,3686
2024-12-31,2024-12-31,2024-12-31T05:00:00,2024-12-31T05:30:00,3250,427,3677
2024-12-31,2024-12-31,2024-12-31T05:30:00,2024-12-31T06:00:00,3298,441,3739
2024-12-31,2024-12-31,2024-12-31T06:00:00,2024-12-31T06:30:00,3365,480,3845
2024-12-31,2024-12-31,2024-12-31T06:30:00,2024-12-31T07:00:00,3472,535,4007
2024-12-31,2024-12-31,2024-12-31T07:00:00,2024-12-31T07:30:00,3569,584,4153
2024-12-31,2024-12-31,2024-12-31T07:30:00,2024-12-31T08:00:00,3663,635,4298
2024-12-31,2024-12-31,2024-12-31T08:00:00,2024-12-31T08:30:00,3730,690,4420
2024-12-31,2024-12-31,2024-12-31T08:30:00,2024-12-31T09:00:00,3804,730,4534
2024-12-31,2024-12-31,2024-12-31T09:00:00,2024-12-31T09:30:00,3911,780,4691
2024-12-31,2024-12-31,2024-12-31T09:30:00,2024-12-31T10:00:00,4037,820,4857
2024-12-31,2024-12-31,2024-12-31T10:00:00,2024-12-31T10:30:00,4142,850,4992
2024-12-31,2024-12-31,2024-12-31T10:30:00,2024-12-31T11:00:00,4239,880,5119
2024-12-31,2024-12-31,2024-12-31T11:00:00,2024-12-31T11:30:00,4326,895,5221
2024-12-31,2024-12-31,2024-12-31T11:30:00,2024-12-31T12:00:00,4369,905,5274
2024-12-31,2024-12-31,2024-12-31T12:00:00,2024-12-31T12:30:00,4415,930,5345
2024-12-31,2024-12-31,2024-12-31T12:30:00,2024-12-31T13:00:00,4458,940,5398
2024-12-31,2024-12-31,2024-12-31T13:00:00,2024-12-31T13:30:00,4478,955,5433
2024-12-31,2024-12-31,2024-12-31T13:30:00,2024-12-31T14:00:00,4474,950,5424
2024-12-31,2024-12-31,2024-12-31T14:00:00,2024-12-31T14:30:00,4436,945,5381
2024-12-31,2024-12-31,2024-12-31T14:30:00,2024-12-31T15:00:00,4430,940,5370
2024-12-31,2024-12-31,2024-12-31T15:00:00,2024-12-31T15:30:00,4406,930,5336
2024-12-31,2024-12-31,2024-12-31T15:30:00,2024-12-31T16:00:00,4447,950,5397
2024-12-31,2024-12-31,2024-12-31T16:00:00,2024-12-31T16:30:00,4512,980,5492
2024-12-31,2024-12-31,2024-12-31T16:30:00,2024-12-31T17:00:00,4670,1050,5720
2024-12-31,2024-12-31,2024-12-31T17:00:00,2024-12-31T17:30:00,4830,1120,5950
2024-12-31,2024-12-31,2024-12-31T17:30:00,2024-12-31T18:00:00,4900,1150,6050
2024-12-31,2024-12-31,2024-12-31T18:00:00,2024-12-31T18:30:00,4849,1110,5959
2024-12-31,2024-12-31,2024-12-31T18:30:00,2024-12-31T19:00:00,4766,1060,5826
2024-12-31,2024-12-31,2024-12-31T19:00:00,2024-12-31T19:30:00,4646,1010,5656
2024-12-31,2024-12-31,2024-12-31T19:30:00,2024-12-31T20:00:00,4506,960,5466
2024-12-31,2024-12-31,2024-12-31T20:00:00,2024-12-31T20:30:00,4382,910,5292
2024-12-31,2024-12-31,2024-12-31T20:30:00,2024-12-31T21:00:00,4278,860,5138
2024-12-31,2024-12-31,2024-12-31T21:00:00,2024-12-31T21:30:00,4178,810,4988
2024-12-31,2024-12-31,2024-12-31T21:30:00,2024-12-31T22:00:00,4062,760,4822
2024-12-31,2024-12-31,2024-12-31T22:00:00,2024-12-31T22:30:00,3953,715,4668
2024-12-31,2024-12-31,2024-12-31T22:30:00,2024-12-31T23:00:00,3895,690,4585
2024-12-31,2025-01-01,2024-12-31T23:00:00,2024-12-31T23:30:00,3860,650,4510
2024-12-31,2025-01-01,2024-12-31T23:30:00,2025-01-01T00:00:00,3918,610,4528
2025-01-01,2025-01-01,2025-01-01T00:00:00,2025-01-01T00:30:00,3562,552,4114
2025-01-01,2025-01-01,2025-01-01T00:30:00,2025-01-01T01:00:00,3489,520,4009
2025-01-01,2025-01-01,2025-01-01T01:00:00,2025-01-01T01:30:00,3421,516,3937
2025-01-01,2025-01-01,2025-01-01T01:30:00,2025-01-01T02:00:00,3344,531,3875
2025-01-01,2025-01-01,2025-01-01T02:00:00,2025-01-01T02:30:00,3265,520,3785
2025-01-01,2025-01-01,2025-01-01T02:30:00,2025-01-01T03:00:00,3246,510,3756
2025-01-01,2025-01-01,2025-01-01T03:00:00,2025-01-01T03:30:00,3162,503,3665
2025-01-01,2025-01-01,2025-01-01T03:30:00,2025-01-01T04:00:00,3107,495,3602
2025-01-01,2025-01-01,2025-01-01T04:00:00,2025-01-01T04:30:00,3044,501,3545
2025-01-01,2025-01-01,2025-01-01T04:30:00,2025-01-01T05:00:00,3000,497,3497
2025-01-01,2025-01-01,2025-01-01T05:00:00,2025-01-01T05:30:00,3014,512,3526
2025-01-01,2025-01-01,2025-01-01T05:30:00,2025-01-01T06:00:00,3001,529,3530
2025-01-01,2025-01-01,2025-01-01T06:00:00,2025-01-01T06:30:00,3042,561,3603
2025-01-01,2025-01-01,2025-01-01T06:30:00,2025-01-01T07:00:00,3088,608,3696
2025-01-01,2025-01-01,2025-01-01T07:00:00,2025-01-01T07:30:00,3112,652,3764
2025-01-01,2025-01-01,2025-01-01T07:30:00,2025-01-01T08:00:00,3187,710,3897
2025-01-01,2025-01-01,2025-01-01T08:00:00,2025-01-01T08:30:00,3201,756,3957
2025-01-01,2025-01-01,2025-01-01T08:30:00,2025-01-01T09:00:00,3209,798,4007
2025-01-01,2025-01-01,2025-01-01T09:00:00,2025-01-01T09:30:00,3278,831,4109
2025-01-01,2025-01-01,2025-01-01T09:30:00,2025-01-01T10:00:00,3400,887,4287
2025-01-01,2025-01-01,2025-01-01T10:00:00,2025-01-01T10:30:00,3532,905,4437
2025-01-01,2025-01-01,2025-01-01T10:30:00,2025-01-01T11:00:00,3653,937,4590
2025-01-01,2025-01-01,2025-01-01T11:00:00,2025-01-01T11:30:00,3763,973,4736
2025-01-01,2025-01-01,2025-01-01T11:30:00,2025-01-01T12:00:00,3867,997,4864
2025-01-01,2025-01-01,2025-01-01T12:00:00,2025-01-01T12:30:00,4000,1035,5035
2025-01-01,2025-01-01,2025-01-01T12:30:00,2025-01-01T13:00:00,4102,1066,5168
2025-01-01,2025-01-01,2025-01-01T13:00:00,2025-01-01T13:30:00,4192,1073,5265
2025-01-01,2025-01-01,2025-01-01T13:30:00,2025-01-01T14:00:00,4219,1068,5287
2025-01-01,2025-01-01,2025-01-01T14:00:00,2025-01-01T14:30:00,4263,1043,5306
2025-01-01,2025-01-01,2025-01-01T14:30:00,2025-01-01T15:00:00,4264,1028,5292
2025-01-01,2025-01-01,2025-01-01T15:00:00,2025-01-01T15:30:00,4253,1014,5267
2025-01-01,2025-01-01,2025-01-01T15:30:00,2025-01-01T16:00:00,4286,1002,5288
2025-01-01,2025-01-01,2025-01-01T16:00:00,2025-01-01T16:30:00,4316,1026,5342
2025-01-01,2025-01-01,2025-01-01T16:30:00,2025-01-01T17:00:00,4434,1056,5490
2025-01-01,2025-01-01,2025-01-01T17:00:00,2025-01-01T17:30:00,4529,1087,5616
2025-01-01,2025-01-01,2025-01-01T17:30:00,2025-01-01T18:00:00,4550,1082,5632
2025-01-01,2025-01-01,2025-01-01T18:00:00,2025-01-01T18:30:00,4500,1080,5580
2025-01-01,2025-01-01,2025-01-01T18:30:00,2025-01-01T19:00:00,4414,1045,5459
2025-01-01,2025-01-01,2025-01-01T19:00:00,2025-01-01T19:30:00,4334,1007,5341
2025-01-01,2025-01-01,2025-01-01T19:30:00,2025-01-01T20:00:00,4207,983,5190
2025-01-01,2025-01-01,2025-01-01T20:00:00,2025-01-01T20:30:00,4122,962,5084
2025-01-01,2025-01-01,2025-01-01T20:30:00,2025-01-01T21:00:00,4026,938,4964
2025-01-01,2025-01-01,2025-01-01T21:00:00,2025-01-01T21:30:00,3908,934,4842
2025-01-01,2025-01-01,2025-01-01T21:30:00,2025-01-01T22:00:00,3764,892,4656
2025-01-01,2025-01-01,2025-01-01T22:00:00,2025-01-01T22:30:00,3636,873,4509
2025-01-01,2025-01-01,2025-01-01T22:30:00,2025-01-01T23:00:00,3548,834,4382
2025-01-01,2025-01-02,2025-01-01T23:00:00,2025-01-01T23:30:00,3459,792,4251
2025-01-01,2025-01-02,2025-01-01T23:30:00,2025-01-02T00:00:00,3417,743,4160
2025-01-02,2025-01-02,2025-01-02T00:00:00,2025-01-02T00:30:00,3547,700,4247
2025-01-02,2025-01-02,2025-01-02T00:30:00,2025-01-02T01:00:00,3498,662,4160
2025-01-02,2025-01-02,2025-01-02T01:00:00,2025-01-02T01:30:00,3402,653,4055
2025-01-02,2025-01-02,2025-01-02T01:30:00,2025-01-02T02:00:00,3328,671,3999
2025-01-02,2025-01-02,2025-01-02T02:00:00,2025-01-02T02:30:00,3306,647,3953
2025-01-02,2025-01-02,2025-01-02T02:30:00,2025-01-02T03:00:00,3307,636,3943
2025-01-02,2025-01-02,2025-01-02T03:00:00,2025-01-02T03:30:00,3249,624,3873
2025-01-02,2025-01-02,2025-01-02T03:30:00,2025-01-02T04:00:00,3234,615,3849
2025-01-02,2025-01-02,2025-01-02T04:00:00,2025-01-02T04:30:00,3217,609,3826
2025-01-02,2025-01-02,2025-01-02T04:30:00,2025-01-02T05:00:00,3200,605,3805
2025-01-02,2025-01-02,2025-01-02T05:00:00,2025-01-02T05:30:00,3235,601,3836
2025-01-02,2025-01-02,2025-01-02T05:30:00,2025-01-02T06:00:00,3273,621,3894
2025-01-02,2025-01-02,2025-01-02T06:00:00,2025-01-02T06:30:00,3375,652,4027
2025-01-02,2025-01-02,2025-01-02T06:30:00,2025-01-02T07:00:00,3557,708,4265
2025-01-02,2025-01-02,2025-01-02T07:00:00,2025-01-02T07:30:00,3715,770,4485
2025-01-02,2025-01-02,2025-01-02T07:30:00,2025-01-02T08:00:00,3898,842,4740
2025-01-02,2025-01-02,2025-01-02T08:00:00,2025-01-02T08:30:00,4032,901,4933
2025-01-02,2025-01-02,2025-01-02T08:30:00,2025-01-02T09:00:00,4160,947,5107
2025-01-02,2025-01-02,2025-01-02T09:00:00,2025-01-02T09:30:00,4258,985,5243
2025-01-02,2025-01-02,2025-01-02T09:30:00,2025-01-02T10:00:00,4354,1046,5400
2025-01-02,2025-01-02,2025-01-02T10:00:00,2025-01-02T10:30:00,4428,1047,5475
2025-01-02,2025-01-02,2025-01-02T10:30:00,2025-01-02T11:00:00,4499,1079,5578
2025-01-02,2025-01-02,2025-01-02T11:00:00,2025-01-02T11:30:00,4561,1083,5644
2025-01-02,2025-01-02,2025-01-02T11:30:00,2025-01-02T12:00:00,4606,1107,5713
2025-01-02,2025-01-02,2025-01-02T12:00:00,2025-01-02T12:30:00,4658,1117,5775
2025-01-02,2025-01-02,2025-01-02T12:30:00,2025-01-02T13:00:00,4697,1149,5846
2025-01-02,2025-01-02,2025-01-02T13:00:00,2025-01-02T13:30:00,4716,1139,5855
2025-01-02,2025-01-02,2025-01-02T13:30:00,2025-01-02T14:00:00,4701,1133,5834
2025-01-02,2025-01-02,2025-01-02T14:00:00,2025-01-02T14:30:00,4690,1113,5803
2025-01-02,2025-01-02,2025-01-02T14:30:00,2025-01-02T15:00:00,4664,1098,5762
2025-01-02,2025-01-02,2025-01-02T15:00:00,2025-01-02T15:30:00,4671,1057,5728
2025-01-02,2025-01-02,2025-01-02T15:30:00,2025-01-02T16:00:00,4680,1046,5726
2025-01-02,2025-01-02,2025-01-02T16:00:00,2025-01-02T16:30:00,4755,1072,5827
2025-01-02,2025-01-02,2025-01-02T16:30:00,2025-01-02T17:00:00,4847,1105,5952
2025-01-02,2025-01-02,2025-01-02T17:00:00,2025-01-02T17:30:00,5016,1163,6179
2025-01-02,2025-01-02,2025-01-02T17:30:00,2025-01-02T18:00:00,5100,1159,6259
2025-01-02,2025-01-02,2025-01-02T18:00:00,2025-01-02T18:30:00,5074,1143,6217
2025-01-02,2025-01-02,2025-01-02T18:30:00,2025-01-02T19:00:00,4986,1105,6091
2025-01-02,2025-01-02,2025-01-02T19:00:00,2025-01-02T19:30:00,4860,1070,5930
2025-01-02,2025-01-02,2025-01-02T19:30:00,2025-01-02T20:00:00,4810,1044,5854
2025-01-02,2025-01-02,2025-01-02T20:00:00,2025-01-02T20:30:00,4708,1019,5727
2025-01-02,2025-01-02,2025-01-02T20:30:00,2025-01-02T21:00:00,4590,993,5583
2025-01-02,2025-01-02,2025-01-02T21:00:00,2025-01-02T21:30:00,4500,1010,5510
2025-01-02,2025-01-02,2025-01-02T21:30:00,2025-01-02T22:00:00,4378,964,5342
2025-01-02,2025-01-02,2025-01-02T22:00:00,2025-01-02T22:30:00,4262,915,5177
2025-01-02,2025-01-02,2025-01-02T22:30:00,2025-01-02T23:00:00,4128,874,5002
2024-12-29,2024-12-30,2024-12-29T23:00:00,2024-12-29T23:30:00,3580,648,4228
2024-12-29,2024-12-30,2024-12-29T23:30:00,2024-12-30T00:00:00,3543,606,4149
2024-12-30,2024-12-30,2024-12-30T00:00:00,2024-12-30T00:30:00,3307,554,3861
2024-12-30,2024-12-30,2024-12-30T00:30:00,2024-12-30T01:00:00,3256,520,3776
2024-12-30,2024-12-30,2024-12-30T01:00:00,2024-12-30T01:30:00,3157,502,3659
2024-12-30,2024-12-30,2024-12-30T01:30:00,2024-12-30T02:00:00,3081,503,3584
2024-12-30,2024-12-30,2024-12-30T02:00:00,2024-12-30T02:30:00,3058,486,3544
2024-12-30,2024-12-30,2024-12-30T02:30:00,2024-12-30T03:00:00,3060,477,3537
2024-12-30,2024-12-30,2024-12-30T03:00:00,2024-12-30T03:30:00,3001,469,3470
2024-12-30,2024-12-30,2024-12-30T03:30:00,2024-12-30T04:00:00,2984,462,3446
2024-12-30,2024-12-30,2024-12-30T04:00:00,2024-12-30T04:30:00,2968,457,3425
2024-12-30,2024-12-30,2024-12-30T04:30:00,2024-12-30T05:00:00,2950,450,3400
2024-12-30,2024-12-30,2024-12-30T05:00:00,2024-12-30T05:30:00,2986,458,3444
2024-12-30,2024-12-30,2024-12-30T05:30:00,2024-12-30T06:00:00,3025,477,3502
2024-12-30,2024-12-30,2024-12-30T06:00:00,2024-12-30T06:30:00,3130,507,3637
2024-12-30,2024-12-30,2024-12-30T06:30:00,2024-12-30T07:00:00,3317,563,3880
2024-12-30,2024-12-30,2024-12-30T07:00:00,2024-12-30T07:30:00,3479,628,4107
2024-12-30,2024-12-30,2024-12-30T07:30:00,2024-12-30T08:00:00,3666,674,4340
2024-12-30,2024-12-30,2024-12-30T08:00:00,2024-12-30T08:30:00,3804,719,4523
2024-12-30,2024-12-30,2024-12-30T08:30:00,2024-12-30T09:00:00,3935,775,4710
2024-12-30,2024-12-30,2024-12-30T09:00:00,2024-12-30T09:30:00,4035,820,4855
2024-12-30,2024-12-30,2024-12-30T09:30:00,2024-12-30T10:00:00,4135,871,5006
2024-12-30,2024-12-30,2024-12-30T10:00:00,2024-12-30T10:30:00,4210,900,5110
2024-12-30,2024-12-30,2024-12-30T10:30:00,2024-12-30T11:00:00,4283,924,5207
2024-12-30,2024-12-30,2024-12-30T11:00:00,2024-12-30T11:30:00,4347,937,5284
2024-12-30,2024-12-30,2024-12-30T11:30:00,2024-12-30T12:00:00,4393,962,5355
2024-12-30,2024-12-30,2024-12-30T12:00:00,2024-12-30T12:30:00,4447,980,5427
2024-12-30,2024-12-30,2024-12-30T12:30:00,2024-12-30T13:00:00,4486,968,5454
2024-12-30,2024-12-30,2024-12-30T13:00:00,2024-12-30T13:30:00,4506,986,5492
2024-12-30,2024-12-30,2024-12-30T13:30:00,2024-12-30T14:00:00,4491,980,5471
2024-12-30,2024-12-30,2024-12-30T14:00:00,2024-12-30T14:30:00,4479,976,5455
2024-12-30,2024-12-30,2024-12-30T14:30:00,2024-12-30T15:00:00,4452,972,5424
2024-12-30,2024-12-30,2024-12-30T15:00:00,2024-12-30T15:30:00,4460,986,5446
2024-12-30,2024-12-30,2024-12-30T15:30:00,2024-12-30T16:00:00,4469,993,5462
2024-12-30,2024-12-30,2024-12-30T16:00:00,2024-12-30T16:30:00,4546,1027,5573
2024-12-30,2024-12-30,2024-12-30T16:30:00,2024-12-30T17:00:00,4640,1099,5739
2024-12-30,2024-12-30,2024-12-30T17:00:00,2024-12-30T17:30:00,4814,1171,5985
2024-12-30,2024-12-30,2024-12-30T17:30:00,2024-12-30T18:00:00,4900,1200,6100
2024-12-30,2024-12-30,2024-12-30T18:00:00,2024-12-30T18:30:00,4873,1174,6047
2024-12-30,2024-12-30,2024-12-30T18:30:00,2024-12-30T19:00:00,4783,1136,5919
2024-12-30,2024-12-30,2024-12-30T19:00:00,2024-12-30T19:30:00,4654,1086,5740
2024-12-30,2024-12-30,2024-12-30T19:30:00,2024-12-30T20:00:00,4603,1046,5649
2024-12-30,2024-12-30,2024-12-30T20:00:00,2024-12-30T20:30:00,4498,1014,5512
2024-12-30,2024-12-30,2024-12-30T20:30:00,2024-12-30T21:00:00,4377,977,5354
2024-12-30,2024-12-30,2024-12-30T21:00:00,2024-12-30T21:30:00,4284,944,5228
2024-12-30,2024-12-30,2024-12-30T21:30:00,2024-12-30T22:00:00,4159,904,5063
2024-12-30,2024-12-30,2024-12-30T22:00:00,2024-12-30T22:30:00,4039,868,4907
2024-12-30,2024-12-30,2024-12-30T22:30:00,2024-12-30T23:00:00,3903,824,4727
2024-12-30,2024-12-31,2024-12-30T23:00:00,2024-12-30T23:30:00,3799,782,4581
2024-12-30,2024-12-31,2024-12-30T23:30:00,2024-12-31T00:00:00,3764,730,4494
2024-12-31,2024-12-31,2024-12-31T00:00:00,2024-12-31T00:30:00,3780,521,4301
2024-12-31,2024-12-31,2024-12-31T00:30:00,2024-12-31T01:00:00,3688,491,4179
2024-12-31,2024-12-31,2024-12-31T01:00:00,2024-12-31T01:30:00,3568,479,4047
2024-12-31,2024-12-31,2024-12-31T01:30:00,2024-12-31T02:00:00,3477,494,3971
2024-12-31,2024-12-31,2024-12-31T02:00:00,2024-12-31T02:30:00,3383,467,3850
2024-12-31,2024-12-31,2024-12-31T02:30:00,2024-12-31T03:00:00,3325,458,3783
2024-12-31,2024-12-31,2024-12-31T03:00:00,2024-12-31T03:30:00,3282,448,3730
2024-12-31,2024-12-31,2024-12-31T03:30:00,2024-12-31T04:00:00,3266,441,3707
2024-12-31,2024-12-31,2024-12-31T04:00:00,2024-12-31T04:30:00,3270,434,3704
2024-12-31,2024-12-31,2024-12-31T04:30:00,2024-12-31T05:00:00,3255,431,3686
2024-12-31,2024-12-31,2024-12-31T05:00:00,2024-12-31T05:30:00,3250,427,3677
2024-12-31,2024-12-31,2024-12-31T05:30:00,2024-12-31T06:00:00,3298,441,3739
2024-12-31,2024-12-31,2024-12-31T06:00:00,2024-12-31T06:30:00,3365,480,3845
2024-12-31,2024-12-31,2024-12-31T06:30:00,2024-12-31T07:00:00,3472,535,4007
2024-12-31,2024-12-31,2024-12-31T07:00:00,2024-12-31T07:30:00,3569,584,4153
2024-12-31,2024-12-31,2024-12-31T07:30:00,2024-12-31T08:00:00,3663,635,4298
2024-12-31,2024-12-31,2024-12-31T08:00:00,2024-12-31T08:30:00,3730,690,4420
2024-12-31,2024-12-31,2024-12-31T08:30:00,2024-12-31T09:00:00,3804,730,4534
2024-12-31,2024-12-31,2024-12-31T09:00:00,2024-12-31T09:30:00,3911,790,4701
2024-12-31,2024-12-31,2024-12-31T09:30:00,2024-12-31T10:00:00,4037,830,4867
2024-12-31,2024-12-31,2024-12-31T10:00:00,2024-12-31T10:30:00,4142,860,5002
2024-12-31,2024-12-31,2024-12-31T10:30:00,2024-12-31T11:00:00,4239,890,5129
2024-12-31,2024-12-31,2024-12-31T11:00:00,2024-12-31T11:30:00,4326,895,5221
2024-12-31,2024-12-31,2024-12-31T11:30:00,2024-12-31T12:00:00,4369,905,5274
2024-12-31,2024-12-31,2024-12-31T12:00:00,2024-12-31T12:30:00,4415,930,5345
2024-12-31,2024-12-31,2024-12-31T12:30:00,2024-12-31T13:00:00,4458,940,5398
2024-12-31,2024-12-31,2024-12-31T13:00:00,2024-12-31T13:30:00,4478,955,5433
2024-12-31,2024-12-31,2024-12-31T13:30:00,2024-12-31T14:00:00,4474,950,5424
2024-12-31,2024-12-31,2024-12-31T14:00:00,2024-12-31T14:30:00,4436,945,5381
2024-12-31,2024-12-31,2024-12-31T14:30:00,2024-12-31T15:00:00,4430,940,5370
2024-12-31,2024-12-31,2024-12-31T15:00:00,2024-12-31T15:30:00,4406,930,5336
2024-12-31,2024-12-31,2024-12-31T15:30:00,2024-12-31T16:00:00,4447,950,5397
2024-12-31,2024-12-31,2024-12-31T16:00:00,2024-12-31T16:30:00,4512,980,5492
2024-12-31,2024-12-31,2024-12-31T16:30:00,2024-12-31T17:00:00,4670,1050,5720
2024-12-31,2024-12-31,2024-12-31T17:00:00,2024-12-31T17:30:00,4830,1120,5950
2024-12-31,2024-12-31,2024-12-31T17:30:00,2024-12-31T18:00:00,4900,1150,6050
2024-12-31,2024-12-31,2024-12-31T18:00:00,2024-12-31T18:30:00,4849,1110,5959
2024-12-31,2024-12-31,2024-12-31T18:30:00,2024-12-31T19:00:00,4766,1060,5826
2024-12-31,2024-12-31,2024-12-31T19:00:00,2024-12-31T19:30:00,4646,1010,5656
2024-12-31,2024-12-31,2024-12-31T19:30:00,2024-12-31T20:00:00,4506,960,5466
2024-12-31,2024-12-31,2024-12-31T20:00:00,2024-12-31T20:30:00,4382,910,5292
2024-12-31,2024-12-31,2024-12-31T20:30:00,2024-12-31T21:00:00,4278,860,5138
2024-12-31,2024-12-31,2024-12-31T21:00:00,2024-12-31T21:30:00,4178,810,4988
2024-12-31,2024-12-31,2024-12-31T21:30:00,2024-12-31T22:00:00,4062,760,4822
2024-12-31,2024-12-31,2024-12-31T22:00:00,2024-12-31T22:30:00,3953,715,4668
2024-12-31,2024-12-31,2024-12-31T22:30:00,2024-12-31T23:00:00,3895,690,4585
2024-12-31,2025-01-01,2024-12-31T23:00:00,2024-12-31T23:30:00,3860,650,4510
2024-12-31,2025-01-01,2024-12-31T23:30:00,2025-01-01T00:00:00,3918,610,4528
2025-01-01,2025-01-01,2025-01-01T00:00:00,2025-01-01T00:30:00,3562,552,4114
2025-01-01,2025-01-01,2025-01-01T00:30:00,2025-01-01T01:00:00,3489,520,4009
2025-01-01,2025-01-01,2025-01-01T01:00:00,2025-01-01T01:30:00,3421,516,3937
2025-01-01,2025-01-01,2025-01-01T01:30:00,2025-01-01T02:00:00,3344,531,3875
2025-01-01,2025-01-01,2025-01-01T02:00:00,2025-01-01T02:30:00,3265,520,3785
2025-01-01,2025-01-01,2025-01-01T02:30:00,2025-01-01T03:00:00,3246,510,3756
2025-01-01,2025-01-01,2025-01-01T03:00:00,2025-01-01T03:30:00,3162,503,3665
2025-01-01,2025-01-01,2025-01-01T03:30:00,2025-01-01T04:00:00,3107,495,3602
2025-01-01,2025-01-01,2025-01-01T04:00:00,2025-01-01T04:30:00,3044,501,3545
2025-01-01,2025-01-01,2025-01-01T04:30:00,2025-01-01T05:00:00,3000,497,3497
2025-01-01,2025-01-01,2025-01-01T05:00:00,2025-01-01T05:30:00,3014,512,3526
2025-01-01,2025-01-01,2025-01-01T05:30:00,2025-01-01T06:00:00,3001,529,3530
2025-01-01,2025-01-01,2025-01-01T06:00:00,2025-01-01T06:30:00,3042,561,3603
2025-01-01,2025-01-01,2025-01-01T06:30:00,2025-01-01T07:00:00,3088,608,3696
2025-01-01,2025-01-01,2025-01-01T07:00:00,2025-01-01T07:30:00,3112,652,3764
2025-01-01,2025-01-01,2025-01-01T07:30:00,2025-01-01T08:00:00,3187,710,3897
2025-01-01,2025-01-01,2025-01-01T08:00:00,2025-01-01T08:30:00,3201,756,3957
2025-01-01,2025-01-01,2025-01-01T08:30:00,2025-01-01T09:00:00,3209,798,4007
2025-01-01,2025-01-01,2025-01-01T09:00:00,2025-01-01T09:30:00,3278,831,4109
2025-01-01,2025-01-01,2025-01-01T09:30:00,2025-01-01T10:00:00,3400,887,4287
2025-01-01,2025-01-01,2025-01-01T10:00:00,2025-01-01T10:30:00,3532,905,4437
2025-01-01,2025-01-01,2025-01-01T10:30:00,2025-01-01T11:00:00,3653,937,4590
2025-01-01,2025-01-01,2025-01-01T11:00:00,2025-01-01T11:30:00,3763,973,4736
2025-01-01,2025-01-01,2025-01-01T11:30:00,2025-01-01T12:00:00,3867,997,4864
2025-01-01,2025-01-01,2025-01-01T12:00:00,2025-01-01T12:30:00,4000,1035,5035
2025-01-01,2025-01-01,2025-01-01T12:30:00,2025-01-01T13:00:00,4102,1066,5168
2025-01-01,2025-01-01,2025-01-01T13:00:00,2025-01-01T13:30:00,4192,1073,5265
2025-01-01,2025-01-01,2025-01-01T13:30:00,2025-01-01T14:00:00,4219,1068,5287
2025-01-01,2025-01-01,2025-01-01T14:00:00,2025-01-01T14:30:00,4263,1043,5306
2025-01-01,2025-01-01,2025-01-01T14:30:00,2025-01-01T15:00:00,4264,1028,5292
2025-01-01,2025-01-01,2025-01-01T15:00:00,2025-01-01T15:30:00,4253,1014,5267
2025-01-01,2025-01-01,2025-01-01T15:30:00,2025-01-01T16:00:00,4286,1002,5288
2025-01-01,2025-01-01,2025-01-01T16:00:00,2025-01-01T16:30:00,4316,1026,5342
2025-01-01,2025-01-01,2025-01-01T16:30:00,2025-01-01T17:00:00,4434,1056,5490
2025-01-01,2025-01-01,2025-01-01T17:00:00,2025-01-01T17:30:00,4529,1087,5616
2025-01-01,2025-01-01,2025-01-01T17:30:00,2025-01-01T18:00:00,4550,1082,5632
2025-01-01,2025-01-01,2025-01-01T18:00:00,2025-01-01T18:30:00,4500,1080,5580
2025-01-01,2025-01-01,2025-01-01T18:30:00,2025-01-01T19:00:00,4414,1045,5459
2025-01-01,2025-01-01,2025-01-01T19:00:00,2025-01-01T19:30:00,4334,1007,5341
2025-01-01,2025-01-01,2025-01-01T19:30:00,2025-01-01T20:00:00,4207,983,5190
2025-01-01,2025-01-01,2025-01-01T20:00:00,2025-01-01T20:30:00,4122,962,5084
2025-01-01,2025-01-01,2025-01-01T20:30:00,2025-01-01T21:00:00,4026,938,4964
2025-01-01,2025-01-01,2025-01-01T21:00:00,2025-01-01T21:30:00,3908,934,4842
2025-01-01,2025-01-01,2025-01-01T21:30:00,2025-01-01T22:00:00,3764,892,4656
2025-01-01,2025-01-01,2025-01-01T22:00:00,2025-01-01T22:30:00,3636,873,4509
2025-01-01,2025-01-01,2025-01-01T22:30:00,2025-01-01T23:00:00,3548,834,4382
2025-01-01,2025-01-02,2025-01-01T23:00:00,2025-01-01T23:30:00,3459,792,4251
2025-01-01,2025-01-02,2025-01-01T23:30:00,2025-01-02T00:00:00,3417,743,4160
2025-01-02,2025-01-02,2025-01-02T00:00:00,2025-01-02T00:30:00,3547,700,4247
2025-01-02,2025-01-02,2025-01-02T00:30:00,2025-01-02T01:00:00,3498,662,4160
2025-01-02,2025-01-02,2025-01-02T01:00:00,2025-01-02T01:30:00,3402,653,4055
2025-01-02,2025-01-02,2025-01-02T01:30:00,2025-01-02T02:00:00,3328,671,3999
2025-01-02,2025-01-02,2025-01-02T02:00:00,2025-01-02T02:30:00,3306,647,3953
2025-01-02,2025-01-02,2025-01-02T02:30:00,2025-01-02T03:00:00,3307,636,3943
2025-01-02,2025-01-02,2025-01-02T03:00:00,2025-01-02T03:30:00,3249,624,3873
2025-01-02,2025-01-02,2025-01-02T03:30:00,2025-01-02T04:00:00,3234,615,3849
2025-01-02,2025-01-02,2025-01-02T04:00:00,2025-01-02T04:30:00,3217,609,3826
2025-01-02,2025-01-02,2025-01-02T04:30:00,2025-01-02T05:00:00,3200,605,3805
2025-01-02,2025-01-02,2025-01-02T05:00:00,2025-01-02T05:30:00,3235,601,3836
2025-01-02,2025-01-02,2025-01-02T05:30:00,2025-01-02T06:00:00,3273,621,3894
2025-01-02,2025-01-02,2025-01-02T06:00:00,2025-01-02T06:30:00,3375,652,4027
2025-01-02,2025-01-02,2025-01-02T06:30:00,2025-01-02T07:00:00,3557,708,4265
2025-01-02,2025-01-02,2025-01-02T07:00:00,2025-01-02T07:30:00,3715,770,4485
2025-01-02,2025-01-02,2025-01-02T07:30:00,2025-01-02T08:00:00,3898,842,4740
2025-01-02,2025-01-02,2025-01-02T08:00:00,2025-01-02T08:30:00,4032,901,4933
2025-01-02,2025-01-02,2025-01-02T08:30:00,2025-01-02T09:00:00,4160,947,5107
2025-01-02,2025-01-02,2025-01-02T09:00:00,2025-01-02T09:30:00,4258,985,5243
2025-01-02,2025-01-02,2025-01-02T09:30:00,2025-01-02T10:00:00,4354,1046,5400
2025-01-02,2025-01-02,2025-01-02T10:00:00,2025-01-02T10:30:00,4428,1047,5475
2025-01-02,2025-01-02,2025-01-02T10:30:00,2025-01-02T11:00:00,4499,1079,5578
2025-01-02,2025-01-02,2025-01-02T11:00:00,2025-01-02T11:30:00,4561,1083,5644
2025-01-02,2025-01-02,2025-01-02T11:30:00,2025-01-02T12:00:00,4606,1107,5713
2025-01-02,2025-01-02,2025-01-02T12:00:00,2025-01-02T12:30:00,4658,1117,5775
2025-01-02,2025-01-02,2025-01-02T12:30:00,2025-01-02T13:00:00,4697,1149,5846
2025-01-02,2025-01-02,2025-01-02T13:00:00,2025-01-02T13:30:00,4716,1139,5855
2025-01-02,2025-01-02,2025-01-02T13:30:00,2025-01-02T14:00:00,4701,1133,5834
2025-01-02,2025-01-02,2025-01-02T14:00:00,2025-01-02T14:30:00,4690,1113,5803
2025-01-02,2025-01-02,2025-01-02T14:30:00,2025-01-02T15:00:00,4664,1098,5762
2025-01-02,2025-01-02,2025-01-02T15:00:00,2025-01-02T15:30:00,4671,1057,5728
2025-01-02,2025-01-02,2025-01-02T15:30:00,2025-01-02T16:00:00,4680,1046,5726
2025-01-02,2025-01-02,2025-01-02T16:00:00,2025-01-02T16:30:00,4755,1072,5827
2025-01-02,2025-01-02,2025-01-02T16:30:00,2025-01-02T17:00:00,4847,1105,5952
2025-01-02,2025-01-02,2025-01-02T17:00:00,2025-01-02T17:30:00,5016,1163,6179
2025-01-02,2025-01-02,2025-01-02T17:30:00,2025-01-02T18:00:00,5100,1159,6259
2025-01-02,2025-01-02,2025-01-02T18:00:00,2025-01-02T18:30:00,5074,1143,6217
2025-01-02,2025-01-02,2025-01-02T18:30:00,2025-01-02T19:00:00,4986,1105,6091
2025-01-02,2025-01-02,2025-01-02T19:00:00,2025-01-02T19:30:00,4860,1070,5930
2025-01-02,2025-01-02,2025-01-02T19:30:00,2025-01-02T20:00:00,4810,1044,5854
2025-01-02,2025-01-02,2025-01-02T20:00:00,2025-01-02T20:30:00,4708,1019,5727
2025-01-02,2025-01-02,2025-01-02T20:30:00,2025-01-02T21:00:00,4590,993,5583
2025-01-02,2025-01-02,2025-01-02T21:00:00,2025-01-02T21:30:00,4500,1010,5510
2025-01-02,2025-01-02,2025-01-02T21:30:00,2025-01-02T22:00:00,4378,964,5342
2025-01-02,2025-01-02,2025-01-02T22:00:00,2025-01-02T22:30:00,4262,915,5177
2025-01-02,2025-01-02,2025-01-02T22:30:00,2025-01-02T23:00:00,4128,874,5002
2024-12-29,2024-12-30,2024-12-29T23:00:00,2024-12-29T23:30:00,3580,648,4228
2024-12-29,2024-12-30,2024-12-29T23:30:00,2024-12-30T00:00:00,3543,606,4149
2024-12-30,2024-12-30,2024-12-30T00:00:00,2024-12-30T00:30:00,3307,554,3861
2024-12-30,2024-12-30,2024-12-30T00:30:00,2024-12-30T01:00:00,3256,520,3776
2024-12-30,2024-12-30,2024-12-30T01:00:00,2024-12-30T01:30:00,3157,502,3659
2024-12-30,2024-12-30,2024-12-30T01:30:00,2024-12-30T02:00:00,3081,503,3584
2024-12-30,2024-12-30,2024-12-30T02:00:00,2024-12-30T02:30:00,3058,486,3544
2024-12-30,2024-12-30,2024-12-30T02:30:00,2024-12-30T03:00:00,3060,477,3537
2024-12-30,2024-12-30,2024-12-30T03:00:00,2024-12-30T03:30:00,3001,469,3470
2024-12-30,2024-12-30,2024-12-30T03:30:00,2024-12-30T04:00:00,2984,462,3446
2024-12-30,2024-12-30,2024-12-30T04:00:00,2024-12-30T04:30:00,2968,457,3425
2024-12-30,2024-12-30,2024-12-30T04:30:00,2024-12-30T05:00:00,2950,450,3400
2024-12-30,2024-12-30,2024-12-30T05:00:00,2024-12-30T05:30:00,2986,458,3444
2024-12-30,2024-12-30,2024-12-30T05:30:00,2024-12-30T06:00:00,3025,477,3502
2024-12-30,2024-12-30,2024-12-30T06:00:00,2024-12-30T06:30:00,3130,507,3637
2024-12-30,2024-12-30,2024-12-30T06:30:00,2024-12-30T07:00:00,3317,563,3880
2024-12-30,2024-12-30,2024-12-30T07:00:00,2024-12-30T07:30:00,3479,628,4107
2024-12-30,2024-12-30,2024-12-30T07:30:00,2024-12-30T08:00:00,3666,674,4340
2024-12-30,2024-12-30,2024-12-30T08:00:00,2024-12-30T08:30:00,3804,719,4523
2024-12-30,2024-12-30,2024-12-30T08:30:00,2024-12-30T09:00:00,3935,775,4710
2024-12-30,2024-12-30,2024-12-30T09:00:00,2024-12-30T09:30:00,4035,820,4855
2024-12-30,2024-12-30,2024-12-30T09:30:00,2024-12-30T10:00:00,4135,871,5006
2024-12-30,2024-12-30,2024-12-30T10:00:00,2024-12-30T10:30:00,4210,900,5110
2024-12-30,2024-12-30,2024-12-30T10:30:00,2024-12-30T11:00:00,4283,924,5207
2024-12-30,2024-12-30,2024-12-30T11:00:00,2024-12-30T11:30:00,4347,937,5284
2024-12-30,2024-12-30,2024-12-30T11:30:00,2024-12-30T12:00:00,4393,962,5355
2024-12-30,2024-12-30,2024-12-30T12:00:00,2024-12-30T12:30:00,4447,980,5427
2024-12-30,2024-12-30,2024-12-30T12:30:00,2024-12-30T13:00:00,4486,968,5454
2024-12-30,2024-12-30,2024-12-30T13:00:00,2024-12-30T13:30:00,4506,986,5492
2024-12-30,2024-12-30,2024-12-30T13:30:00,2024-12-30T14:00:00,4491,980,5471
2024-12-30,2024-12-30,2024-12-30T14:00:00,2024-12-30T14:30:00,4479,976,5455
2024-12-30,2024-12-30,2024-12-30T14:30:00,2024-12-30T15:00:00,4452,972,5424
2024-12-30,2024-12-30,2024-12-30T15:00:00,2024-12-30T15:30:00,4460,986,5446
2024-12-30,2024-12-30,2024-12-30T15:30:00,2024-12-30T16:00:00,4469,993,5462
2024-12-30,2024-12-30,2024-12-30T16:00:00,2024-12-30T16:30:00,4546,1027,5573
2024-12-30,2024-12-30,2024-12-30T16:30:00,2024-12-30T17:00:00,4640,1099,5739
2024-12-30,2024-12-30,2024-12-30T17:00:00,2024-12-30T17:30:00,4814,1171,5985
2024-12-30,2024-12-30,2024-12-30T17:30:00,2024-12-30T18:00:00,4900,1200,6100
2024-12-30,2024-12-30,2024-12-30T18:00:00,2024-12-30T18:30:00,4873,1174,6047
2024-12-30,2024-12-30,2024-12-30T18:30:00,2024-12-30T19:00:00,4783,1136,5919
2024-12-30,2024-12-30,2024-12-30T19:00:00,2024-12-30T19:30:00,4654,1086,5740
2024-12-30,2024-12-30,2024-12-30T19:30:00,2024-12-30T20:00:00,4603,1046,5649
2024-12-30,2024-12-30,2024-12-30T20:00:00,2024-12-30T20:30:00,4498,1014,5512
2024-12-30,2024-12-30,2024-12-30T20:30:00,2024-12-30T21:00:00,4377,977,5354
2024-12-30,2024-12-30,2024-12-30T21:00:00,2024-12-30T21:30:00,4284,944,5228
2024-12-30,2024-12-30,2024-12-30T21:30:00,2024-12-30T22:00:00,4159,904,5063
2024-12-30,2024-12-30,2024-12-30T22:00:00,2024-12-30T22:30:00,4039,868,4907
2024-12-30,2024-12-30,2024-12-30T22:30:00,2024-12-30T23:00:00,3903,824,4727
2024-12-30,2024-12-31,2024-12-30T23:00:00,2024-12-30T23:30:00,3799,782,4581
2024-12-30,2024-12-31,2024-12-30T23:30:00,2024-12-31T00:00:00,3764,730,4494
2024-12-31,2024-12-31,2024-12-31T00:00:00,2024-12-31T00:30:00,3780,521,4301
2024-12-31,2024-12-31,2024-12-31T00:30:00,2024-12-31T01:00:00,3688,491,4179
2024-12-31,2024-12-31,2024-12-31T01:00:00,2024-12-31T01:30:00,3568,479,4047
2024-12-31,2024-12-31,2024-12-31T01:30:00,2024-12-31T02:00:00,3477,494,3971
2024-12-31,2024-12-31,2024-12-31T02:00:00,2024-12-31T02:30:00,3383,467,3850
2024-12-31,2024-12-31,2024-12-31T02:30:00,2024-12-31T03:00:00,3325,458,3783
2024-12-31,2024-12-31,2024-12-31T03:00:00,2024-12-31T03:30:00,3282,448,3730
2024-12-31,2024-12-31,2024-12-31T03:30:00,2024-12-31T04:00:00,3266,441,3707
2024-12-31,2024-12-31,2024-12-31T04:00:00,2024-12-31T04:30:00,3270,434,3704
2024-12-31,2024-12-31,2024-12-31T04:30:00,2024-12-31T05:00:00,3255,431,3686
2024-12-31,2024-12-31,2024-12-31T05:00:00,2024-12-31T05:30:00,3250,427,3677
2024-12-31,2024-12-31,2024-12-31T05:30:00,2024-12-31T06:00:00,3298,441,3739
2024-12-31,2024-12-31,2024-12-31T06:00:00,2024-12-31T06:30:00,3365,480,3845
2024-12-31,2024-12-31,2024-12-31T06:30:00,2024-12-31T07:00:00,3472,535,4007
2024-12-31,2024-12-31,2024-12-31T07:00:00,2024-12-31T07:30:00,3569,584,4153
2024-12-31,2024-12-31,2024-12-31T07:30:00,2024-12-31T08:00:00,3663,640,4303
2024-12-31,2024-12-31,2024-12-31T08:00:00,2024-12-31T08:30:00,3730,700,4430
2024-12-31,2024-12-31,2024-12-31T08:30:00,2024-12-31T09:00:00,3804,735,4539
2024-12-31,2024-12-31,2024-12-31T09:00:00,2024-12-31T09:30:00,3911,790,4701
2024-12-31,2024-12-31,2024-12-31T09:30:00,2024-12-31T10:00:00,4037,830,4867
2024-12-31,2024-12-31,2024-12-31T10:00:00,2024-12-31T10:30:00,4142,860,5002
2024-12-31,2024-12-31,2024-12-31T10:30:00,2024-12-31T11:00:00,4239,890,5129
2024-12-31,2024-12-31,2024-12-31T11:00:00,2024-12-31T11:30:00,4326,895,5221
2024-12-31,2024-12-31,2024-12-31T11:30:00,2024-12-31T12:00:00,4369,905,5274
2024-12-31,2024-12-31,2024-12-31T12:00:00,2024-12-31T12:30:00,4415,930,5345
2024-12-31,2024-12-31,2024-12-31T12:30:00,2024-12-31T13:00:00,4458,940,5398
2024-12-31,2024-12-31,2024-12-31T13:00:00,2024-12-31T13:30:00,4478,955,5433
2024-12-31,2024-12-31,2024-12-31T13:30:00,2024-12-31T14:00:00,4474,950,5424
2024-12-31,2024-12-31,2024-12-31T14:00:00,2024-12-31T14:30:00,4436,945,5381
2024-12-31,2024-12-31,2024-12-31T14:30:00,2024-12-31T15:00:00,4430,940,5370
2024-12-31,2024-12-31,2024-12-31T15:00:00,2024-12-31T15:30:00,4406,930,5336
2024-12-31,2024-12-31,2024-12-31T15:30:00,2024-12-31T16:00:00,4447,950,5397
2024-12-31,2024-12-31,2024-12-31T16:00:00,2024-12-31T16:30:00,4512,980,5492
2024-12-31,2024-12-31,2024-12-31T16:30:00,2024-12-31T17:00:00,4670,1050,5720
2024-12-31,2024-12-31,2024-12-31T17:00:00,2024-12-31T17:30:00,4830,1120,5950
2024-12-31,2024-12-31,2024-12-31T17:30:00,2024-12-31T18:00:00,4900,1150,6050
2024-12-31,2024-12-31,2024-12-31T18:00:00,2024-12-31T18:30:00,4849,1110,5959
2024-12-31,2024-12-31,2024-12-31T18:30:00,2024-12-31T19:00:00,4766,1060,5826
2024-12-31,2024-12-31,2024-12-31T19:00:00,2024-12-31T19:30:00,4646,1010,5656
2024-12-31,2024-12-31,2024-12-31T19:30:00,2024-12-31T20:00:00,4506,960,5466
2024-12-31,2024-12-31,2024-12-31T20:00:00,2024-12-31T20:30:00,4382,910,5292
2024-12-31,2024-12-31,2024-12-31T20:30:00,2024-12-31T21:00:00,4278,860,5138
2024-12-31,2024-12-31,2024-12-31T21:00:00,2024-12-31T21:30:00,4178,810,4988
2024-12-31,2024-12-31,2024-12-31T21:30:00,2024-12-31T22:00:00,4062,760,4822
2024-12-31,2024-12-31,2024-12-31T22:00:00,2024-12-31T22:30:00,3953,715,4668
2024-12-31,2024-12-31,2024-12-31T22:30:00,2024-12-31T23:00:00,3895,690,4585
2024-12-31,2025-01-01,2024-12-31T23:00:00,2024-12-31T23:30:00,3860,650,4510
2024-12-31,2025-01-01,2024-12-31T23:30:00,2025-01-01T00:00:00,3918,610,4528
2025-01-01,2025-01-01,2025-01-01T00:00:00,2025-01-01T00:30:00,3562,552,4114
2025-01-01,2025-01-01,2025-01-01T00:30:00,2025-01-01T01:00:00,3489,520,4009
2025-01-01,2025-01-01,2025-01-01T01:00:00,2025-01-01T01:30:00,3421,516,3937
2025-01-01,2025-01-01,2025-01-01T01:30:00,2025-01-01T02:00:00,3344,531,3875
2025-01-01,2025-01-01,2025-01-01T02:00:00,2025-01-01T02:30:00,3265,520,3785
2025-01-01,2025-01-01,2025-01-01T02:30:00,2025-01-01T03:00:00,3246,510,3756
2025-01-01,2025-01-01,2025-01-01T03:00:00,2025-01-01T03:30:00,3162,503,3665
2025-01-01,2025-01-01,2025-01-01T03:30:00,2025-01-01T04:00:00,3107,495,3602
2025-01-01,2025-01-01,2025-01-01T04:00:00,2025-01-01T04:30:00,3044,501,3545
2025-01-01,2025-01-01,2025-01-01T04:30:00,2025-01-01T05:00:00,3000,497,3497
2025-01-01,2025-01-01,2025-01-01T05:00:00,2025-01-01T05:30:00,3014,512,3526
2025-01-01,2025-01-01,2025-01-01T05:30:00,2025-01-01T06:00:00,3001,529,3530
2025-01-01,2025-01-01,2025-01-01T06:00:00,2025-01-01T06:30:00,3042,561,3603
2025-01-01,2025-01-01,2025-01-01T06:30:00,2025-01-01T07:00:00,3088,608,3696
2025-01-01,2025-01-01,2025-01-01T07:00:00,2025-01-01T07:30:00,3112,652,3764
2025-01-01,2025-01-01,2025-01-01T07:30:00,2025-01-01T08:00:00,3187,710,3897
2025-01-01,2025-01-01,2025-01-01T08:00:00,2025-01-01T08:30:00,3201,756,3957
2025-01-01,2025-01-01,2025-01-01T08:30:00,2025-01-01T09:00:00,3209,798,4007
2025-01-01,2025-01-01,2025-01-01T09:00:00,2025-01-01T09:30:00,3278,831,4109
2025-01-01,2025-01-01,2025-01-01T09:30:00,2025-01-01T10:00:00,3400,887,4287
2025-01-01,2025-01-01,2025-01-01T10:00:00,2025-01-01T10:30:00,3532,905,4437
2025-01-01,2025-01-01,2025-01-01T10:30:00,2025-01-01T11:00:00,3653,937,4590
2025-01-01,2025-01-01,2025-01-01T11:00:00,2025-01-01T11:30:00,3763,973,4736
2025-01-01,2025-01-01,2025-01-01T11:30:00,2025-01-01T12:00:00,3867,997,4864
2025-01-01,2025-01-01,2025-01-01T12:00:00,2025-01-01T12:30:00,4000,1035,5035
2025-01-01,2025-01-01,2025-01-01T12:30:00,2025-01-01T13:00:00,4102,1066,5168
2025-01-01,2025-01-01,2025-01-01T13:00:00,2025-01-01T13:30:00,4192,1073,5265
2025-01-01,2025-01-01,2025-01-01T13:30:00,2025-01-01T14:00:00,4219,1068,5287
2025-01-01,2025-01-01,2025-01-01T14:00:00,2025-01-01T14:30:00,4263,1043,5306
2025-01-01,2025-01-01,2025-01-01T14:30:00,2025-01-01T15:00:00,4264,1028,5292
2025-01-01,2025-01-01,2025-01-01T15:00:00,2025-01-01T15:30:00,4253,1014,5267
2025-01-01,2025-01-01,2025-01-01T15:30:00,2025-01-01T16:00:00,4286,1002,5288
2025-01-01,2025-01-01,2025-01-01T16:00:00,2025-01-01T16:30:00,4316,1026,5342
2025-01-01,2025-01-01,2025-01-01T16:30:00,2025-01-01T17:00:00,4434,1056,5490
2025-01-01,2025-01-01,2025-01-01T17:00:00,2025-01-01T17:30:00,4529,1087,5616
2025-01-01,2025-01-01,2025-01-01T17:30:00,2025-01-01T18:00:00,4550,1082,5632
2025-01-01,2025-01-01,2025-01-01T18:00:00,2025-01-01T18:30:00,4500,1080,5580
2025-01-01,2025-01-01,2025-01-01T18:30:00,2025-01-01T19:00:00,4414,1045,5459
2025-01-01,2025-01-01,2025-01-01T19:00:00,2025-01-01T19:30:00,4334,1007,5341
2025-01-01,2025-01-01,2025-01-01T19:30:00,2025-01-01T20:00:00,4207,983,5190
2025-01-01,2025-01-01,2025-01-01T20:00:00,2025-01-01T20:30:00,4122,962,5084
2025-01-01,2025-01-01,2025-01-01T20:30:00,2025-01-01T21:00:00,4026,938,4964
2025-01-01,2025-01-01,2025-01-01T21:00:00,2025-01-01T21:30:00,3908,934,4842
2025-01-01,2025-01-01,2025-01-01T21:30:00,2025-01-01T22:00:00,3764,892,4656
2025-01-01,2025-01-01,2025-01-01T22:00:00,2025-01-01T22:30:00,3636,873,4509
2025-01-01,2025-01-01,2025-01-01T22:30:00,2025-01-01T23:00:00,3548,834,4382
2025-01-01,2025-01-02,2025-01-01T23:00:00,2025-01-01T23:30:00,3459,792,4251
2025-01-01,2025-01-02,2025-01-01T23:30:00,2025-01-02T00:00:00,3417,743,4160
2025-01-02,2025-01-02,2025-01-02T00:00:00,2025-01-02T00:30:00,3547,700,4247
2025-01-02,2025-01-02,2025-01-02T00:30:00,2025-01-02T01:00:00,3498,662,4160
2025-01-02,2025-01-02,2025-01-02T01:00:00,2025-01-02T01:30:00,3402,653,4055
2025-01-02,2025-01-02,2025-01-02T01:30:00,2025-01-02T02:00:00,3328,671,3999
2025-01-02,2025-01-02,2025-01-02T02:00:00,2025-01-02T02:30:00,3306,647,3953
2025-01-02,2025-01-02,2025-01-02T02:30:00,2025-01-02T03:00:00,3307,636,3943
2025-01-02,2025-01-02,2025-01-02T03:00:00,2025-01-02T03:30:00,3249,624,3873
2025-01-02,2025-01-02,2025-01-02T03:30:00,2025-01-02T04:00:00,3234,615,3849
2025-01-02,2025-01-02,2025-01-02T04:00:00,2025-01-02T04:30:00,3217,609,3826
2025-01-02,2025-01-02,2025-01-02T04:30:00,2025-01-02T05:00:00,3200,605,3805
2025-01-02,2025-01-02,2025-01-02T05:00:00,2025-01-02T05:30:00,3235,601,3836
2025-01-02,2025-01-02,2025-01-02T05:30:00,2025-01-02T06:00:00,3273,621,3894
2025-01-02,2025-01-02,2025-01-02T06:00:00,2025-01-02T06:30:00,3375,652,4027
2025-01-02,2025-01-02,2025-01-02T06:30:00,2025-01-02T07:00:00,3557,708,4265
2025-01-02,2025-01-02,2025-01-02T07:00:00,2025-01-02T07:30:00,3715,770,4485
2025-01-02,2025-01-02,2025-01-02T07:30:00,2025-01-02T08:00:00,3898,842,4740
2025-01-02,2025-01-02,2025-01-02T08:00:00,2025-01-02T08:30:00,4032,901,4933
2025-01-02,2025-01-02,2025-01-02T08:30:00,2025-01-02T09:00:00,4160,947,5107
2025-01-02,2025-01-02,2025-01-02T09:00:00,2025-01-02T09:30:00,4258,985,5243
2025-01-02,2025-01-02,2025-01-02T09:30:00,2025-01-02T10:00:00,4354,1046,5400
2025-01-02,2025-01-02,2025-01-02T10:00:00,2025-01-02T10:30:00,4428,1047,5475
2025-01-02,2025-01-02,2025-01-02T10:30:00,2025-01-02T11:00:00,4499,1079,5578
2025-01-02,2025-01-02,2025-01-02T11:00:00,2025-01-02T11:30:00,4561,1083,5644
2025-01-02,2025-01-02,2025-01-02T11:30:00,2025-01-02T12:00:00,4606,1107,5713
2025-01-02,2025-01-02,2025-01-02T12:00:00,2025-01-02T12:30:00,4658,1117,5775
2025-01-02,2025-01-02,2025-01-02T12:30:00,2025-01-02T13:00:00,4697,1149,5846
2025-01-02,2025-01-02,2025-01-02T13:00:00,2025-01-02T13:30:00,4716,1139,5855
2025-01-02,2025-01-02,2025-01-02T13:30:00,2025-01-02T14:00:00,4701,1133,5834
2025-01-02,2025-01-02,2025-01-02T14:00:00,2025-01-02T14:30:00,4690,1113,5803
2025-01-02,2025-01-02,2025-01-02T14:30:00,2025-01-02T15:00:00,4664,1098,5762
2025-01-02,2025-01-02,2025-01-02T15:00:00,2025-01-02T15:30:00,4671,1057,5728
2025-01-02,2025-01-02,2025-01-02T15:30:00,2025-01-02T16:00:00,4680,1046,5726
2025-01-02,2025-01-02,2025-01-02T16:00:00,2025-01-02T16:30:00,4755,1072,5827
2025-01-02,2025-01-02,2025-01-02T16:30:00,2025-01-02T17:00:00,4847,1105,5952
2025-01-02,2025-01-02,2025-01-02T17:00:00,2025-01-02T17:30:00,5016,1163,6179
2025-01-02,2025-01-02,2025-01-02T17:30:00,2025-01-02T18:00:00,5100,1159,6259
2025-01-02,2025-01-02,2025-01-02T18:00:00,2025-01-02T18:30:00,5074,1143,6217
2025-01-02,2025-01-02,2025-01-02T18:30:00,2025-01-02T19:00:00,4986,1105,6091
2025-01-02,2025-01-02,2025-01-02T19:00:00,2025-01-02T19:30:00,4860,1070,5930
2025-01-02,2025-01-02,2025-01-02T19:30:00,2025-01-02T20:00:00,4810,1044,5854
2025-01-02,2025-01-02,2025-01-02T20:00:00,2025-01-02T20:30:00,4708,1019,5727
2025-01-02,2025-01-02,2025-01-02T20:30:00,2025-01-02T21:00:00,4590,993,5583
2025-01-02,2025-01-02,2025-01-02T21:00:00,2025-01-02T21:30:00,4500,1010,5510
2025-01-02,2025-01-02,2025-01-02T21:30:00,2025-01-02T22:00:00,4378,964,5342
2025-01-02,2025-01-02,2025-01-02T22:00:00,2025-01-02T22:30:00,4262,915,5177
2025-01-02,2025-01-02,2025-01-02T22:30:00,2025-01-02T23:00:00,4128,874,5002
2024-12-29,2024-12-30,2024-12-29T23:00:00,2024-12-29T23:30:00,3580,648,4228
2024-12-29,2024-12-30,2024-12-29T23:30:00,2024-12-30T00:00:00,3543,606,4149
2024-12-30,2024-12-30,2024-12-30T00:00:00,2024-12-30T00:30:00,3307,554,3861
2024-12-30,2024-12-30,2024-12-30T00:30:00,2024-12-30T01:00:00,3256,520,3776
2024-12-30,2024-12-30,2024-12-30T01:00:00,2024-12-30T01:30:00,3157,502,3659
2024-12-30,2024-12-30,2024-12-30T01:30:00,2024-12-30T02:00:00,3081,503,3584
2024-12-30,2024-12-30,2024-12-30T02:00:00,2024-12-30T02:30:00,3058,486,3544
2024-12-30,2024-12-30,2024-12-30T02:30:00,2024-12-30T03:00:00,3060,477,3537
2024-12-30,2024-12-30,2024-12-30T03:00:00,2024-12-30T03:30:00,3001,469,3470
2024-12-30,2024-12-30,2024-12-30T03:30:00,2024-12-30T04:00:00,2984,462,3446
2024-12-30,2024-12-30,2024-12-30T04:00:00,2024-12-30T04:30:00,2968,457,3425
2024-12-30,2024-12-30,2024-12-30T04:30:00,2024-12-30T05:00:00,2950,450,3400
2024-12-30,2024-12-30,2024-12-30T05:00:00,2024-12-30T05:30:00,2986,458,3444
2024-12-30,2024-12-30,2024-12-30T05:30:00,2024-12-30T06:00:00,3025,477,3502
2024-12-30,2024-12-30,2024-12-30T06:00:00,2024-12-30T06:30:00,3130,507,3637
2024-12-30,2024-12-30,2024-12-30T06:30:00,2024-12-30T07:00:00,3317,563,3880
2024-12-30,2024-12-30,2024-12-30T07:00:00,2024-12-30T07:30:00,3479,628,4107
2024-12-30,2024-12-30,2024-12-30T07:30:00,2024-12-30T08:00:00,3666,674,4340
2024-12-30,2024-12-30,2024-12-30T08:00:00,2024-12-30T08:30:00,3804,719,4523
2024-12-30,2024-12-30,2024-12-30T08:30:00,2024-12-30T09:00:00,3935,775,4710
2024-12-30,2024-12-30,2024-12-30T09:00:00,2024-12-30T09:30:00,4035,820,4855
2024-12-30,2024-12-30,2024-12-30T09:30:00,2024-12-30T10:00:00,4135,871,5006
2024-12-30,2024-12-30,2024-12-30T10:00:00,2024-12-30T10:30:00,4210,900,5110
2024-12-30,2024-12-30,2024-12-30T10:30:00,2024-12-30T11:00:00,4283,924,5207
2024-12-30,2024-12-30,2024-12-30T11:00:00,2024-12-30T11:30:00,4347,937,5284
2024-12-30,2024-12-30,2024-12-30T11:30:00,2024-12-30T12:00:00,4393,962,5355
2024-12-30,2024-12-30,2024-12-30T12:00:00,2024-12-30T12:30:00,4447,980,5427
2024-12-30,2024-12-30,2024-12-30T12:30:00,2024-12-30T13:00:00,4486,968,5454
2024-12-30,2024-12-30,2024-12-30T13:00:00,2024-12-30T13:30:00,4506,986,5492
2024-12-30,2024-12-30,2024-12-30T13:30:00,2024-12-30T14:00:00,4491,980,5471
2024-12-30,2024-12-30,2024-12-30T14:00:00,2024-12-30T14:30:00,4479,976,5455
2024-12-30,2024-12-30,2024-12-30T14:30:00,2024-12-30T15:00:00,4452,972,5424
2024-12-30,2024-12-30,2024-12-30T15:00:00,2024-12-30T15:30:00,4460,986,5446
2024-12-30,2024-12-30,2024-12-30T15:30:00,2024-12-30T16:00:00,4469,993,5462
2024-12-30,2024-12-30,2024-12-30T16:00:00,2024-12-30T16:30:00,4546,1027,5573
2024-12-30,2024-12-30,2024-12-30T16:30:00,2024-12-30T17:00:00,4640,1099,5739
2024-12-30,2024-12-30,2024-12-30T17:00:00,2024-12-30T17:30:00,4814,1171,5985
2024-12-30,2024-12-30,2024-12-30T17:30:00,2024-12-30T18:00:00,4900,1200,6100
2024-12-30,2024-12-30,2024-12-30T18:00:00,2024-12-30T18:30:00,4873,1174,6047
2024-12-30,2024-12-30,2024-12-30T18:30:00,2024-12-30T19:00:00,4783,1136,5919
2024-12-30,2024-12-30,2024-12-30T19:00:00,2024-12-30T19:30:00,4654,1086,5740
2024-12-30,2024-12-30,2024-12-30T19:30:00,2024-12-30T20:00:00,4603,1046,5649
2024-12-30,2024-12-30,2024-12-30T20:00:00,2024-12-30T20:30:00,4498,1014,5512
2024-12-30,2024-12-30,2024-12-30T20:30:00,2024-12-30T21:00:00,4377,977,5354
2024-12-30,2024-12-30,2024-12-30T21:00:00,2024-12-30T21:30:00,4284,944,5228
2024-12-30,2024-12-30,2024-12-30T21:30:00,2024-12-30T22:00:00,4159,904,5063
2024-12-30,2024-12-30,2024-12-30T22:00:00,2024-12-30T22:30:00,4039,868,4907
2024-12-30,2024-12-30,2024-12-30T22:30:00,2024-12-30T23:00:00,3903,824,4727
2024-12-30,2024-12-31,2024-12-30T23:00:00,2024-12-30T23:30:00,3799,782,4581
2024-12-30,2024-12-31,2024-12-30T23:30:00,2024-12-31T00:00:00,3764,730,4494
2024-12-31,2024-12-31,2024-12-31T00:00:00,2024-12-31T00:30:00,3780,524,4304
2024-12-31,2024-12-31,2024-12-31T00:30:00,2024-12-31T01:00:00,3688,493,4181
2024-12-31,2024-12-31,2024-12-31T01:00:00,2024-12-31T01:30:00,3568,480,4048
2024-12-31,2024-12-31,2024-12-31T01:30:00,2024-12-31T02:00:00,3477,494,3971
2024-12-31,2024-12-31,2024-12-31T02:00:00,2024-12-31T02:30:00,3383,466,3849
2024-12-31,2024-12-31,2024-12-31T02:30:00,2024-12-31T03:00:00,3325,457,3782
2024-12-31,2024-12-31,2024-12-31T03:00:00,2024-12-31T03:30:00,3282,446,3728
2024-12-31,2024-12-31,2024-12-31T03:30:00,2024-12-31T04:00:00,3266,439,3705
2024-12-31,2024-12-31,2024-12-31T04:00:00,2024-12-31T04:30:00,3270,434,3704
2024-12-31,2024-12-31,2024-12-31T04:30:00,2024-12-31T05:00:00,3255,431,3686
2024-12-31,2024-12-31,2024-12-31T05:00:00,2024-12-31T05:30:00,3250,429,3679
2024-12-31,2024-12-31,2024-12-31T05:30:00,2024-12-31T06:00:00,3298,443,3741
2024-12-31,2024-12-31,2024-12-31T06:00:00,2024-12-31T06:30:00,3365,467,3832
2024-12-31,2024-12-31,2024-12-31T06:30:00,2024-12-31T07:00:00,3472,502,3974
2024-12-31,2024-12-31,2024-12-31T07:00:00,2024-12-31T07:30:00,3569,541,4110
2024-12-31,2024-12-31,2024-12-31T07:30:00,2024-12-31T08:00:00,3663,584,4247
2024-12-31,2024-12-31,2024-12-31T08:00:00,2024-12-31T08:30:00,3730,602,4332
2024-12-31,2024-12-31,2024-12-31T08:30:00,2024-12-31T09:00:00,3804,639,4443
2024-12-31,2024-12-31,2024-12-31T09:00:00,2024-12-31T09:30:00,3911,680,4591
2024-12-31,2024-12-31,2024-12-31T09:30:00,2024-12-31T10:00:00,4037,732,4769
2024-12-31,2024-12-31,2024-12-31T10:00:00,2024-12-31T10:30:00,4142,764,4906
2024-12-31,2024-12-31,2024-12-31T10:30:00,2024-12-31T11:00:00,4239,796,5035
2024-12-31,2024-12-31,2024-12-31T11:00:00,2024-12-31T11:30:00,4326,838,5164
2024-12-31,2024-12-31,2024-12-31T11:30:00,2024-12-31T12:00:00,4369,862,5231
2024-12-31,2024-12-31,2024-12-31T12:00:00,2024-12-31T12:30:00,4415,894,5309
2024-12-31,2024-12-31,2024-12-31T12:30:00,2024-12-31T13:00:00,4458,924,5382
2024-12-31,2024-12-31,2024-12-31T13:00:00,2024-12-31T13:30:00,4478,941,5419
2024-12-31,2024-12-31,2024-12-31T13:30:00,2024-12-31T14:00:00,4474,939,5413
2024-12-31,2024-12-31,2024-12-31T14:00:00,2024-12-31T14:30:00,4436,908,5344
2024-12-31,2024-12-31,2024-12-31T14:30:00,2024-12-31T15:00:00,4430,893,5323
2024-12-31,2024-12-31,2024-12-31T15:00:00,2024-12-31T15:30:00,4406,897,5303
2024-12-31,2024-12-31,2024-12-31T15:30:00,2024-12-31T16:00:00,4447,884,5331
2024-12-31,2024-12-31,2024-12-31T16:00:00,2024-12-31T16:30:00,4512,900,5412
2024-12-31,2024-12-31,2024-12-31T16:30:00,2024-12-31T17:00:00,4670,923,5593
2024-12-31,2024-12-31,2024-12-31T17:00:00,2024-12-31T17:30:00,4830,917,5747
2024-12-31,2024-12-31,2024-12-31T17:30:00,2024-12-31T18:00:00,4900,912,5812
2024-12-31,2024-12-31,2024-12-31T18:00:00,2024-12-31T18:30:00,4849,884,5733
2024-12-31,2024-12-31,2024-12-31T18:30:00,2024-12-31T19:00:00,4766,855,5621
2024-12-31,2024-12-31,2024-12-31T19:00:00,2024-12-31T19:30:00,4646,820,5466
2024-12-31,2024-12-31,2024-12-31T19:30:00,2024-12-31T20:00:00,4506,801,5307
2024-12-31,2024-12-31,2024-12-31T20:00:00,2024-12-31T20:30:00,4382,775,5157
2024-12-31,2024-12-31,2024-12-31T20:30:00,2024-12-31T21:00:00,4278,757,5035
2024-12-31,2024-12-31,2024-12-31T21:00:00,2024-12-31T21:30:00,4178,757,4935
2024-12-31,2024-12-31,2024-12-31T21:30:00,2024-12-31T22:00:00,4062,725,4787
2024-12-31,2024-12-31,2024-12-31T22:00:00,2024-12-31T22:30:00,3953,708,4661
2024-12-31,2024-12-31,2024-12-31T22:30:00,2024-12-31T23:00:00,3895,679,4574
2024-12-31,2025-01-01,2024-12-31T23:00:00,2024-12-31T23:30:00,3860,644,4504
2024-12-31,2025-01-01,2024-12-31T23:30:00,2025-01-01T00:00:00,3918,605,4523
2025-01-01,2025-01-01,2025-01-01T00:00:00,2025-01-01T00:30:00,3562,558,4120
2025-01-01,2025-01-01,2025-01-01T00:30:00,2025-01-01T01:00:00,3489,526,4015
2025-01-01,2025-01-01,2025-01-01T01:00:00,2025-01-01T01:30:00,3421,525,3946
2025-01-01,2025-01-01,2025-01-01T01:30:00,2025-01-01T02:00:00,3344,540,3884
2025-01-01,2025-01-01,2025-01-01T02:00:00,2025-01-01T02:30:00,3265,531,3796
2025-01-01,2025-01-01,2025-01-01T02:30:00,2025-01-01T03:00:00,3246,521,3767
2025-01-01,2025-01-01,2025-01-01T03:00:00,2025-01-01T03:30:00,3162,524,3686
2025-01-01,2025-01-01,2025-01-01T03:30:00,2025-01-01T04:00:00,3107,516,3623
2025-01-01,2025-01-01,2025-01-01T04:00:00,2025-01-01T04:30:00,3044,513,3557
2025-01-01,2025-01-01,2025-01-01T04:30:00,2025-01-01T05:00:00,3000,510,3510
2025-01-01,2025-01-01,2025-01-01T05:00:00,2025-01-01T05:30:00,3014,514,3528
2025-01-01,2025-01-01,2025-01-01T05:30:00,2025-01-01T06:00:00,3001,531,3532
2025-01-01,2025-01-01,2025-01-01T06:00:00,2025-01-01T06:30:00,3042,579,3621
2025-01-01,2025-01-01,2025-01-01T06:30:00,2025-01-01T07:00:00,3088,627,3715
2025-01-01,2025-01-01,2025-01-01T07:00:00,2025-01-01T07:30:00,3112,662,3774
2025-01-01,2025-01-01,2025-01-01T07:30:00,2025-01-01T08:00:00,3187,720,3907
2025-01-01,2025-01-01,2025-01-01T08:00:00,2025-01-01T08:30:00,3201,771,3972
2025-01-01,2025-01-01,2025-01-01T08:30:00,2025-01-01T09:00:00,3209,814,4023
2025-01-01,2025-01-01,2025-01-01T09:00:00,2025-01-01T09:30:00,3278,847,4125
2025-01-01,2025-01-01,2025-01-01T09:30:00,2025-01-01T10:00:00,3400,904,4304
2025-01-01,2025-01-01,2025-01-01T10:00:00,2025-01-01T10:30:00,3532,933,4465
2025-01-01,2025-01-01,2025-01-01T10:30:00,2025-01-01T11:00:00,3653,965,4618
2025-01-01,2025-01-01,2025-01-01T11:00:00,2025-01-01T11:30:00,3763,981,4744
2025-01-01,2025-01-01,2025-01-01T11:30:00,2025-01-01T12:00:00,3867,1005,4872
2025-01-01,2025-01-01,2025-01-01T12:00:00,2025-01-01T12:30:00,4000,1040,5040
2025-01-01,2025-01-01,2025-01-01T12:30:00,2025-01-01T13:00:00,4102,1071,5173
2025-01-01,2025-01-01,2025-01-01T13:00:00,2025-01-01T13:30:00,4192,1085,5277
2025-01-01,2025-01-01,2025-01-01T13:30:00,2025-01-01T14:00:00,4219,1080,5299
2025-01-01,2025-01-01,2025-01-01T14:00:00,2025-01-01T14:30:00,4263,1036,5299
2025-01-01,2025-01-01,2025-01-01T14:30:00,2025-01-01T15:00:00,4264,1021,5285
2025-01-01,2025-01-01,2025-01-01T15:00:00,2025-01-01T15:30:00,4253,1000,5253
2025-01-01,2025-01-01,2025-01-01T15:30:00,2025-01-01T16:00:00,4286,988,5274
2025-01-01,2025-01-01,2025-01-01T16:00:00,2025-01-01T16:30:00,4316,1004,5320
2025-01-01,2025-01-01,2025-01-01T16:30:00,2025-01-01T17:00:00,4434,1033,5467
2025-01-01,2025-01-01,2025-01-01T17:00:00,2025-01-01T17:30:00,4529,1078,5607
2025-01-01,2025-01-01,2025-01-01T17:30:00,2025-01-01T18:00:00,4550,1073,5623
2025-01-01,2025-01-01,2025-01-01T18:00:00,2025-01-01T18:30:00,4500,1051,5551
2025-01-01,2025-01-01,2025-01-01T18:30:00,2025-01-01T19:00:00,4414,1016,5430
2025-01-01,2025-01-01,2025-01-01T19:00:00,2025-01-01T19:30:00,4334,986,5320
2025-01-01,2025-01-01,2025-01-01T19:30:00,2025-01-01T20:00:00,4207,963,5170
2025-01-01,2025-01-01,2025-01-01T20:00:00,2025-01-01T20:30:00,4122,966,5088
2025-01-01,2025-01-01,2025-01-01T20:30:00,2025-01-01T21:00:00,4026,941,4967
2025-01-01,2025-01-01,2025-01-01T21:00:00,2025-01-01T21:30:00,3908,940,4848
2025-01-01,2025-01-01,2025-01-01T21:30:00,2025-01-01T22:00:00,3764,898,4662
2025-01-01,2025-01-01,2025-01-01T22:00:00,2025-01-01T22:30:00,3636,879,4515
2025-01-01,2025-01-01,2025-01-01T22:30:00,2025-01-01T23:00:00,3548,840,4388
2025-01-01,2025-01-02,2025-01-01T23:00:00,2025-01-01T23:30:00,3459,812,4271
2025-01-01,2025-01-02,2025-01-01T23:30:00,2025-01-02T00:00:00,3417,761,4178
2025-01-02,2025-01-02,2025-01-02T00:00:00,2025-01-02T00:30:00,3547,705,4252
2025-01-02,2025-01-02,2025-01-02T00:30:00,2025-01-02T01:00:00,3498,666,4164
2025-01-02,2025-01-02,2025-01-02T01:00:00,2025-01-02T01:30:00,3402,658,4060
2025-01-02,2025-01-02,2025-01-02T01:30:00,2025-01-02T02:00:00,3328,675,4003
2025-01-02,2025-01-02,2025-01-02T02:00:00,2025-01-02T02:30:00,3306,650,3956
2025-01-02,2025-01-02,2025-01-02T02:30:00,2025-01-02T03:00:00,3307,640,3947
2025-01-02,2025-01-02,2025-01-02T03:00:00,2025-01-02T03:30:00,3249,630,3879
2025-01-02,2025-01-02,2025-01-02T03:30:00,2025-01-02T04:00:00,3234,621,3855
2025-01-02,2025-01-02,2025-01-02T04:00:00,2025-01-02T04:30:00,3217,614,3831
2025-01-02,2025-01-02,2025-01-02T04:30:00,2025-01-02T05:00:00,3200,611,3811
2025-01-02,2025-01-02,2025-01-02T05:00:00,2025-01-02T05:30:00,3235,609,3844
2025-01-02,2025-01-02,2025-01-02T05:30:00,2025-01-02T06:00:00,3273,629,3902
2025-01-02,2025-01-02,2025-01-02T06:00:00,2025-01-02T06:30:00,3375,661,4036
2025-01-02,2025-01-02,2025-01-02T06:30:00,2025-01-02T07:00:00,3557,718,4275
2025-01-02,2025-01-02,2025-01-02T07:00:00,2025-01-02T07:30:00,3715,778,4493
2025-01-02,2025-01-02,2025-01-02T07:30:00,2025-01-02T08:00:00,3898,851,4749
2025-01-02,2025-01-02,2025-01-02T08:00:00,2025-01-02T08:30:00,4032,902,4934
2025-01-02,2025-01-02,2025-01-02T08:30:00,2025-01-02T09:00:00,4160,949,5109
2025-01-02,2025-01-02,2025-01-02T09:00:00,2025-01-02T09:30:00,4258,987,5245
2025-01-02,2025-01-02,2025-01-02T09:30:00,2025-01-02T10:00:00,4354,1047,5401
2025-01-02,2025-01-02,2025-01-02T10:00:00,2025-01-02T10:30:00,4428,1049,5477
2025-01-02,2025-01-02,2025-01-02T10:30:00,2025-01-02T11:00:00,4499,1081,5580
2025-01-02,2025-01-02,2025-01-02T11:00:00,2025-01-02T11:30:00,4561,1090,5651
2025-01-02,2025-01-02,2025-01-02T11:30:00,2025-01-02T12:00:00,4606,1114,5720
2025-01-02,2025-01-02,2025-01-02T12:00:00,2025-01-02T12:30:00,4658,1127,5785
2025-01-02,2025-01-02,2025-01-02T12:30:00,2025-01-02T13:00:00,4697,1159,5856
2025-01-02,2025-01-02,2025-01-02T13:00:00,2025-01-02T13:30:00,4716,1166,5882
2025-01-02,2025-01-02,2025-01-02T13:30:00,2025-01-02T14:00:00,4701,1160,5861
2025-01-02,2025-01-02,2025-01-02T14:00:00,2025-01-02T14:30:00,4690,1129,5819
2025-01-02,2025-01-02,2025-01-02T14:30:00,2025-01-02T15:00:00,4664,1114,5778
2025-01-02,2025-01-02,2025-01-02T15:00:00,2025-01-02T15:30:00,4671,1096,5767
2025-01-02,2025-01-02,2025-01-02T15:30:00,2025-01-02T16:00:00,4680,1086,5766
2025-01-02,2025-01-02,2025-01-02T16:00:00,2025-01-02T16:30:00,4755,1112,5867
2025-01-02,2025-01-02,2025-01-02T16:30:00,2025-01-02T17:00:00,4847,1148,5995
2025-01-02,2025-01-02,2025-01-02T17:00:00,2025-01-02T17:30:00,5016,1186,6202
2025-01-02,2025-01-02,2025-01-02T17:30:00,2025-01-02T18:00:00,5100,1182,6282
2025-01-02,2025-01-02,2025-01-02T18:00:00,2025-01-02T18:30:00,5074,1166,6240
2025-01-02,2025-01-02,2025-01-02T18:30:00,2025-01-02T19:00:00,4986,1127,6113
2025-01-02,2025-01-02,2025-01-02T19:00:00,2025-01-02T19:30:00,4860,1099,5959
2025-01-02,2025-01-02,2025-01-02T19:30:00,2025-01-02T20:00:00,4810,1073,5883
2025-01-02,2025-01-02,2025-01-02T20:00:00,2025-01-02T20:30:00,4708,1075,5783
2025-01-02,2025-01-02,2025-01-02T20:30:00,2025-01-02T21:00:00,4590,1048,5638
2025-01-02,2025-01-02,2025-01-02T21:00:00,2025-01-02T21:30:00,4500,1044,5544
2025-01-02,2025-01-02,2025-01-02T21:30:00,2025-01-02T22:00:00,4378,996,5374
2025-01-02,2025-01-02,2025-01-02T22:00:00,2025-01-02T22:30:00,4262,970,5232
2025-01-02,2025-01-02,2025-01-02T22:30:00,2025-01-02T23:00:00,4128,925,5053
2024-12-29,2024-12-30,2024-12-29T23:00:00,2024-12-29T23:30:00,3580,648,4228
2024-12-29,2024-12-30,2024-12-29T23:30:00,2024-12-30T00:00:00,3543,606,4149
2024-12-30,2024-12-30,2024-12-30T00:00:00,2024-12-30T00:30:00,3307,554,3861
2024-12-30,2024-12-30,2024-12-30T00:30:00,2024-12-30T01:00:00,3256,520,3776
2024-12-30,2024-12-30,2024-12-30T01:00:00,2024-12-30T01:30:00,3157,502,3659
2024-12-30,2024-12-30,2024-12-30T01:30:00,2024-12-30T02:00:00,3081,503,3584
2024-12-30,2024-12-30,2024-12-30T02:00:00,2024-12-30T02:30:00,3058,486,3544
2024-12-30,2024-12-30,2024-12-30T02:30:00,2024-12-30T03:00:00,3060,477,3537
2024-12-30,2024-12-30,2024-12-30T03:00:00,2024-12-30T03:30:00,3001,469,3470
2024-12-30,2024-12-30,2024-12-30T03:30:00,2024-12-30T04:00:00,2984,462,3446
2024-12-30,2024-12-30,2024-12-30T04:00:00,2024-12-30T04:30:00,2968,457,3425
2024-12-30,2024-12-30,2024-12-30T04:30:00,2024-12-30T05:00:00,2950,450,3400
2024-12-30,2024-12-30,2024-12-30T05:00:00,2024-12-30T05:30:00,2986,458,3444
2024-12-30,2024-12-30,2024-12-30T05:30:00,2024-12-30T06:00:00,3025,477,3502
2024-12-30,2024-12-30,2024-12-30T06:00:00,2024-12-30T06:30:00,3130,507,3637
2024-12-30,2024-12-30,2024-12-30T06:30:00,2024-12-30T07:00:00,3317,563,3880
2024-12-30,2024-12-30,2024-12-30T07:00:00,2024-12-30T07:30:00,3479,628,4107
2024-12-30,2024-12-30,2024-12-30T07:30:00,2024-12-30T08:00:00,3666,674,4340
2024-12-30,2024-12-30,2024-12-30T08:00:00,2024-12-30T08:30:00,3804,719,4523
2024-12-30,2024-12-30,2024-12-30T08:30:00,2024-12-30T09:00:00,3935,775,4710
2024-12-30,2024-12-30,2024-12-30T09:00:00,2024-12-30T09:30:00,4035,820,4855
2024-12-30,2024-12-30,2024-12-30T09:30:00,2024-12-30T10:00:00,4135,871,5006
2024-12-30,2024-12-30,2024-12-30T10:00:00,2024-12-30T10:30:00,4210,900,5110
2024-12-30,2024-12-30,2024-12-30T10:30:00,2024-12-30T11:00:00,4283,924,5207
2024-12-30,2024-12-30,2024-12-30T11:00:00,2024-12-30T11:30:00,4347,937,5284
2024-12-30,2024-12-30,2024-12-30T11:30:00,2024-12-30T12:00:00,4393,962,5355
2024-12-30,2024-12-30,2024-12-30T12:00:00,2024-12-30T12:30:00,4447,980,5427
2024-12-30,2024-12-30,2024-12-30T12:30:00,2024-12-30T13:00:00,4486,968,5454
2024-12-30,2024-12-30,2024-12-30T13:00:00,2024-12-30T13:30:00,4506,986,5492
2024-12-30,2024-12-30,2024-12-30T13:30:00,2024-12-30T14:00:00,4491,980,5471
2024-12-30,2024-12-30,2024-12-30T14:00:00,2024-12-30T14:30:00,4479,976,5455
2024-12-30,2024-12-30,2024-12-30T14:30:00,2024-12-30T15:00:00,4452,972,5424
2024-12-30,2024-12-30,2024-12-30T15:00:00,2024-12-30T15:30:00,4460,986,5446
2024-12-30,2024-12-30,2024-12-30T15:30:00,2024-12-30T16:00:00,4469,993,5462
2024-12-30,2024-12-30,2024-12-30T16:00:00,2024-12-30T16:30:00,4546,1027,5573
2024-12-30,2024-12-30,2024-12-30T16:30:00,2024-12-30T17:00:00,4640,1099,5739
2024-12-30,2024-12-30,2024-12-30T17:00:00,2024-12-30T17:30:00,4814,1171,5985
2024-12-30,2024-12-30,2024-12-30T17:30:00,2024-12-30T18:00:00,4900,1200,6100
2024-12-30,2024-12-30,2024-12-30T18:00:00,2024-12-30T18:30:00,4873,1174,6047
2024-12-30,2024-12-30,2024-12-30T18:30:00,2024-12-30T19:00:00,4783,1136,5919
2024-12-30,2024-12-30,2024-12-30T19:00:00,2024-12-30T19:30:00,4654,1086,5740
2024-12-30,2024-12-30,2024-12-30T19:30:00,2024-12-30T20:00:00,4603,1046,5649
2024-12-30,2024-12-30,2024-12-30T20:00:00,2024-12-30T20:30:00,4498,1014,5512
2024-12-30,2024-12-30,2024-12-30T20:30:00,2024-12-30T21:00:00,4377,977,5354
2024-12-30,2024-12-30,2024-12-30T21:00:00,2024-12-30T21:30:00,4284,944,5228
2024-12-30,2024-12-30,2024-12-30T21:30:00,2024-12-30T22:00:00,4159,904,5063
2024-12-30,2024-12-30,2024-12-30T22:00:00,2024-12-30T22:30:00,4039,868,4907
2024-12-30,2024-12-30,2024-12-30T22:30:00,2024-12-30T23:00:00,3903,824,4727
2024-12-30,2024-12-31,2024-12-30T23:00:00,2024-12-30T23:30:00,3799,782,4581
2024-12-30,2024-12-31,2024-12-30T23:30:00,2024-12-31T00:00:00,3764,730,4494
2024-12-31,2024-12-31,2024-12-31T00:00:00,2024-12-31T00:30:00,3780,524,4304
2024-12-31,2024-12-31,2024-12-31T00:30:00,2024-12-31T01:00:00,3688,493,4181
2024-12-31,2024-12-31,2024-12-31T01:00:00,2024-12-31T01:30:00,3568,480,4048
2024-12-31,2024-12-31,2024-12-31T01:30:00,2024-12-31T02:00:00,3477,494,3971
2024-12-31,2024-12-31,2024-12-31T02:00:00,2024-12-31T02:30:00,3383,466,3849
2024-12-31,2024-12-31,2024-12-31T02:30:00,2024-12-31T03:00:00,3325,457,3782
2024-12-31,2024-12-31,2024-12-31T03:00:00,2024-12-31T03:30:00,3282,446,3728
2024-12-31,2024-12-31,2024-12-31T03:30:00,2024-12-31T04:00:00,3266,439,3705
2024-12-31,2024-12-31,2024-12-31T04:00:00,2024-12-31T04:30:00,3270,434,3704
2024-12-31,2024-12-31,2024-12-31T04:30:00,2024-12-31T05:00:00,3255,431,3686
2024-12-31,2024-12-31,2024-12-31T05:00:00,2024-12-31T05:30:00,3250,429,3679
2024-12-31,2024-12-31,2024-12-31T05:30:00,2024-12-31T06:00:00,3298,443,3741
2024-12-31,2024-12-31,2024-12-31T06:00:00,2024-12-31T06:30:00,3365,467,3832
2024-12-31,2024-12-31,2024-12-31T06:30:00,2024-12-31T07:00:00,3472,502,3974
2024-12-31,2024-12-31,2024-12-31T07:00:00,2024-12-31T07:30:00,3569,541,4110
2024-12-31,2024-12-31,2024-12-31T07:30:00,2024-12-31T08:00:00,3663,584,4247
2024-12-31,2024-12-31,2024-12-31T08:00:00,2024-12-31T08:30:00,3730,602,4332
2024-12-31,2024-12-31,2024-12-31T08:30:00,2024-12-31T09:00:00,3804,639,4443
2024-12-31,2024-12-31,2024-12-31T09:00:00,2024-12-31T09:30:00,3911,680,4591
2024-12-31,2024-12-31,2024-12-31T09:30:00,2024-12-31T10:00:00,4037,732,4769
2024-12-31,2024-12-31,2024-12-31T10:00:00,2024-12-31T10:30:00,4142,764,4906
2024-12-31,2024-12-31,2024-12-31T10:30:00,2024-12-31T11:00:00,4239,796,5035
2024-12-31,2024-12-31,2024-12-31T11:00:00,2024-12-31T11:30:00,4326,838,5164
2024-12-31,2024-12-31,2024-12-31T11:30:00,2024-12-31T12:00:00,4369,862,5231
2024-12-31,2024-12-31,2024-12-31T12:00:00,2024-12-31T12:30:00,4415,894,5309
2024-12-31,2024-12-31,2024-12-31T12:30:00,2024-12-31T13:00:00,4458,924,5382
2024-12-31,2024-12-31,2024-12-31T13:00:00,2024-12-31T13:30:00,4478,941,5419
2024-12-31,2024-12-31,2024-12-31T13:30:00,2024-12-31T14:00:00,4474,939,5413
2024-12-31,2024-12-31,2024-12-31T14:00:00,2024-12-31T14:30:00,4436,908,5344
2024-12-31,2024-12-31,2024-12-31T14:30:00,2024-12-31T15:00:00,4430,893,5323
2024-12-31,2024-12-31,2024-12-31T15:00:00,2024-12-31T15:30:00,4406,897,5303
2024-12-31,2024-12-31,2024-12-31T15:30:00,2024-12-31T16:00:00,4447,884,5331
2024-12-31,2024-12-31,2024-12-31T16:00:00,2024-12-31T16:30:00,4512,900,5412
2024-12-31,2024-12-31,2024-12-31T16:30:00,2024-12-31T17:00:00,4670,923,5593
2024-12-31,2024-12-31,2024-12-31T17:00:00,2024-12-31T17:30:00,4830,917,5747
2024-12-31,2024-12-31,2024-12-31T17:30:00,2024-12-31T18:00:00,4900,912,5812
2024-12-31,2024-12-31,2024-12-31T18:00:00,2024-12-31T18:30:00,4849,884,5733
2024-12-31,2024-12-31,2024-12-31T18:30:00,2024-12-31T19:00:00,4766,855,5621
2024-12-31,2024-12-31,2024-12-31T19:00:00,2024-12-31T19:30:00,4646,820,5466
2024-12-31,2024-12-31,2024-12-31T19:30:00,2024-12-31T20:00:00,4506,801,5307
2024-12-31,2024-12-31,2024-12-31T20:00:00,2024-12-31T20:30:00,4382,775,5157
2024-12-31,2024-12-31,2024-12-31T20:30:00,2024-12-31T21:00:00,4278,757,5035
2024-12-31,2024-12-31,2024-12-31T21:00:00,2024-12-31T21:30:00,4178,757,4935
2024-12-31,2024-12-31,2024-12-31T21:30:00,2024-12-31T22:00:00,4062,725,4787
2024-12-31,2024-12-31,2024-12-31T22:00:00,2024-12-31T22:30:00,3953,708,4661
2024-12-31,2024-12-31,2024-12-31T22:30:00,2024-12-31T23:00:00,3895,679,4574
2024-12-31,2025-01-01,2024-12-31T23:00:00,2024-12-31T23:30:00,3860,644,4504
2024-12-31,2025-01-01,2024-12-31T23:30:00,2025-01-01T00:00:00,3918,605,4523
2025-01-01,2025-01-01,2025-01-01T00:00:00,2025-01-01T00:30:00,3562,558,4120
2025-01-01,2025-01-01,2025-01-01T00:30:00,2025-01-01T01:00:00,3489,526,4015
2025-01-01,2025-01-01,2025-01-01T01:00:00,2025-01-01T01:30:00,3421,525,3946
2025-01-01,2025-01-01,2025-01-01T01:30:00,2025-01-01T02:00:00,3344,540,3884
2025-01-01,2025-01-01,2025-01-01T02:00:00,2025-01-01T02:30:00,3265,531,3796
2025-01-01,2025-01-01,2025-01-01T02:30:00,2025-01-01T03:00:00,3246,521,3767
2025-01-01,2025-01-01,2025-01-01T03:00:00,2025-01-01T03:30:00,3162,524,3686
2025-01-01,2025-01-01,2025-01-01T03:30:00,2025-01-01T04:00:00,3107,516,3623
2025-01-01,2025-01-01,2025-01-01T04:00:00,2025-01-01T04:30:00,3044,513,3557
2025-01-01,2025-01-01,2025-01-01T04:30:00,2025-01-01T05:00:00,3000,510,3510
2025-01-01,2025-01-01,2025-01-01T05:00:00,2025-01-01T05:30:00,3014,514,3528
2025-01-01,2025-01-01,2025-01-01T05:30:00,2025-01-01T06:00:00,3001,531,3532
2025-01-01,2025-01-01,2025-01-01T06:00:00,2025-01-01T06:30:00,3042,579,3621
2025-01-01,2025-01-01,2025-01-01T06:30:00,2025-01-01T07:00:00,3088,627,3715
2025-01-01,2025-01-01,2025-01-01T07:00:00,2025-01-01T07:30:00,3112,662,3774
2025-01-01,2025-01-01,2025-01-01T07:30:00,2025-01-01T08:00:00,3187,720,3907
2025-01-01,2025-01-01,2025-01-01T08:00:00,2025-01-01T08:30:00,3201,771,3972
2025-01-01,2025-01-01,2025-01-01T08:30:00,2025-01-01T09:00:00,3209,814,4023
2025-01-01,2025-01-01,2025-01-01T09:00:00,2025-01-01T09:30:00,3278,847,4125
2025-01-01,2025-01-01,2025-01-01T09:30:00,2025-01-01T10:00:00,3400,904,4304
2025-01-01,2025-01-01,2025-01-01T10:00:00,2025-01-01T10:30:00,3532,933,4465
2025-01-01,2025-01-01,2025-01-01T10:30:00,2025-01-01T11:00:00,3653,965,4618
2025-01-01,2025-01-01,2025-01-01T11:00:00,2025-01-01T11:30:00,3763,981,4744
2025-01-01,2025-01-01,2025-01-01T11:30:00,2025-01-01T12:00:00,3867,1005,4872
2025-01-01,2025-01-01,2025-01-01T12:00:00,2025-01-01T12:30:00,4000,1040,5040
2025-01-01,2025-01-01,2025-01-01T12:30:00,2025-01-01T13:00:00,4102,1071,5173
2025-01-01,2025-01-01,2025-01-01T13:00:00,2025-01-01T13:30:00,4192,1085,5277
2025-01-01,2025-01-01,2025-01-01T13:30:00,2025-01-01T14:00:00,4219,1080,5299
2025-01-01,2025-01-01,2025-01-01T14:00:00,2025-01-01T14:30:00,4263,1036,5299
2025-01-01,2025-01-01,2025-01-01T14:30:00,2025-01-01T15:00:00,4264,1021,5285
2025-01-01,2025-01-01,2025-01-01T15:00:00,2025-01-01T15:30:00,4253,1000,5253
2025-01-01,2025-01-01,2025-01-01T15:30:00,2025-01-01T16:00:00,4286,988,5274
2025-01-01,2025-01-01,2025-01-01T16:00:00,2025-01-01T16:30:00,4316,1004,5320
2025-01-01,2025-01-01,2025-01-01T16:30:00,2025-01-01T17:00:00,4434,1033,5467
2025-01-01,2025-01-01,2025-01-01T17:00:00,2025-01-01T17:30:00,4529,1078,5607
2025-01-01,2025-01-01,2025-01-01T17:30:00,2025-01-01T18:00:00,4550,1073,5623
2025-01-01,2025-01-01,2025-01-01T18:00:00,2025-01-01T18:30:00,4500,1051,5551
2025-01-01,2025-01-01,2025-01-01T18:30:00,2025-01-01T19:00:00,4414,1016,5430
2025-01-01,2025-01-01,2025-01-01T19:00:00,2025-01-01T19:30:00,4334,986,5320
2025-01-01,2025-01-01,2025-01-01T19:30:00,2025-01-01T20:00:00,4207,963,5170
2025-01-01,2025-01-01,2025-01-01T20:00:00,2025-01-01T20:30:00,4122,966,5088
2025-01-01,2025-01-01,2025-01-01T20:30:00,2025-01-01T21:00:00,4026,941,4967
2025-01-01,2025-01-01,2025-01-01T21:00:00,2025-01-01T21:30:00,3908,940,4848
2025-01-01,2025-01-01,2025-01-01T21:30:00,2025-01-01T22:00:00,3764,898,4662
2025-01-01,2025-01-01,2025-01-01T22:00:00,2025-01-01T22:30:00,3636,879,4515
2025-01-01,2025-01-01,2025-01-01T22:30:00,2025-01-01T23:00:00,3548,840,4388
2025-01-01,2025-01-02,2025-01-01T23:00:00,2025-01-01T23:30:00,3459,812,4271
2025-01-01,2025-01-02,2025-01-01T23:30:00,2025-01-02T00:00:00,3417,761,4178
2025-01-02,2025-01-02,2025-01-02T00:00:00,2025-01-02T00:30:00,3547,705,4252
2025-01-02,2025-01-02,2025-01-02T00:30:00,2025-01-02T01:00:00,3498,666,4164
2025-01-02,2025-01-02,2025-01-02T01:00:00,2025-01-02T01:30:00,3402,658,4060
2025-01-02,2025-01-02,2025-01-02T01:30:00,2025-01-02T02:00:00,3328,675,4003
2025-01-02,2025-01-02,2025-01-02T02:00:00,2025-01-02T02:30:00,3306,650,3956
2025-01-02,2025-01-02,2025-01-02T02:30:00,2025-01-02T03:00:00,3307,640,3947
2025-01-02,2025-01-02,2025-01-02T03:00:00,2025-01-02T03:30:00,3249,630,3879
2025-01-02,2025-01-02,2025-01-02T03:30:00,2025-01-02T04:00:00,3234,621,3855
2025-01-02,2025-01-02,2025-01-02T04:00:00,2025-01-02T04:30:00,3217,614,3831
2025-01-02,2025-01-02,2025-01-02T04:30:00,2025-01-02T05:00:00,3200,611,3811
2025-01-02,2025-01-02,2025-01-02T05:00:00,2025-01-02T05:30:00,3235,609,3844
2025-01-02,2025-01-02,2025-01-02T05:30:00,2025-01-02T06:00:00,3273,629,3902
2025-01-02,2025-01-02,2025-01-02T06:00:00,2025-01-02T06:30:00,3375,661,4036
2025-01-02,2025-01-02,2025-01-02T06:30:00,2025-01-02T07:00:00,3557,718,4275
2025-01-02,2025-01-02,2025-01-02T07:00:00,2025-01-02T07:30:00,3715,778,4493
2025-01-02,2025-01-02,2025-01-02T07:30:00,2025-01-02T08:00:00,3898,851,4749
2025-01-02,2025-01-02,2025-01-02T08:00:00,2025-01-02T08:30:00,4032,902,4934
2025-01-02,2025-01-02,2025-01-02T08:30:00,2025-01-02T09:00:00,4160,949,5109
2025-01-02,2025-01-02,2025-01-02T09:00:00,2025-01-02T09:30:00,4258,987,5245
2025-01-02,2025-01-02,2025-01-02T09:30:00,2025-01-02T10:00:00,4354,1047,5401
2025-01-02,2025-01-02,2025-01-02T10:00:00,2025-01-02T10:30:00,4428,1049,5477
2025-01-02,2025-01-02,2025-01-02T10:30:00,2025-01-02T11:00:00,4499,1081,5580
2025-01-02,2025-01-02,2025-01-02T11:00:00,2025-01-02T11:30:00,4561,1090,5651
2025-01-02,2025-01-02,2025-01-02T11:30:00,2025-01-02T12:00:00,4606,1114,5720
2025-01-02,2025-01-02,2025-01-02T12:00:00,2025-01-02T12:30:00,4658,1127,5785
2025-01-02,2025-01-02,2025-01-02T12:30:00,2025-01-02T13:00:00,4697,1159,5856
2025-01-02,2025-01-02,2025-01-02T13:00:00,2025-01-02T13:30:00,4716,1166,5882
2025-01-02,2025-01-02,2025-01-02T13:30:00,2025-01-02T14:00:00,4701,1160,5861
2025-01-02,2025-01-02,2025-01-02T14:00:00,2025-01-02T14:30:00,4690,1129,5819
2025-01-02,2025-01-02,2025-01-02T14:30:00,2025-01-02T15:00:00,4664,1114,5778
2025-01-02,2025-01-02,2025-01-02T15:00:00,2025-01-02T15:30:00,4671,1096,5767
2025-01-02,2025-01-02,2025-01-02T15:30:00,2025-01-02T16:00:00,4680,1086,5766
2025-01-02,2025-01-02,2025-01-02T16:00:00,2025-01-02T16:30:00,4755,1112,5867
2025-01-02,2025-01-02,2025-01-02T16:30:00,2025-01-02T17:00:00,4847,1148,5995
2025-01-02,2025-01-02,2025-01-02T17:00:00,2025-01-02T17:30:00,5016,1186,6202
2025-01-02,2025-01-02,2025-01-02T17:30:00,2025-01-02T18:00:00,5100,1182,6282
2025-01-02,2025-01-02,2025-01-02T18:00:00,2025-01-02T18:30:00,5074,1166,6240
2025-01-02,2025-01-02,2025-01-02T18:30:00,2025-01-02T19:00:00,4986,1127,6113
2025-01-02,2025-01-02,2025-01-02T19:00:00,2025-01-02T19:30:00,4860,1099,5959
2025-01-02,2025-01-02,2025-01-02T19:30:00,2025-01-02T20:00:00,4810,1073,5883
2025-01-02,2025-01-02,2025-01-02T20:00:00,2025-01-02T20:30:00,4708,1075,5783
2025-01-02,2025-01-02,2025-01-02T20:30:00,2025-01-02T21:00:00,4590,1048,5638
2025-01-02,2025-01-02,2025-01-02T21:00:00,2025-01-02T21:30:00,4500,1044,5544
2025-01-02,2025-01-02,2025-01-02T21:30:00,2025-01-02T22:00:00,4378,996,5374
2025-01-02,2025-01-02,2025-01-02T22:00:00,2025-01-02T22:30:00,4262,970,5232
2025-01-02,2025-01-02,2025-01-02T22:30:00,2025-01-02T23:00:00,4128,925,5053
2024-12-29,2024-12-30,2024-12-29T23:00:00,2024-12-29T23:30:00,3580,648,4228
2024-12-29,2024-12-30,2024-12-29T23:30:00,2024-12-30T00:00:00,3543,606,4149
2024-12-30,2024-12-30,2024-12-30T00:00:00,2024-12-30T00:30:00,3307,554,3861
2024-12-30,2024-12-30,2024-12-30T00:30:00,2024-12-30T01:00:00,3256,520,3776
2024-12-30,2024-12-30,2024-12-30T01:00:00,2024-12-30T01:30:00,3157,502,3659
2024-12-30,2024-12-30,2024-12-30T01:30:00,2024-12-30T02:00:00,3081,503,3584
2024-12-30,2024-12-30,2024-12-30T02:00:00,2024-12-30T02:30:00,3058,486,3544
2024-12-30,2024-12-30,2024-12-30T02:30:00,2024-12-30T03:00:00,3060,477,3537
2024-12-30,2024-12-30,2024-12-30T03:00:00,2024-12-30T03:30:00,3001,469,3470
2024-12-30,2024-12-30,2024-12-30T03:30:00,2024-12-30T04:00:00,2984,462,3446
2024-12-30,2024-12-30,2024-12-30T04:00:00,2024-12-30T04:30:00,2968,457,3425
2024-12-30,2024-12-30,2024-12-30T04:30:00,2024-12-30T05:00:00,2950,450,3400
2024-12-30,2024-12-30,2024-12-30T05:00:00,2024-12-30T05:30:00,2980,458,3438
2024-12-30,2024-12-30,2024-12-30T05:30:00,2024-12-30T06:00:00,3025,477,3502
2024-12-30,2024-12-30,2024-12-30T06:00:00,2024-12-30T06:30:00,3130,507,3637
2024-12-30,2024-12-30,2024-12-30T06:30:00,2024-12-30T07:00:00,3317,563,3880
2024-12-30,2024-12-30,2024-12-30T07:00:00,2024-12-30T07:30:00,3479,628,4107
2024-12-30,2024-12-30,2024-12-30T07:30:00,2024-12-30T08:00:00,3666,674,4340
2024-12-30,2024-12-30,2024-12-30T08:00:00,2024-12-30T08:30:00,3804,719,4523
2024-12-30,2024-12-30,2024-12-30T08:30:00,2024-12-30T09:00:00,3935,775,4710
2024-12-30,2024-12-30,2024-12-30T09:00:00,2024-12-30T09:30:00,4035,820,4855
2024-12-30,2024-12-30,2024-12-30T09:30:00,2024-12-30T10:00:00,4135,871,5006
2024-12-30,2024-12-30,2024-12-30T10:00:00,2024-12-30T10:30:00,4210,900,5110
2024-12-30,2024-12-30,2024-12-30T10:30:00,2024-12-30T11:00:00,4283,924,5207
2024-12-30,2024-12-30,2024-12-30T11:00:00,2024-12-30T11:30:00,4347,937,5284
2024-12-30,2024-12-30,2024-12-30T11:30:00,2024-12-30T12:00:00,4393,962,5355
2024-12-30,2024-12-30,2024-12-30T12:00:00,2024-12-30T12:30:00,4447,980,5427
2024-12-30,2024-12-30,2024-12-30T12:30:00,2024-12-30T13:00:00,4486,968,5454
2024-12-30,2024-12-30,2024-12-30T13:00:00,2024-12-30T13:30:00,4506,986,5492
2024-12-30,2024-12-30,2024-12-30T13:30:00,2024-12-30T14:00:00,4491,980,5471
2024-12-30,2024-12-30,2024-12-30T14:00:00,2024-12-30T14:30:00,4479,976,5455
2024-12-30,2024-12-30,2024-12-30T14:30:00,2024-12-30T15:00:00,4452,972,5424
2024-12-30,2024-12-30,2024-12-30T15:00:00,2024-12-30T15:30:00,4460,986,5446
2024-12-30,2024-12-30,2024-12-30T15:30:00,2024-12-30T16:00:00,4469,993,5462
2024-12-30,2024-12-30,2024-12-30T16:00:00,2024-12-30T16:30:00,4546,1027,5573
2024-12-30,2024-12-30,2024-12-30T16:30:00,2024-12-30T17:00:00,4640,1099,5739
2024-12-30,2024-12-30,2024-12-30T17:00:00,2024-12-30T17:30:00,4814,1171,5985
2024-12-30,2024-12-30,2024-12-30T17:30:00,2024-12-30T18:00:00,4900,1200,6100
2024-12-30,2024-12-30,2024-12-30T18:00:00,2024-12-30T18:30:00,4873,1174,6047
2024-12-30,2024-12-30,2024-12-30T18:30:00,2024-12-30T19:00:00,4783,1136,5919
2024-12-30,2024-12-30,2024-12-30T19:00:00,2024-12-30T19:30:00,4654,1086,5740
2024-12-30,2024-12-30,2024-12-30T19:30:00,2024-12-30T20:00:00,4603,1046,5649
2024-12-30,2024-12-30,2024-12-30T20:00:00,2024-12-30T20:30:00,4498,1014,5512
2024-12-30,2024-12-30,2024-12-30T20:30:00,2024-12-30T21:00:00,4377,977,5354
2024-12-30,2024-12-30,2024-12-30T21:00:00,2024-12-30T21:30:00,4284,944,5228
2024-12-30,2024-12-30,2024-12-30T21:30:00,2024-12-30T22:00:00,4159,904,5063
2024-12-30,2024-12-30,2024-12-30T22:00:00,2024-12-30T22:30:00,4039,868,4907
2024-12-30,2024-12-30,2024-12-30T22:30:00,2024-12-30T23:00:00,3903,824,4727
2024-12-30,2024-12-31,2024-12-30T23:00:00,2024-12-30T23:30:00,3799,782,4581
2024-12-30,2024-12-31,2024-12-30T23:30:00,2024-12-31T00:00:00,3764,730,4494
2024-12-31,2024-12-31,2024-12-31T00:00:00,2024-12-31T00:30:00,3780,524,4304
2024-12-31,2024-12-31,2024-12-31T00:30:00,2024-12-31T01:00:00,3688,493,4181
2024-12-31,2024-12-31,2024-12-31T01:00:00,2024-12-31T01:30:00,3568,480,4048
2024-12-31,2024-12-31,2024-12-31T01:30:00,2024-12-31T02:00:00,3477,494,3971
2024-12-31,2024-12-31,2024-12-31T02:00:00,2024-12-31T02:30:00,3383,466,3849
2024-12-31,2024-12-31,2024-12-31T02:30:00,2024-12-31T03:00:00,3325,457,3782
2024-12-31,2024-12-31,2024-12-31T03:00:00,2024-12-31T03:30:00,3282,446,3728
2024-12-31,2024-12-31,2024-12-31T03:30:00,2024-12-31T04:00:00,3266,439,3705
2024-12-31,2024-12-31,2024-12-31T04:00:00,2024-12-31T04:30:00,3270,434,3704
2024-12-31,2024-12-31,2024-12-31T04:30:00,2024-12-31T05:00:00,3255,431,3686
2024-12-31,2024-12-31,2024-12-31T05:00:00,2024-12-31T05:30:00,3250,429,3679
2024-12-31,2024-12-31,2024-12-31T05:30:00,2024-12-31T06:00:00,3298,443,3741
2024-12-31,2024-12-31,2024-12-31T06:00:00,2024-12-31T06:30:00,3365,467,3832
2024-12-31,2024-12-31,2024-12-31T06:30:00,2024-12-31T07:00:00,3472,502,3974
2024-12-31,2024-12-31,2024-12-31T07:00:00,2024-12-31T07:30:00,3569,541,4110
2024-12-31,2024-12-31,2024-12-31T07:30:00,2024-12-31T08:00:00,3663,584,4247
2024-12-31,2024-12-31,2024-12-31T08:00:00,2024-12-31T08:30:00,3730,602,4332
2024-12-31,2024-12-31,2024-12-31T08:30:00,2024-12-31T09:00:00,3804,639,4443
2024-12-31,2024-12-31,2024-12-31T09:00:00,2024-12-31T09:30:00,3911,680,4591
2024-12-31,2024-12-31,2024-12-31T09:30:00,2024-12-31T10:00:00,4037,732,4769
2024-12-31,2024-12-31,2024-12-31T10:00:00,2024-12-31T10:30:00,4142,764,4906
2024-12-31,2024-12-31,2024-12-31T10:30:00,2024-12-31T11:00:00,4239,796,5035
2024-12-31,2024-12-31,2024-12-31T11:00:00,2024-12-31T11:30:00,4326,838,5164
2024-12-31,2024-12-31,2024-12-31T11:30:00,2024-12-31T12:00:00,4369,862,5231
2024-12-31,2024-12-31,2024-12-31T12:00:00,2024-12-31T12:30:00,4415,894,5309
2024-12-31,2024-12-31,2024-12-31T12:30:00,2024-12-31T13:00:00,4458,924,5382
2024-12-31,2024-12-31,2024-12-31T13:00:00,2024-12-31T13:30:00,4478,941,5419
2024-12-31,2024-12-31,2024-12-31T13:30:00,2024-12-31T14:00:00,4474,939,5413
2024-12-31,2024-12-31,2024-12-31T14:00:00,2024-12-31T14:30:00,4436,908,5344
2024-12-31,2024-12-31,2024-12-31T14:30:00,2024-12-31T15:00:00,4430,893,5323
2024-12-31,2024-12-31,2024-12-31T15:00:00,2024-12-31T15:30:00,4406,897,5303
2024-12-31,2024-12-31,2024-12-31T15:30:00,2024-12-31T16:00:00,4447,884,5331
2024-12-31,2024-12-31,2024-12-31T16:00:00,2024-12-31T16:30:00,4512,900,5412
2024-12-31,2024-12-31,2024-12-31T16:30:00,2024-12-31T17:00:00,4670,923,5593
2024-12-31,2024-12-31,2024-12-31T17:00:00,2024-12-31T17:30:00,4830,917,5747
2024-12-31,2024-12-31,2024-12-31T17:30:00,2024-12-31T18:00:00,4900,912,5812
2024-12-31,2024-12-31,2024-12-31T18:00:00,2024-12-31T18:30:00,4849,884,5733
2024-12-31,2024-12-31,2024-12-31T18:30:00,2024-12-31T19:00:00,4766,855,5621
2024-12-31,2024-12-31,2024-12-31T19:00:00,2024-12-31T19:30:00,4646,820,5466
2024-12-31,2024-12-31,2024-12-31T19:30:00,2024-12-31T20:00:00,4506,801,5307
2024-12-31,2024-12-31,2024-12-31T20:00:00,2024-12-31T20:30:00,4382,775,5157
2024-12-31,2024-12-31,2024-12-31T20:30:00,2024-12-31T21:00:00,4278,757,5035
2024-12-31,2024-12-31,2024-12-31T21:00:00,2024-12-31T21:30:00,4178,757,4935
2024-12-31,2024-12-31,2024-12-31T21:30:00,2024-12-31T22:00:00,4062,725,4787
2024-12-31,2024-12-31,2024-12-31T22:00:00,2024-12-31T22:30:00,3953,708,4661
2024-12-31,2024-12-31,2024-12-31T22:30:00,2024-12-31T23:00:00,3895,679,4574
2024-12-31,2025-01-01,2024-12-31T23:00:00,2024-12-31T23:30:00,3860,644,4504
2024-12-31,2025-01-01,2024-12-31T23:30:00,2025-01-01T00:00:00,3918,605,4523
2025-01-01,2025-01-01,2025-01-01T00:00:00,2025-01-01T00:30:00,3562,558,4120
2025-01-01,2025-01-01,2025-01-01T00:30:00,2025-01-01T01:00:00,3489,526,4015
2025-01-01,2025-01-01,2025-01-01T01:00:00,2025-01-01T01:30:00,3421,525,3946
2025-01-01,2025-01-01,2025-01-01T01:30:00,2025-01-01T02:00:00,3344,540,3884
2025-01-01,2025-01-01,2025-01-01T02:00:00,2025-01-01T02:30:00,3265,531,3796
2025-01-01,2025-01-01,2025-01-01T02:30:00,2025-01-01T03:00:00,3246,521,3767
2025-01-01,2025-01-01,2025-01-01T03:00:00,2025-01-01T03:30:00,3162,524,3686
2025-01-01,2025-01-01,2025-01-01T03:30:00,2025-01-01T04:00:00,3107,516,3623
2025-01-01,2025-01-01,2025-01-01T04:00:00,2025-01-01T04:30:00,3044,513,3557
2025-01-01,2025-01-01,2025-01-01T04:30:00,2025-01-01T05:00:00,3000,510,3510
2025-01-01,2025-01-01,2025-01-01T05:00:00,2025-01-01T05:30:00,3014,514,3528
2025-01-01,2025-01-01,2025-01-01T05:30:00,2025-01-01T06:00:00,3001,531,3532
2025-01-01,2025-01-01,2025-01-01T06:00:00,2025-01-01T06:30:00,3042,579,3621
2025-01-01,2025-01-01,2025-01-01T06:30:00,2025-01-01T07:00:00,3088,627,3715
2025-01-01,2025-01-01,2025-01-01T07:00:00,2025-01-01T07:30:00,3112,662,3774
2025-01-01,2025-01-01,2025-01-01T07:30:00,2025-01-01T08:00:00,3187,720,3907
2025-01-01,2025-01-01,2025-01-01T08:00:00,2025-01-01T08:30:00,3201,771,3972
2025-01-01,2025-01-01,2025-01-01T08:30:00,2025-01-01T09:00:00,3209,814,4023
2025-01-01,2025-01-01,2025-01-01T09:00:00,2025-01-01T09:30:00,3278,847,4125
2025-01-01,2025-01-01,2025-01-01T09:30:00,2025-01-01T10:00:00,3400,904,4304
2025-01-01,2025-01-01,2025-01-01T10:00:00,2025-01-01T10:30:00,3532,933,4465
2025-01-01,2025-01-01,2025-01-01T10:30:00,2025-01-01T11:00:00,3653,965,4618
2025-01-01,2025-01-01,2025-01-01T11:00:00,2025-01-01T11:30:00,3763,981,4744
2025-01-01,2025-01-01,2025-01-01T11:30:00,2025-01-01T12:00:00,3867,1005,4872
2025-01-01,2025-01-01,2025-01-01T12:00:00,2025-01-01T12:30:00,4000,1040,5040
2025-01-01,2025-01-01,2025-01-01T12:30:00,2025-01-01T13:00:00,4102,1071,5173
2025-01-01,2025-01-01,2025-01-01T13:00:00,2025-01-01T13:30:00,4192,1085,5277
2025-01-01,2025-01-01,2025-01-01T13:30:00,2025-01-01T14:00:00,4219,1080,5299
2025-01-01,2025-01-01,2025-01-01T14:00:00,2025-01-01T14:30:00,4263,1036,5299
2025-01-01,2025-01-01,2025-01-01T14:30:00,2025-01-01T15:00:00,4264,1021,5285
2025-01-01,2025-01-01,2025-01-01T15:00:00,2025-01-01T15:30:00,4253,1000,5253
2025-01-01,2025-01-01,2025-01-01T15:30:00,2025-01-01T16:00:00,4286,988,5274
2025-01-01,2025-01-01,2025-01-01T16:00:00,2025-01-01T16:30:00,4316,1004,5320
2025-01-01,2025-01-01,2025-01-01T16:30:00,2025-01-01T17:00:00,4434,1033,5467
2025-01-01,2025-01-01,2025-01-01T17:00:00,2025-01-01T17:30:00,4529,1078,5607
2025-01-01,2025-01-01,2025-01-01T17:30:00,2025-01-01T18:00:00,4550,1073,5623
2025-01-01,2025-01-01,2025-01-01T18:00:00,2025-01-01T18:30:00,4500,1051,5551
2025-01-01,2025-01-01,2025-01-01T18:30:00,2025-01-01T19:00:00,4414,1016,5430
2025-01-01,2025-01-01,2025-01-01T19:00:00,2025-01-01T19:30:00,4334,986,5320
2025-01-01,2025-01-01,2025-01-01T19:30:00,2025-01-01T20:00:00,4207,963,5170
2025-01-01,2025-01-01,2025-01-01T20:00:00,2025-01-01T20:30:00,4122,966,5088
2025-01-01,2025-01-01,2025-01-01T20:30:00,2025-01-01T21:00:00,4026,941,4967
2025-01-01,2025-01-01,2025-01-01T21:00:00,2025-01-01T21:30:00,3908,940,4848
2025-01-01,2025-01-01,2025-01-01T21:30:00,2025-01-01T22:00:00,3764,898,4662
2025-01-01,2025-01-01,2025-01-01T22:00:00,2025-01-01T22:30:00,3636,879,4515
2025-01-01,2025-01-01,2025-01-01T22:30:00,2025-01-01T23:00:00,3548,840,4388
2025-01-01,2025-01-02,2025-01-01T23:00:00,2025-01-01T23:30:00,3459,812,4271
2025-01-01,2025-01-02,2025-01-01T23:30:00,2025-01-02T00:00:00,3417,761,4178
2025-01-02,2025-01-02,2025-01-02T00:00:00,2025-01-02T00:30:00,3547,705,4252
2025-01-02,2025-01-02,2025-01-02T00:30:00,2025-01-02T01:00:00,3498,666,4164
2025-01-02,2025-01-02,2025-01-02T01:00:00,2025-01-02T01:30:00,3402,658,4060
2025-01-02,2025-01-02,2025-01-02T01:30:00,2025-01-02T02:00:00,3328,675,4003
2025-01-02,2025-01-02,2025-01-02T02:00:00,2025-01-02T02:30:00,3306,650,3956
2025-01-02,2025-01-02,2025-01-02T02:30:00,2025-01-02T03:00:00,3307,640,3947
2025-01-02,2025-01-02,2025-01-02T03:00:00,2025-01-02T03:30:00,3249,630,3879
2025-01-02,2025-01-02,2025-01-02T03:30:00,2025-01-02T04:00:00,3234,621,3855
2025-01-02,2025-01-02,2025-01-02T04:00:00,2025-01-02T04:30:00,3217,614,3831
2025-01-02,2025-01-02,2025-01-02T04:30:00,2025-01-02T05:00:00,3200,611,3811
2025-01-02,2025-01-02,2025-01-02T05:00:00,2025-01-02T05:30:00,3235,609,3844
2025-01-02,2025-01-02,2025-01-02T05:30:00,2025-01-02T06:00:00,3273,629,3902
2025-01-02,2025-01-02,2025-01-02T06:00:00,2025-01-02T06:30:00,3375,661,4036
2025-01-02,2025-01-02,2025-01-02T06:30:00,2025-01-02T07:00:00,3557,718,4275
2025-01-02,2025-01-02,2025-01-02T07:00:00,2025-01-02T07:30:00,3715,778,4493
2025-01-02,2025-01-02,2025-01-02T07:30:00,2025-01-02T08:00:00,3898,851,4749
2025-01-02,2025-01-02,2025-01-02T08:00:00,2025-01-02T08:30:00,4032,902,4934
2025-01-02,2025-01-02,2025-01-02T08:30:00,2025-01-02T09:00:00,4160,949,5109
2025-01-02,2025-01-02,2025-01-02T09:00:00,2025-01-02T09:30:00,4258,987,5245
2025-01-02,2025-01-02,2025-01-02T09:30:00,2025-01-02T10:00:00,4354,1047,5401
2025-01-02,2025-01-02,2025-01-02T10:00:00,2025-01-02T10:30:00,4428,1049,5477
2025-01-02,2025-01-02,2025-01-02T10:30:00,2025-01-02T11:00:00,4499,1081,5580
2025-01-02,2025-01-02,2025-01-02T11:00:00,2025-01-02T11:30:00,4561,1090,5651
2025-01-02,2025-01-02,2025-01-02T11:30:00,2025-01-02T12:00:00,4606,1114,5720
2025-01-02,2025-01-02,2025-01-02T12:00:00,2025-01-02T12:30:00,4658,1127,5785
2025-01-02,2025-01-02,2025-01-02T12:30:00,2025-01-02T13:00:00,4697,1159,5856
2025-01-02,2025-01-02,2025-01-02T13:00:00,2025-01-02T13:30:00,4716,1166,5882
2025-01-02,2025-01-02,2025-01-02T13:30:00,2025-01-02T14:00:00,4701,1160,5861
2025-01-02,2025-01-02,2025-01-02T14:00:00,2025-01-02T14:30:00,4690,1129,5819
2025-01-02,2025-01-02,2025-01-02T14:30:00,2025-01-02T15:00:00,4664,1114,5778
2025-01-02,2025-01-02,2025-01-02T15:00:00,2025-01-02T15:30:00,4671,1096,5767
2025-01-02,2025-01-02,2025-01-02T15:30:00,2025-01-02T16:00:00,4680,1086,5766
2025-01-02,2025-01-02,2025-01-02T16:00:00,2025-01-02T16:30:00,4755,1112,5867
2025-01-02,2025-01-02,2025-01-02T16:30:00,2025-01-02T17:00:00,4847,1148,5995
2025-01-02,2025-01-02,2025-01-02T17:00:00,2025-01-02T17:30:00,5016,1186,6202
2025-01-02,2025-01-02,2025-01-02T17:30:00,2025-01-02T18:00:00,5100,1182,6282
2025-01-02,2025-01-02,2025-01-02T18:00:00,2025-01-02T18:30:00,5074,1166,6240
2025-01-02,2025-01-02,2025-01-02T18:30:00,2025-01-02T19:00:00,4986,1127,6113
2025-01-02,2025-01-02,2025-01-02T19:00:00,2025-01-02T19:30:00,4860,1099,5959
2025-01-02,2025-01-02,2025-01-02T19:30:00,2025-01-02T20:00:00,4810,1073,5883
2025-01-02,2025-01-02,2025-01-02T20:00:00,2025-01-02T20:30:00,4708,1075,5783
2025-01-02,2025-01-02,2025-01-02T20:30:00,2025-01-02T21:00:00,4590,1048,5638
2025-01-02,2025-01-02,2025-01-02T21:00:00,2025-01-02T21:30:00,4500,1044,5544
2025-01-02,2025-01-02,2025-01-02T21:30:00,2025-01-02T22:00:00,4378,996,5374
2025-01-02,2025-01-02,2025-01-02T22:00:00,2025-01-02T22:30:00,4262,970,5232
2025-01-02,2025-01-02,2025-01-02T22:30:00,2025-01-02T23:00:00,4128,925,5053
2024-12-29,2024-12-30,2024-12-29T23:00:00,2024-12-29T23:30:00,3580,648,4228
2024-12-29,2024-12-30,2024-12-29T23:30:00,2024-12-30T00:00:00,3543,606,4149
2024-12-30,2024-12-30,2024-12-30T00:00:00,2024-12-30T00:30:00,3307,554,3861
2024-12-30,2024-12-30,2024-12-30T00:30:00,2024-12-30T01:00:00,3256,520,3776
2024-12-30,2024-12-30,2024-12-30T01:00:00,2024-12-30T01:30:00,3157,502,3659
2024-12-30,2024-12-30,2024-12-30T01:30:00,2024-12-30T02:00:00,3081,503,3584
2024-12-30,2024-12-30,2024-12-30T02:00:00,2024-12-30T02:30:00,3058,486,3544
2024-12-30,2024-12-30,2024-12-30T02:30:00,2024-12-30T03:00:00,3060,477,3537
2024-12-30,2024-12-30,2024-12-30T03:00:00,2024-12-30T03:30:00,3001,469,3470
2024-12-30,2024-12-30,2024-12-30T03:30:00,2024-12-30T04:00:00,2984,462,3446
2024-12-30,2024-12-30,2024-12-30T04:00:00,2024-12-30T04:30:00,2970,457,3427
2024-12-30,2024-12-30,2024-12-30T04:30:00,2024-12-30T05:00:00,2960,450,3410
2024-12-30,2024-12-30,2024-12-30T05:00:00,2024-12-30T05:30:00,2980,458,3438
2024-12-30,2024-12-30,2024-12-30T05:30:00,2024-12-30T06:00:00,3025,477,3502
2024-12-30,2024-12-30,2024-12-30T06:00:00,2024-12-30T06:30:00,3130,507,3637
2024-12-30,2024-12-30,2024-12-30T06:30:00,2024-12-30T07:00:00,3317,563,3880
2024-12-30,2024-12-30,2024-12-30T07:00:00,2024-12-30T07:30:00,3479,628,4107
2024-12-30,2024-12-30,2024-12-30T07:30:00,2024-12-30T08:00:00,3666,674,4340
2024-12-30,2024-12-30,2024-12-30T08:00:00,2024-12-30T08:30:00,3804,719,4523
2024-12-30,2024-12-30,2024-12-30T08:30:00,2024-12-30T09:00:00,3935,775,4710
2024-12-30,2024-12-30,2024-12-30T09:00:00,2024-12-30T09:30:00,4035,820,4855
2024-12-30,2024-12-30,2024-12-30T09:30:00,2024-12-30T10:00:00,4135,871,5006
2024-12-30,2024-12-30,2024-12-30T10:00:00,2024-12-30T10:30:00,4210,900,5110
2024-12-30,2024-12-30,2024-12-30T10:30:00,2024-12-30T11:00:00,4283,924,5207
2024-12-30,2024-12-30,2024-12-30T11:00:00,2024-12-30T11:30:00,4347,937,5284
2024-12-30,2024-12-30,2024-12-30T11:30:00,2024-12-30T12:00:00,4393,962,5355
2024-12-30,2024-12-30,2024-12-30T12:00:00,2024-12-30T12:30:00,4447,980,5427
2024-12-30,2024-12-30,2024-12-30T12:30:00,2024-12-30T13:00:00,4486,968,5454
2024-12-30,2024-12-30,2024-12-30T13:00:00,2024-12-30T13:30:00,4506,986,5492
2024-12-30,2024-12-30,2024-12-30T13:30:00,2024-12-30T14:00:00,4491,980,5471
2024-12-30,2024-12-30,2024-12-30T14:00:00,2024-12-30T14:30:00,4479,976,5455
2024-12-30,2024-12-30,2024-12-30T14:30:00,2024-12-30T15:00:00,4452,972,5424
2024-12-30,2024-12-30,2024-12-30T15:00:00,2024-12-30T15:30:00,4460,986,5446
2024-12-30,2024-12-30,2024-12-30T15:30:00,2024-12-30T16:00:00,4469,993,5462
2024-12-30,2024-12-30,2024-12-30T16:00:00,2024-12-30T16:30:00,4546,1027,5573
2024-12-30,2024-12-30,2024-12-30T16:30:00,2024-12-30T17:00:00,4640,1099,5739
2024-12-30,2024-12-30,2024-12-30T17:00:00,2024-12-30T17:30:00,4814,1171,5985
2024-12-30,2024-12-30,2024-12-30T17:30:00,2024-12-30T18:00:00,4900,1200,6100
2024-12-30,2024-12-30,2024-12-30T18:00:00,2024-12-30T18:30:00,4873,1174,6047
2024-12-30,2024-12-30,2024-12-30T18:30:00,2024-12-30T19:00:00,4783,1136,5919
2024-12-30,2024-12-30,2024-12-30T19:00:00,2024-12-30T19:30:00,4654,1086,5740
2024-12-30,2024-12-30,2024-12-30T19:30:00,2024-12-30T20:00:00,4603,1046,5649
2024-12-30,2024-12-30,2024-12-30T20:00:00,2024-12-30T20:30:00,4498,1014,5512
2024-12-30,2024-12-30,2024-12-30T20:30:00,2024-12-30T21:00:00,4377,977,5354
2024-12-30,2024-12-30,2024-12-30T21:00:00,2024-12-30T21:30:00,4284,944,5228
2024-12-30,2024-12-30,2024-12-30T21:30:00,2024-12-30T22:00:00,4159,904,5063
2024-12-30,2024-12-30,2024-12-30T22:00:00,2024-12-30T22:30:00,4039,868,4907
2024-12-30,2024-12-30,2024-12-30T22:30:00,2024-12-30T23:00:00,3903,824,4727
2024-12-30,2024-12-31,2024-12-30T23:00:00,2024-12-30T23:30:00,3799,782,4581
2024-12-30,2024-12-31,2024-12-30T23:30:00,2024-12-31T00:00:00,3764,730,4494
2024-12-31,2024-12-31,2024-12-31T00:00:00,2024-12-31T00:30:00,3780,524,4304
2024-12-31,2024-12-31,2024-12-31T00:30:00,2024-12-31T01:00:00,3688,493,4181
2024-12-31,2024-12-31,2024-12-31T01:00:00,2024-12-31T01:30:00,3568,480,4048
2024-12-31,2024-12-31,2024-12-31T01:30:00,2024-12-31T02:00:00,3477,494,3971
2024-12-31,2024-12-31,2024-12-31T02:00:00,2024-12-31T02:30:00,3383,466,3849
2024-12-31,2024-12-31,2024-12-31T02:30:00,2024-12-31T03:00:00,3325,457,3782
2024-12-31,2024-12-31,2024-12-31T03:00:00,2024-12-31T03:30:00,3282,446,3728
2024-12-31,2024-12-31,2024-12-31T03:30:00,2024-12-31T04:00:00,3266,439,3705
2024-12-31,2024-12-31,2024-12-31T04:00:00,2024-12-31T04:30:00,3270,434,3704
2024-12-31,2024-12-31,2024-12-31T04:30:00,2024-12-31T05:00:00,3255,431,3686
2024-12-31,2024-12-31,2024-12-31T05:00:00,2024-12-31T05:30:00,3250,429,3679
2024-12-31,2024-12-31,2024-12-31T05:30:00,2024-12-31T06:00:00,3298,443,3741
2024-12-31,2024-12-31,2024-12-31T06:00:00,2024-12-31T06:30:00,3365,467,3832
2024-12-31,2024-12-31,2024-12-31T06:30:00,2024-12-31T07:00:00,3472,502,3974
2024-12-31,2024-12-31,2024-12-31T07:00:00,2024-12-31T07:30:00,3569,541,4110
2024-12-31,2024-12-31,2024-12-31T07:30:00,2024-12-31T08:00:00,3663,584,4247
2024-12-31,2024-12-31,2024-12-31T08:00:00,2024-12-31T08:30:00,3730,602,4332
2024-12-31,2024-12-31,2024-12-31T08:30:00,2024-12-31T09:00:00,3804,639,4443
2024-12-31,2024-12-31,2024-12-31T09:00:00,2024-12-31T09:30:00,3911,680,4591
2024-12-31,2024-12-31,2024-12-31T09:30:00,2024-12-31T10:00:00,4037,732,4769
2024-12-31,2024-12-31,2024-12-31T10:00:00,2024-12-31T10:30:00,4142,764,4906
2024-12-31,2024-12-31,2024-12-31T10:30:00,2024-12-31T11:00:00,4239,796,5035
2024-12-31,2024-12-31,2024-12-31T11:00:00,2024-12-31T11:30:00,4326,838,5164
2024-12-31,2024-12-31,2024-12-31T11:30:00,2024-12-31T12:00:00,4369,862,5231
2024-12-31,2024-12-31,2024-12-31T12:00:00,2024-12-31T12:30:00,4415,894,5309
2024-12-31,2024-12-31,2024-12-31T12:30:00,2024-12-31T13:00:00,4458,924,5382
2024-12-31,2024-12-31,2024-12-31T13:00:00,2024-12-31T13:30:00,4478,941,5419
2024-12-31,2024-12-31,2024-12-31T13:30:00,2024-12-31T14:00:00,4474,939,5413
2024-12-31,2024-12-31,2024-12-31T14:00:00,2024-12-31T14:30:00,4436,908,5344
2024-12-31,2024-12-31,2024-12-31T14:30:00,2024-12-31T15:00:00,4430,893,5323
2024-12-31,2024-12-31,2024-12-31T15:00:00,2024-12-31T15:30:00,4406,897,5303
2024-12-31,2024-12-31,2024-12-31T15:30:00,2024-12-31T16:00:00,4447,884,5331
2024-12-31,2024-12-31,2024-12-31T16:00:00,2024-12-31T16:30:00,4512,900,5412
2024-12-31,2024-12-31,2024-12-31T16:30:00,2024-12-31T17:00:00,4670,923,5593
2024-12-31,2024-12-31,2024-12-31T17:00:00,2024-12-31T17:30:00,4830,917,5747
2024-12-31,2024-12-31,2024-12-31T17:30:00,2024-12-31T18:00:00,4900,912,5812
2024-12-31,2024-12-31,2024-12-31T18:00:00,2024-12-31T18:30:00,4849,884,5733
2024-12-31,2024-12-31,2024-12-31T18:30:00,2024-12-31T19:00:00,4766,855,5621
2024-12-31,2024-12-31,2024-12-31T19:00:00,2024-12-31T19:30:00,4646,820,5466
2024-12-31,2024-12-31,2024-12-31T19:30:00,2024-12-31T20:00:00,4506,801,5307
2024-12-31,2024-12-31,2024-12-31T20:00:00,2024-12-31T20:30:00,4382,775,5157
2024-12-31,2024-12-31,2024-12-31T20:30:00,2024-12-31T21:00:00,4278,757,5035
2024-12-31,2024-12-31,2024-12-31T21:00:00,2024-12-31T21:30:00,4178,757,4935
2024-12-31,2024-12-31,2024-12-31T21:30:00,2024-12-31T22:00:00,4062,725,4787
2024-12-31,2024-12-31,2024-12-31T22:00:00,2024-12-31T22:30:00,3953,708,4661
2024-12-31,2024-12-31,2024-12-31T22:30:00,2024-12-31T23:00:00,3895,679,4574
2024-12-31,2025-01-01,2024-12-31T23:00:00,2024-12-31T23:30:00,3860,644,4504
2024-12-31,2025-01-01,2024-12-31T23:30:00,2025-01-01T00:00:00,3918,605,4523
2025-01-01,2025-01-01,2025-01-01T00:00:00,2025-01-01T00:30:00,3562,558,4120
2025-01-01,2025-01-01,2025-01-01T00:30:00,2025-01-01T01:00:00,3489,526,4015
2025-01-01,2025-01-01,2025-01-01T01:00:00,2025-01-01T01:30:00,3421,525,3946
2025-01-01,2025-01-01,2025-01-01T01:30:00,2025-01-01T02:00:00,3344,540,3884
2025-01-01,2025-01-01,2025-01-01T02:00:00,2025-01-01T02:30:00,3265,531,3796
2025-01-01,2025-01-01,2025-01-01T02:30:00,2025-01-01T03:00:00,3246,521,3767
2025-01-01,2025-01-01,2025-01-01T03:00:00,2025-01-01T03:30:00,3162,524,3686
2025-01-01,2025-01-01,2025-01-01T03:30:00,2025-01-01T04:00:00,3107,516,3623
2025-01-01,2025-01-01,2025-01-01T04:00:00,2025-01-01T04:30:00,3044,513,3557
2025-01-01,2025-01-01,2025-01-01T04:30:00,2025-01-01T05:00:00,3000,510,3510
2025-01-01,2025-01-01,2025-01-01T05:00:00,2025-01-01T05:30:00,3014,514,3528
2025-01-01,2025-01-01,2025-01-01T05:30:00,2025-01-01T06:00:00,3001,531,3532
2025-01-01,2025-01-01,2025-01-01T06:00:00,2025-01-01T06:30:00,3042,579,3621
2025-01-01,2025-01-01,2025-01-01T06:30:00,2025-01-01T07:00:00,3088,627,3715
2025-01-01,2025-01-01,2025-01-01T07:00:00,2025-01-01T07:30:00,3112,662,3774
2025-01-01,2025-01-01,2025-01-01T07:30:00,2025-01-01T08:00:00,3187,720,3907
2025-01-01,2025-01-01,2025-01-01T08:00:00,2025-01-01T08:30:00,3201,771,3972
2025-01-01,2025-01-01,2025-01-01T08:30:00,2025-01-01T09:00:00,3209,814,4023
2025-01-01,2025-01-01,2025-01-01T09:00:00,2025-01-01T09:30:00,3278,847,4125
2025-01-01,2025-01-01,2025-01-01T09:30:00,2025-01-01T10:00:00,3400,904,4304
2025-01-01,2025-01-01,2025-01-01T10:00:00,2025-01-01T10:30:00,3532,933,4465
2025-01-01,2025-01-01,2025-01-01T10:30:00,2025-01-01T11:00:00,3653,965,4618
2025-01-01,2025-01-01,2025-01-01T11:00:00,2025-01-01T11:30:00,3763,981,4744
2025-01-01,2025-01-01,2025-01-01T11:30:00,2025-01-01T12:00:00,3867,1005,4872
2025-01-01,2025-01-01,2025-01-01T12:00:00,2025-01-01T12:30:00,4000,1040,5040
2025-01-01,2025-01-01,2025-01-01T12:30:00,2025-01-01T13:00:00,4102,1071,5173
2025-01-01,2025-01-01,2025-01-01T13:00:00,2025-01-01T13:30:00,4192,1085,5277
2025-01-01,2025-01-01,2025-01-01T13:30:00,2025-01-01T14:00:00,4219,1080,5299
2025-01-01,2025-01-01,2025-01-01T14:00:00,2025-01-01T14:30:00,4263,1036,5299
2025-01-01,2025-01-01,2025-01-01T14:30:00,2025-01-01T15:00:00,4264,1021,5285
2025-01-01,2025-01-01,2025-01-01T15:00:00,2025-01-01T15:30:00,4253,1000,5253
2025-01-01,2025-01-01,2025-01-01T15:30:00,2025-01-01T16:00:00,4286,988,5274
2025-01-01,2025-01-01,2025-01-01T16:00:00,2025-01-01T16:30:00,4316,1004,5320
2025-01-01,2025-01-01,2025-01-01T16:30:00,2025-01-01T17:00:00,4434,1033,5467
2025-01-01,2025-01-01,2025-01-01T17:00:00,2025-01-01T17:30:00,4529,1078,5607
2025-01-01,2025-01-01,2025-01-01T17:30:00,2025-01-01T18:00:00,4550,1073,5623
2025-01-01,2025-01-01,2025-01-01T18:00:00,2025-01-01T18:30:00,4500,1051,5551
2025-01-01,2025-01-01,2025-01-01T18:30:00,2025-01-01T19:00:00,4414,1016,5430
2025-01-01,2025-01-01,2025-01-01T19:00:00,2025-01-01T19:30:00,4334,986,5320
2025-01-01,2025-01-01,2025-01-01T19:30:00,2025-01-01T20:00:00,4207,963,5170
2025-01-01,2025-01-01,2025-01-01T20:00:00,2025-01-01T20:30:00,4122,966,5088
2025-01-01,2025-01-01,2025-01-01T20:30:00,2025-01-01T21:00:00,4026,941,4967
2025-01-01,2025-01-01,2025-01-01T21:00:00,2025-01-01T21:30:00,3908,940,4848
2025-01-01,2025-01-01,2025-01-01T21:30:00,2025-01-01T22:00:00,3764,898,4662
2025-01-01,2025-01-01,2025-01-01T22:00:00,2025-01-01T22:30:00,3636,879,4515
2025-01-01,2025-01-01,2025-01-01T22:30:00,2025-01-01T23:00:00,3548,840,4388
2025-01-01,2025-01-02,2025-01-01T23:00:00,2025-01-01T23:30:00,3459,812,4271
2025-01-01,2025-01-02,2025-01-01T23:30:00,2025-01-02T00:00:00,3417,761,4178
2025-01-02,2025-01-02,2025-01-02T00:00:00,2025-01-02T00:30:00,3547,705,4252
2025-01-02,2025-01-02,2025-01-02T00:30:00,2025-01-02T01:00:00,3498,666,4164
2025-01-02,2025-01-02,2025-01-02T01:00:00,2025-01-02T01:30:00,3402,658,4060
2025-01-02,2025-01-02,2025-01-02T01:30:00,2025-01-02T02:00:00,3328,675,4003
2025-01-02,2025-01-02,2025-01-02T02:00:00,2025-01-02T02:30:00,3306,650,3956
2025-01-02,2025-01-02,2025-01-02T02:30:00,2025-01-02T03:00:00,3307,640,3947
2025-01-02,2025-01-02,2025-01-02T03:00:00,2025-01-02T03:30:00,3249,630,3879
2025-01-02,2025-01-02,2025-01-02T03:30:00,2025-01-02T04:00:00,3234,621,3855
2025-01-02,2025-01-02,2025-01-02T04:00:00,2025-01-02T04:30:00,3217,614,3831
2025-01-02,2025-01-02,2025-01-02T04:30:00,2025-01-02T05:00:00,3200,611,3811
2025-01-02,2025-01-02,2025-01-02T05:00:00,2025-01-02T05:30:00,3235,609,3844
2025-01-02,2025-01-02,2025-01-02T05:30:00,2025-01-02T06:00:00,3273,629,3902
2025-01-02,2025-01-02,2025-01-02T06:00:00,2025-01-02T06:30:00,3375,661,4036
2025-01-02,2025-01-02,2025-01-02T06:30:00,2025-01-02T07:00:00,3557,718,4275
2025-01-02,2025-01-02,2025-01-02T07:00:00,2025-01-02T07:30:00,3715,778,4493
2025-01-02,2025-01-02,2025-01-02T07:30:00,2025-01-02T08:00:00,3898,851,4749
2025-01-02,2025-01-02,2025-01-02T08:00:00,2025-01-02T08:30:00,4032,902,4934
2025-01-02,2025-01-02,2025-01-02T08:30:00,2025-01-02T09:00:00,4160,949,5109
2025-01-02,2025-01-02,2025-01-02T09:00:00,2025-01-02T09:30:00,4258,987,5245
2025-01-02,2025-01-02,2025-01-02T09:30:00,2025-01-02T10:00:00,4354,1047,5401
2025-01-02,2025-01-02,2025-01-02T10:00:00,2025-01-02T10:30:00,4428,1049,5477
2025-01-02,2025-01-02,2025-01-02T10:30:00,2025-01-02T11:00:00,4499,1081,5580
2025-01-02,2025-01-02,2025-01-02T11:00:00,2025-01-02T11:30:00,4561,1090,5651
2025-01-02,2025-01-02,2025-01-02T11:30:00,2025-01-02T12:00:00,4606,1114,5720
2025-01-02,2025-01-02,2025-01-02T12:00:00,2025-01-02T12:30:00,4658,1127,5785
2025-01-02,2025-01-02,2025-01-02T12:30:00,2025-01-02T13:00:00,4697,1159,5856
2025-01-02,2025-01-02,2025-01-02T13:00:00,2025-01-02T13:30:00,4716,1166,5882
2025-01-02,2025-01-02,2025-01-02T13:30:00,2025-01-02T14:00:00,4701,1160,5861
2025-01-02,2025-01-02,2025-01-02T14:00:00,2025-01-02T14:30:00,4690,1129,5819
2025-01-02,2025-01-02,2025-01-02T14:30:00,2025-01-02T15:00:00,4664,1114,5778
2025-01-02,2025-01-02,2025-01-02T15:00:00,2025-01-02T15:30:00,4671,1096,5767
2025-01-02,2025-01-02,2025-01-02T15:30:00,2025-01-02T16:00:00,4680,1086,5766
2025-01-02,2025-01-02,2025-01-02T16:00:00,2025-01-02T16:30:00,4755,1112,5867
2025-01-02,2025-01-02,2025-01-02T16:30:00,2025-01-02T17:00:00,4847,1148,5995
2025-01-02,2025-01-02,2025-01-02T17:00:00,2025-01-02T17:30:00,5016,1186,6202
2025-01-02,2025-01-02,2025-01-02T17:30:00,2025-01-02T18:00:00,5100,1182,6282
2025-01-02,2025-01-02,2025-01-02T18:00:00,2025-01-02T18:30:00,5074,1166,6240
2025-01-02,2025-01-02,2025-01-02T18:30:00,2025-01-02T19:00:00,4986,1127,6113
2025-01-02,2025-01-02,2025-01-02T19:00:00,2025-01-02T19:30:00,4860,1099,5959
2025-01-02,2025-01-02,2025-01-02T19:30:00,2025-01-02T20:00:00,4810,1073,5883
2025-01-02,2025-01-02,2025-01-02T20:00:00,2025-01-02T20:30:00,4708,1075,5783
2025-01-02,2025-01-02,2025-01-02T20:30:00,2025-01-02T21:00:00,4590,1048,5638
2025-01-02,2025-01-02,2025-01-02T21:00:00,2025-01-02T21:30:00,4500,1044,5544
2025-01-02,2025-01-02,2025-01-02T21:30:00,2025-01-02T22:00:00,4378,996,5374
2025-01-02,2025-01-02,2025-01-02T22:00:00,2025-01-02T22:30:00,4262,970,5232
2025-01-02,2025-01-02,2025-01-02T22:30:00,2025-01-02T23:00:00,4128,925,5053
2024-12-29,2024-12-30,2024-12-29T23:00:00,2024-12-29T23:30:00,3580,648,4228
2024-12-29,2024-12-30,2024-12-29T23:30:00,2024-12-30T00:00:00,3543,606,4149
2024-12-30,2024-12-30,2024-12-30T00:00:00,2024-12-30T00:30:00,3307,554,3861
2024-12-30,2024-12-30,2024-12-30T00:30:00,2024-12-30T01:00:00,3256,520,3776
2024-12-30,2024-12-30,2024-12-30T01:00:00,2024-12-30T01:30:00,3157,502,3659
2024-12-30,2024-12-30,2024-12-30T01:30:00,2024-12-30T02:00:00,3081,503,3584
2024-12-30,2024-12-30,2024-12-30T02:00:00,2024-12-30T02:30:00,3058,486,3544
2024-12-30,2024-12-30,2024-12-30T02:30:00,2024-12-30T03:00:00,3060,477,3537
2024-12-30,2024-12-30,2024-12-30T03:00:00,2024-12-30T03:30:00,3045,469,3514
2024-12-30,2024-12-30,2024-12-30T03:30:00,2024-12-30T04:00:00,3000,462,3462
2024-12-30,2024-12-30,2024-12-30T04:00:00,2024-12-30T04:30:00,2970,457,3427
2024-12-30,2024-12-30,2024-12-30T04:30:00,2024-12-30T05:00:00,2960,450,3410
2024-12-30,2024-12-30,2024-12-30T05:00:00,2024-12-30T05:30:00,2980,458,3438
2024-12-30,2024-12-30,2024-12-30T05:30:00,2024-12-30T06:00:00,3025,477,3502
2024-12-30,2024-12-30,2024-12-30T06:00:00,2024-12-30T06:30:00,3130,507,3637
2024-12-30,2024-12-30,2024-12-30T06:30:00,2024-12-30T07:00:00,3317,563,3880
2024-12-30,2024-12-30,2024-12-30T07:00:00,2024-12-30T07:30:00,3479,628,4107
2024-12-30,2024-12-30,2024-12-30T07:30:00,2024-12-30T08:00:00,3666,674,4340
2024-12-30,2024-12-30,2024-12-30T08:00:00,2024-12-30T08:30:00,3804,719,4523
2024-12-30,2024-12-30,2024-12-30T08:30:00,2024-12-30T09:00:00,3935,775,4710
2024-12-30,2024-12-30,2024-12-30T09:00:00,2024-12-30T09:30:00,4035,820,4855
2024-12-30,2024-12-30,2024-12-30T09:30:00,2024-12-30T10:00:00,4135,871,5006
2024-12-30,2024-12-30,2024-12-30T10:00:00,2024-12-30T10:30:00,4210,900,5110
2024-12-30,2024-12-30,2024-12-30T10:30:00,2024-12-30T11:00:00,4283,924,5207
2024-12-30,2024-12-30,2024-12-30T11:00:00,2024-12-30T11:30:00,4347,937,5284
2024-12-30,2024-12-30,2024-12-30T11:30:00,2024-12-30T12:00:00,4393,962,5355
2024-12-30,2024-12-30,2024-12-30T12:00:00,2024-12-30T12:30:00,4447,980,5427
2024-12-30,2024-12-30,2024-12-30T12:30:00,2024-12-30T13:00:00,4486,968,5454
2024-12-30,2024-12-30,2024-12-30T13:00:00,2024-12-30T13:30:00,4506,986,5492
2024-12-30,2024-12-30,2024-12-30T13:30:00,2024-12-30T14:00:00,4491,980,5471
2024-12-30,2024-12-30,2024-12-30T14:00:00,2024-12-30T14:30:00,4479,976,5455
2024-12-30,2024-12-30,2024-12-30T14:30:00,2024-12-30T15:00:00,4452,972,5424
2024-12-30,2024-12-30,2024-12-30T15:00:00,2024-12-30T15:30:00,4460,986,5446
2024-12-30,2024-12-30,2024-12-30T15:30:00,2024-12-30T16:00:00,4469,993,5462
2024-12-30,2024-12-30,2024-12-30T16:00:00,2024-12-30T16:30:00,4546,1027,5573
2024-12-30,2024-12-30,2024-12-30T16:30:00,2024-12-30T17:00:00,4640,1099,5739
2024-12-30,2024-12-30,2024-12-30T17:00:00,2024-12-30T17:30:00,4814,1171,5985
2024-12-30,2024-12-30,2024-12-30T17:30:00,2024-12-30T18:00:00,4900,1200,6100
2024-12-30,2024-12-30,2024-12-30T18:00:00,2024-12-30T18:30:00,4873,1174,6047
2024-12-30,2024-12-30,2024-12-30T18:30:00,2024-12-30T19:00:00,4783,1136,5919
2024-12-30,2024-12-30,2024-12-30T19:00:00,2024-12-30T19:30:00,4654,1086,5740
2024-12-30,2024-12-30,2024-12-30T19:30:00,2024-12-30T20:00:00,4603,1046,5649
2024-12-30,2024-12-30,2024-12-30T20:00:00,2024-12-30T20:30:00,4498,1014,5512
2024-12-30,2024-12-30,2024-12-30T20:30:00,2024-12-30T21:00:00,4377,977,5354
2024-12-30,2024-12-30,2024-12-30T21:00:00,2024-12-30T21:30:00,4284,944,5228
2024-12-30,2024-12-30,2024-12-30T21:30:00,2024-12-30T22:00:00,4159,904,5063
2024-12-30,2024-12-30,2024-12-30T22:00:00,2024-12-30T22:30:00,4039,868,4907
2024-12-30,2024-12-30,2024-12-30T22:30:00,2024-12-30T23:00:00,3903,824,4727
2024-12-30,2024-12-31,2024-12-30T23:00:00,2024-12-30T23:30:00,3799,782,4581
2024-12-30,2024-12-31,2024-12-30T23:30:00,2024-12-31T00:00:00,3764,730,4494
2024-12-31,2024-12-31,2024-12-31T00:00:00,2024-12-31T00:30:00,3780,524,4304
2024-12-31,2024-12-31,2024-12-31T00:30:00,2024-12-31T01:00:00,3688,493,4181
2024-12-31,2024-12-31,2024-12-31T01:00:00,2024-12-31T01:30:00,3568,480,4048
2024-12-31,2024-12-31,2024-12-31T01:30:00,2024-12-31T02:00:00,3477,494,3971
2024-12-31,2024-12-31,2024-12-31T02:00:00,2024-12-31T02:30:00,3383,466,3849
2024-12-31,2024-12-31,2024-12-31T02:30:00,2024-12-31T03:00:00,3325,457,3782
2024-12-31,2024-12-31,2024-12-31T03:00:00,2024-12-31T03:30:00,3282,446,3728
2024-12-31,2024-12-31,2024-12-31T03:30:00,2024-12-31T04:00:00,3266,439,3705
2024-12-31,2024-12-31,2024-12-31T04:00:00,2024-12-31T04:30:00,3270,434,3704
2024-12-31,2024-12-31,2024-12-31T04:30:00,2024-12-31T05:00:00,3255,431,3686
2024-12-31,2024-12-31,2024-12-31T05:00:00,2024-12-31T05:30:00,3250,429,3679
2024-12-31,2024-12-31,2024-12-31T05:30:00,2024-12-31T06:00:00,3298,443,3741
2024-12-31,2024-12-31,2024-12-31T06:00:00,2024-12-31T06:30:00,3365,467,3832
2024-12-31,2024-12-31,2024-12-31T06:30:00,2024-12-31T07:00:00,3472,502,3974
2024-12-31,2024-12-31,2024-12-31T07:00:00,2024-12-31T07:30:00,3569,541,4110
2024-12-31,2024-12-31,2024-12-31T07:30:00,2024-12-31T08:00:00,3663,584,4247
2024-12-31,2024-12-31,2024-12-31T08:00:00,2024-12-31T08:30:00,3730,602,4332
2024-12-31,2024-12-31,2024-12-31T08:30:00,2024-12-31T09:00:00,3804,639,4443
2024-12-31,2024-12-31,2024-12-31T09:00:00,2024-12-31T09:30:00,3911,680,4591
2024-12-31,2024-12-31,2024-12-31T09:30:00,2024-12-31T10:00:00,4037,732,4769
2024-12-31,2024-12-31,2024-12-31T10:00:00,2024-12-31T10:30:00,4142,764,4906
2024-12-31,2024-12-31,2024-12-31T10:30:00,2024-12-31T11:00:00,4239,796,5035
2024-12-31,2024-12-31,2024-12-31T11:00:00,2024-12-31T11:30:00,4326,838,5164
2024-12-31,2024-12-31,2024-12-31T11:30:00,2024-12-31T12:00:00,4369,862,5231
2024-12-31,2024-12-31,2024-12-31T12:00:00,2024-12-31T12:30:00,4415,894,5309
2024-12-31,2024-12-31,2024-12-31T12:30:00,2024-12-31T13:00:00,4458,924,5382
2024-12-31,2024-12-31,2024-12-31T13:00:00,2024-12-31T13:30:00,4478,941,5419
2024-12-31,2024-12-31,2024-12-31T13:30:00,2024-12-31T14:00:00,4474,939,5413
2024-12-31,2024-12-31,2024-12-31T14:00:00,2024-12-31T14:30:00,4436,908,5344
2024-12-31,2024-12-31,2024-12-31T14:30:00,2024-12-31T15:00:00,4430,893,5323
2024-12-31,2024-12-31,2024-12-31T15:00:00,2024-12-31T15:30:00,4406,897,5303
2024-12-31,2024-12-31,2024-12-31T15:30:00,2024-12-31T16:00:00,4447,884,5331
2024-12-31,2024-12-31,2024-12-31T16:00:00,2024-12-31T16:30:00,4512,900,5412
2024-12-31,2024-12-31,2024-12-31T16:30:00,2024-12-31T17:00:00,4670,923,5593
2024-12-31,2024-12-31,2024-12-31T17:00:00,2024-12-31T17:30:00,4830,917,5747
2024-12-31,2024-12-31,2024-12-31T17:30:00,2024-12-31T18:00:00,4900,912,5812
2024-12-31,2024-12-31,2024-12-31T18:00:00,2024-12-31T18:30:00,4849,884,5733
2024-12-31,2024-12-31,2024-12-31T18:30:00,2024-12-31T19:00:00,4766,855,5621
2024-12-31,2024-12-31,2024-12-31T19:00:00,2024-12-31T19:30:00,4646,820,5466
2024-12-31,2024-12-31,2024-12-31T19:30:00,2024-12-31T20:00:00,4506,801,5307
2024-12-31,2024-12-31,2024-12-31T20:00:00,2024-12-31T20:30:00,4382,775,5157
2024-12-31,2024-12-31,2024-12-31T20:30:00,2024-12-31T21:00:00,4278,757,5035
2024-12-31,2024-12-31,2024-12-31T21:00:00,2024-12-31T21:30:00,4178,757,4935
2024-12-31,2024-12-31,2024-12-31T21:30:00,2024-12-31T22:00:00,4062,725,4787
2024-12-31,2024-12-31,2024-12-31T22:00:00,2024-12-31T22:30:00,3953,708,4661
2024-12-31,2024-12-31,2024-12-31T22:30:00,2024-12-31T23:00:00,3895,679,4574
2024-12-31,2025-01-01,2024-12-31T23:00:00,2024-12-31T23:30:00,3860,644,4504
2024-12-31,2025-01-01,2024-12-31T23:30:00,2025-01-01T00:00:00,3918,605,4523
2025-01-01,2025-01-01,2025-01-01T00:00:00,2025-01-01T00:30:00,3562,558,4120
2025-01-01,2025-01-01,2025-01-01T00:30:00,2025-01-01T01:00:00,3489,526,4015
2025-01-01,2025-01-01,2025-01-01T01:00:00,2025-01-01T01:30:00,3421,525,3946
2025-01-01,2025-01-01,2025-01-01T01:30:00,2025-01-01T02:00:00,3344,540,3884
2025-01-01,2025-01-01,2025-01-01T02:00:00,2025-01-01T02:30:00,3265,531,3796
2025-01-01,2025-01-01,2025-01-01T02:30:00,2025-01-01T03:00:00,3246,521,3767
2025-01-01,2025-01-01,2025-01-01T03:00:00,2025-01-01T03:30:00,3162,524,3686
2025-01-01,2025-01-01,2025-01-01T03:30:00,2025-01-01T04:00:00,3107,516,3623
2025-01-01,2025-01-01,2025-01-01T04:00:00,2025-01-01T04:30:00,3044,513,3557
2025-01-01,2025-01-01,2025-01-01T04:30:00,2025-01-01T05:00:00,3000,510,3510
2025-01-01,2025-01-01,2025-01-01T05:00:00,2025-01-01T05:30:00,3014,514,3528
2025-01-01,2025-01-01,2025-01-01T05:30:00,2025-01-01T06:00:00,3001,531,3532
2025-01-01,2025-01-01,2025-01-01T06:00:00,2025-01-01T06:30:00,3042,579,3621
2025-01-01,2025-01-01,2025-01-01T06:30:00,2025-01-01T07:00:00,3088,627,3715
2025-01-01,2025-01-01,2025-01-01T07:00:00,2025-01-01T07:30:00,3112,662,3774
2025-01-01,2025-01-01,2025-01-01T07:30:00,2025-01-01T08:00:00,3187,720,3907
2025-01-01,2025-01-01,2025-01-01T08:00:00,2025-01-01T08:30:00,3201,771,3972
2025-01-01,2025-01-01,2025-01-01T08:30:00,2025-01-01T09:00:00,3209,814,4023
2025-01-01,2025-01-01,2025-01-01T09:00:00,2025-01-01T09:30:00,3278,847,4125
2025-01-01,2025-01-01,2025-01-01T09:30:00,2025-01-01T10:00:00,3400,904,4304
2025-01-01,2025-01-01,2025-01-01T10:00:00,2025-01-01T10:30:00,3532,933,4465
2025-01-01,2025-01-01,2025-01-01T10:30:00,2025-01-01T11:00:00,3653,965,4618
2025-01-01,2025-01-01,2025-01-01T11:00:00,2025-01-01T11:30:00,3763,981,4744
2025-01-01,2025-01-01,2025-01-01T11:30:00,2025-01-01T12:00:00,3867,1005,4872
2025-01-01,2025-01-01,2025-01-01T12:00:00,2025-01-01T12:30:00,4000,1040,5040
2025-01-01,2025-01-01,2025-01-01T12:30:00,2025-01-01T13:00:00,4102,1071,5173
2025-01-01,2025-01-01,2025-01-01T13:00:00,2025-01-01T13:30:00,4192,1085,5277
2025-01-01,2025-01-01,2025-01-01T13:30:00,2025-01-01T14:00:00,4219,1080,5299
2025-01-01,2025-01-01,2025-01-01T14:00:00,2025-01-01T14:30:00,4263,1036,5299
2025-01-01,2025-01-01,2025-01-01T14:30:00,2025-01-01T15:00:00,4264,1021,5285
2025-01-01,2025-01-01,2025-01-01T15:00:00,2025-01-01T15:30:00,4253,1000,5253
2025-01-01,2025-01-01,2025-01-01T15:30:00,2025-01-01T16:00:00,4286,988,5274
2025-01-01,2025-01-01,2025-01-01T16:00:00,2025-01-01T16:30:00,4316,1004,5320
2025-01-01,2025-01-01,2025-01-01T16:30:00,2025-01-01T17:00:00,4434,1033,5467
2025-01-01,2025-01-01,2025-01-01T17:00:00,2025-01-01T17:30:00,4529,1078,5607
2025-01-01,2025-01-01,2025-01-01T17:30:00,2025-01-01T18:00:00,4550,1073,5623
2025-01-01,2025-01-01,2025-01-01T18:00:00,2025-01-01T18:30:00,4500,1051,5551
2025-01-01,2025-01-01,2025-01-01T18:30:00,2025-01-01T19:00:00,4414,1016,5430
2025-01-01,2025-01-01,2025-01-01T19:00:00,2025-01-01T19:30:00,4334,986,5320
2025-01-01,2025-01-01,2025-01-01T19:30:00,2025-01-01T20:00:00,4207,963,5170
2025-01-01,2025-01-01,2025-01-01T20:00:00,2025-01-01T20:30:00,4122,966,5088
2025-01-01,2025-01-01,2025-01-01T20:30:00,2025-01-01T21:00:00,4026,941,4967
2025-01-01,2025-01-01,2025-01-01T21:00:00,2025-01-01T21:30:00,3908,940,4848
2025-01-01,2025-01-01,2025-01-01T21:30:00,2025-01-01T22:00:00,3764,898,4662
2025-01-01,2025-01-01,2025-01-01T22:00:00,2025-01-01T22:30:00,3636,879,4515
2025-01-01,2025-01-01,2025-01-01T22:30:00,2025-01-01T23:00:00,3548,840,4388
2025-01-01,2025-01-02,2025-01-01T23:00:00,2025-01-01T23:30:00,3459,812,4271
2025-01-01,2025-01-02,2025-01-01T23:30:00,2025-01-02T00:00:00,3417,761,4178
2025-01-02,2025-01-02,2025-01-02T00:00:00,2025-01-02T00:30:00,3547,705,4252
2025-01-02,2025-01-02,2025-01-02T00:30:00,2025-01-02T01:00:00,3498,666,4164
2025-01-02,2025-01-02,2025-01-02T01:00:00,2025-01-02T01:30:00,3402,658,4060
2025-01-02,2025-01-02,2025-01-02T01:30:00,2025-01-02T02:00:00,3328,675,4003
2025-01-02,2025-01-02,2025-01-02T02:00:00,2025-01-02T02:30:00,3306,650,3956
2025-01-02,2025-01-02,2025-01-02T02:30:00,2025-01-02T03:00:00,3307,640,3947
2025-01-02,2025-01-02,2025-01-02T03:00:00,2025-01-02T03:30:00,3249,630,3879
2025-01-02,2025-01-02,2025-01-02T03:30:00,2025-01-02T04:00:00,3234,621,3855
2025-01-02,2025-01-02,2025-01-02T04:00:00,2025-01-02T04:30:00,3217,614,3831
2025-01-02,2025-01-02,2025-01-02T04:30:00,2025-01-02T05:00:00,3200,611,3811
2025-01-02,2025-01-02,2025-01-02T05:00:00,2025-01-02T05:30:00,3235,609,3844
2025-01-02,2025-01-02,2025-01-02T05:30:00,2025-01-02T06:00:00,3273,629,3902
2025-01-02,2025-01-02,2025-01-02T06:00:00,2025-01-02T06:30:00,3375,661,4036
2025-01-02,2025-01-02,2025-01-02T06:30:00,2025-01-02T07:00:00,3557,718,4275
2025-01-02,2025-01-02,2025-01-02T07:00:00,2025-01-02T07:30:00,3715,778,4493
2025-01-02,2025-01-02,2025-01-02T07:30:00,2025-01-02T08:00:00,3898,851,4749
2025-01-02,2025-01-02,2025-01-02T08:00:00,2025-01-02T08:30:00,4032,902,4934
2025-01-02,2025-01-02,2025-01-02T08:30:00,2025-01-02T09:00:00,4160,949,5109
2025-01-02,2025-01-02,2025-01-02T09:00:00,2025-01-02T09:30:00,4258,987,5245
2025-01-02,2025-01-02,2025-01-02T09:30:00,2025-01-02T10:00:00,4354,1047,5401
2025-01-02,2025-01-02,2025-01-02T10:00:00,2025-01-02T10:30:00,4428,1049,5477
2025-01-02,2025-01-02,2025-01-02T10:30:00,2025-01-02T11:00:00,4499,1081,5580
2025-01-02,2025-01-02,2025-01-02T11:00:00,2025-01-02T11:30:00,4561,1090,5651
2025-01-02,2025-01-02,2025-01-02T11:30:00,2025-01-02T12:00:00,4606,1114,5720
2025-01-02,2025-01-02,2025-01-02T12:00:00,2025-01-02T12:30:00,4658,1127,5785
2025-01-02,2025-01-02,2025-01-02T12:30:00,2025-01-02T13:00:00,4697,1159,5856
2025-01-02,2025-01-02,2025-01-02T13:00:00,2025-01-02T13:30:00,4716,1166,5882
2025-01-02,2025-01-02,2025-01-02T13:30:00,2025-01-02T14:00:00,4701,1160,5861
2025-01-02,2025-01-02,2025-01-02T14:00:00,2025-01-02T14:30:00,4690,1129,5819
2025-01-02,2025-01-02,2025-01-02T14:30:00,2025-01-02T15:00:00,4664,1114,5778
2025-01-02,2025-01-02,2025-01-02T15:00:00,2025-01-02T15:30:00,4671,1096,5767
2025-01-02,2025-01-02,2025-01-02T15:30:00,2025-01-02T16:00:00,4680,1086,5766
2025-01-02,2025-01-02,2025-01-02T16:00:00,2025-01-02T16:30:00,4755,1112,5867
2025-01-02,2025-01-02,2025-01-02T16:30:00,2025-01-02T17:00:00,4847,1148,5995
2025-01-02,2025-01-02,2025-01-02T17:00:00,2025-01-02T17:30:00,5016,1186,6202
2025-01-02,2025-01-02,2025-01-02T17:30:00,2025-01-02T18:00:00,5100,1182,6282
2025-01-02,2025-01-02,2025-01-02T18:00:00,2025-01-02T18:30:00,5074,1166,6240
2025-01-02,2025-01-02,2025-01-02T18:30:00,2025-01-02T19:00:00,4986,1127,6113
2025-01-02,2025-01-02,2025-01-02T19:00:00,2025-01-02T19:30:00,4860,1099,5959
2025-01-02,2025-01-02,2025-01-02T19:30:00,2025-01-02T20:00:00,4810,1073,5883
2025-01-02,2025-01-02,2025-01-02T20:00:00,2025-01-02T20:30:00,4708,1075,5783
2025-01-02,2025-01-02,2025-01-02T20:30:00,2025-01-02T21:00:00,4590,1048,5638
2025-01-02,2025-01-02,2025-01-02T21:00:00,2025-01-02T21:30:00,4500,1044,5544
2025-01-02,2025-01-02,2025-01-02T21:30:00,2025-01-02T22:00:00,4378,996,5374
2025-01-02,2025-01-02,2025-01-02T22:00:00,2025-01-02T22:30:00,4262,970,5232
2025-01-02,2025-01-02,2025-01-02T22:30:00,2025-01-02T23:00:00,4128,925,5053
2024-12-29,2024-12-30,2024-12-29T23:00:00,2024-12-29T23:30:00,3580,648,4228
2024-12-29,2024-12-30,2024-12-29T23:30:00,2024-12-30T00:00:00,3543,606,4149
2024-12-30,2024-12-30,2024-12-30T00:00:00,2024-12-30T00:30:00,3307,554,3861
2024-12-30,2024-12-30,2024-12-30T00:30:00,2024-12-30T01:00:00,3256,520,3776
2024-12-30,2024-12-30,2024-12-30T01:00:00,2024-12-30T01:30:00,3157,502,3659
2024-12-30,2024-12-30,2024-12-30T01:30:00,2024-12-30T02:00:00,3081,503,3584
2024-12-30,2024-12-30,2024-12-30T02:00:00,2024-12-30T02:30:00,3120,486,3606
2024-12-30,2024-12-30,2024-12-30T02:30:00,2024-12-30T03:00:00,3100,477,3577
2024-12-30,2024-12-30,2024-12-30T03:00:00,2024-12-30T03:30:00,3045,469,3514
2024-12-30,2024-12-30,2024-12-30T03:30:00,2024-12-30T04:00:00,3000,462,3462
2024-12-30,2024-12-30,2024-12-30T04:00:00,2024-12-30T04:30:00,2970,457,3427
2024-12-30,2024-12-30,2024-12-30T04:30:00,2024-12-30T05:00:00,2960,450,3410
2024-12-30,2024-12-30,2024-12-30T05:00:00,2024-12-30T05:30:00,2980,458,3438
2024-12-30,2024-12-30,2024-12-30T05:30:00,2024-12-30T06:00:00,3025,477,3502
2024-12-30,2024-12-30,2024-12-30T06:00:00,2024-12-30T06:30:00,3130,507,3637
2024-12-30,2024-12-30,2024-12-30T06:30:00,2024-12-30T07:00:00,3317,563,3880
2024-12-30,2024-12-30,2024-12-30T07:00:00,2024-12-30T07:30:00,3479,628,4107
2024-12-30,2024-12-30,2024-12-30T07:30:00,2024-12-30T08:00:00,3666,674,4340
2024-12-30,2024-12-30,2024-12-30T08:00:00,2024-12-30T08:30:00,3804,719,4523
2024-12-30,2024-12-30,2024-12-30T08:30:00,2024-12-30T09:00:00,3935,775,4710
2024-12-30,2024-12-30,2024-12-30T09:00:00,2024-12-30T09:30:00,4035,820,4855
2024-12-30,2024-12-30,2024-12-30T09:30:00,2024-12-30T10:00:00,4135,871,5006
2024-12-30,2024-12-30,2024-12-30T10:00:00,2024-12-30T10:30:00,4210,900,5110
2024-12-30,2024-12-30,2024-12-30T10:30:00,2024-12-30T11:00:00,4283,924,5207
2024-12-30,2024-12-30,2024-12-30T11:00:00,2024-12-30T11:30:00,4347,937,5284
2024-12-30,2024-12-30,2024-12-30T11:30:00,2024-12-30T12:00:00,4393,962,5355
2024-12-30,2024-12-30,2024-12-30T12:00:00,2024-12-30T12:30:00,4447,980,5427
2024-12-30,2024-12-30,2024-12-30T12:30:00,2024-12-30T13:00:00,4486,968,5454
2024-12-30,2024-12-30,2024-12-30T13:00:00,2024-12-30T13:30:00,4506,986,5492
2024-12-30,2024-12-30,2024-12-30T13:30:00,2024-12-30T14:00:00,4491,980,5471
2024-12-30,2024-12-30,2024-12-30T14:00:00,2024-12-30T14:30:00,4479,976,5455
2024-12-30,2024-12-30,2024-12-30T14:30:00,2024-12-30T15:00:00,4452,972,5424
2024-12-30,2024-12-30,2024-12-30T15:00:00,2024-12-30T15:30:00,4460,986,5446
2024-12-30,2024-12-30,2024-12-30T15:30:00,2024-12-30T16:00:00,4469,993,5462
2024-12-30,2024-12-30,2024-12-30T16:00:00,2024-12-30T16:30:00,4546,1027,5573
2024-12-30,2024-12-30,2024-12-30T16:30:00,2024-12-30T17:00:00,4640,1099,5739
2024-12-30,2024-12-30,2024-12-30T17:00:00,2024-12-30T17:30:00,4814,1171,5985
2024-12-30,2024-12-30,2024-12-30T17:30:00,2024-12-30T18:00:00,4900,1200,6100
2024-12-30,2024-12-30,2024-12-30T18:00:00,2024-12-30T18:30:00,4873,1174,6047
2024-12-30,2024-12-30,2024-12-30T18:30:00,2024-12-30T19:00:00,4783,1136,5919
2024-12-30,2024-12-30,2024-12-30T19:00:00,2024-12-30T19:30:00,4654,1086,5740
2024-12-30,2024-12-30,2024-12-30T19:30:00,2024-12-30T20:00:00,4603,1046,5649
2024-12-30,2024-12-30,2024-12-30T20:00:00,2024-12-30T20:30:00,4498,1014,5512
2024-12-30,2024-12-30,2024-12-30T20:30:00,2024-12-30T21:00:00,4377,977,5354
2024-12-30,2024-12-30,2024-12-30T21:00:00,2024-12-30T21:30:00,4284,944,5228
2024-12-30,2024-12-30,2024-12-30T21:30:00,2024-12-30T22:00:00,4159,904,5063
2024-12-30,2024-12-30,2024-12-30T22:00:00,2024-12-30T22:30:00,4039,868,4907
2024-12-30,2024-12-30,2024-12-30T22:30:00,2024-12-30T23:00:00,3903,824,4727
2024-12-30,2024-12-31,2024-12-30T23:00:00,2024-12-30T23:30:00,3799,782,4581
2024-12-30,2024-12-31,2024-12-30T23:30:00,2024-12-31T00:00:00,3764,730,4494
2024-12-31,2024-12-31,2024-12-31T00:00:00,2024-12-31T00:30:00,3780,524,4304
2024-12-31,2024-12-31,2024-12-31T00:30:00,2024-12-31T01:00:00,3688,493,4181
2024-12-31,2024-12-31,2024-12-31T01:00:00,2024-12-31T01:30:00,3568,480,4048
2024-12-31,2024-12-31,2024-12-31T01:30:00,2024-12-31T02:00:00,3477,494,3971
2024-12-31,2024-12-31,2024-12-31T02:00:00,2024-12-31T02:30:00,3383,466,3849
2024-12-31,2024-12-31,2024-12-31T02:30:00,2024-12-31T03:00:00,3325,457,3782
2024-12-31,2024-12-31,2024-12-31T03:00:00,2024-12-31T03:30:00,3282,446,3728
2024-12-31,2024-12-31,2024-12-31T03:30:00,2024-12-31T04:00:00,3266,439,3705
2024-12-31,2024-12-31,2024-12-31T04:00:00,2024-12-31T04:30:00,3270,434,3704
2024-12-31,2024-12-31,2024-12-31T04:30:00,2024-12-31T05:00:00,3255,431,3686
2024-12-31,2024-12-31,2024-12-31T05:00:00,2024-12-31T05:30:00,3250,429,3679
2024-12-31,2024-12-31,2024-12-31T05:30:00,2024-12-31T06:00:00,3298,443,3741
2024-12-31,2024-12-31,2024-12-31T06:00:00,2024-12-31T06:30:00,3365,467,3832
2024-12-31,2024-12-31,2024-12-31T06:30:00,2024-12-31T07:00:00,3472,502,3974
2024-12-31,2024-12-31,2024-12-31T07:00:00,2024-12-31T07:30:00,3569,541,4110
2024-12-31,2024-12-31,2024-12-31T07:30:00,2024-12-31T08:00:00,3663,584,4247
2024-12-31,2024-12-31,2024-12-31T08:00:00,2024-12-31T08:30:00,3730,602,4332
2024-12-31,2024-12-31,2024-12-31T08:30:00,2024-12-31T09:00:00,3804,639,4443
2024-12-31,2024-12-31,2024-12-31T09:00:00,2024-12-31T09:30:00,3911,680,4591
2024-12-31,2024-12-31,2024-12-31T09:30:00,2024-12-31T10:00:00,4037,732,4769
2024-12-31,2024-12-31,2024-12-31T10:00:00,2024-12-31T10:30:00,4142,764,4906
2024-12-31,2024-12-31,2024-12-31T10:30:00,2024-12-31T11:00:00,4239,796,5035
2024-12-31,2024-12-31,2024-12-31T11:00:00,2024-12-31T11:30:00,4326,838,5164
2024-12-31,2024-12-31,2024-12-31T11:30:00,2024-12-31T12:00:00,4369,862,5231
2024-12-31,2024-12-31,2024-12-31T12:00:00,2024-12-31T12:30:00,4415,894,5309
2024-12-31,2024-12-31,2024-12-31T12:30:00,2024-12-31T13:00:00,4458,924,5382
2024-12-31,2024-12-31,2024-12-31T13:00:00,2024-12-31T13:30:00,4478,941,5419
2024-12-31,2024-12-31,2024-12-31T13:30:00,2024-12-31T14:00:00,4474,939,5413
2024-12-31,2024-12-31,2024-12-31T14:00:00,2024-12-31T14:30:00,4436,908,5344
2024-12-31,2024-12-31,2024-12-31T14:30:00,2024-12-31T15:00:00,4430,893,5323
2024-12-31,2024-12-31,2024-12-31T15:00:00,2024-12-31T15:30:00,4406,897,5303
2024-12-31,2024-12-31,2024-12-31T15:30:00,2024-12-31T16:00:00,4447,884,5331
2024-12-31,2024-12-31,2024-12-31T16:00:00,2024-12-31T16:30:00,4512,900,5412
2024-12-31,2024-12-31,2024-12-31T16:30:00,2024-12-31T17:00:00,4670,923,5593
2024-12-31,2024-12-31,2024-12-31T17:00:00,2024-12-31T17:30:00,4830,917,5747
2024-12-31,2024-12-31,2024-12-31T17:30:00,2024-12-31T18:00:00,4900,912,5812
2024-12-31,2024-12-31,2024-12-31T18:00:00,2024-12-31T18:30:00,4849,884,5733
2024-12-31,2024-12-31,2024-12-31T18:30:00,2024-12-31T19:00:00,4766,855,5621
2024-12-31,2024-12-31,2024-12-31T19:00:00,2024-12-31T19:30:00,4646,820,5466
2024-12-31,2024-12-31,2024-12-31T19:30:00,2024-12-31T20:00:00,4506,801,5307
2024-12-31,2024-12-31,2024-12-31T20:00:00,2024-12-31T20:30:00,4382,775,5157
2024-12-31,2024-12-31,2024-12-31T20:30:00,2024-12-31T21:00:00,4278,757,5035
2024-12-31,2024-12-31,2024-12-31T21:00:00,2024-12-31T21:30:00,4178,757,4935
2024-12-31,2024-12-31,2024-12-31T21:30:00,2024-12-31T22:00:00,4062,725,4787
2024-12-31,2024-12-31,2024-12-31T22:00:00,2024-12-31T22:30:00,3953,708,4661
2024-12-31,2024-12-31,2024-12-31T22:30:00,2024-12-31T23:00:00,3895,679,4574
2024-12-31,2025-01-01,2024-12-31T23:00:00,2024-12-31T23:30:00,3860,644,4504
2024-12-31,2025-01-01,2024-12-31T23:30:00,2025-01-01T00:00:00,3918,605,4523
2025-01-01,2025-01-01,2025-01-01T00:00:00,2025-01-01T00:30:00,3562,558,4120
2025-01-01,2025-01-01,2025-01-01T00:30:00,2025-01-01T01:00:00,3489,526,4015
2025-01-01,2025-01-01,2025-01-01T01:00:00,2025-01-01T01:30:00,3421,525,3946
2025-01-01,2025-01-01,2025-01-01T01:30:00,2025-01-01T02:00:00,3344,540,3884
2025-01-01,2025-01-01,2025-01-01T02:00:00,2025-01-01T02:30:00,3265,531,3796
2025-01-01,2025-01-01,2025-01-01T02:30:00,2025-01-01T03:00:00,3246,521,3767
2025-01-01,2025-01-01,2025-01-01T03:00:00,2025-01-01T03:30:00,3162,524,3686
2025-01-01,2025-01-01,2025-01-01T03:30:00,2025-01-01T04:00:00,3107,516,3623
2025-01-01,2025-01-01,2025-01-01T04:00:00,2025-01-01T04:30:00,3044,513,3557
2025-01-01,2025-01-01,2025-01-01T04:30:00,2025-01-01T05:00:00,3000,510,3510
2025-01-01,2025-01-01,2025-01-01T05:00:00,2025-01-01T05:30:00,3014,514,3528
2025-01-01,2025-01-01,2025-01-01T05:30:00,2025-01-01T06:00:00,3001,531,3532
2025-01-01,2025-01-01,2025-01-01T06:00:00,2025-01-01T06:30:00,3042,579,3621
2025-01-01,2025-01-01,2025-01-01T06:30:00,2025-01-01T07:00:00,3088,627,3715
2025-01-01,2025-01-01,2025-01-01T07:00:00,2025-01-01T07:30:00,3112,662,3774
2025-01-01,2025-01-01,2025-01-01T07:30:00,2025-01-01T08:00:00,3187,720,3907
2025-01-01,2025-01-01,2025-01-01T08:00:00,2025-01-01T08:30:00,3201,771,3972
2025-01-01,2025-01-01,2025-01-01T08:30:00,2025-01-01T09:00:00,3209,814,4023
2025-01-01,2025-01-01,2025-01-01T09:00:00,2025-01-01T09:30:00,3278,847,4125
2025-01-01,2025-01-01,2025-01-01T09:30:00,2025-01-01T10:00:00,3400,904,4304
2025-01-01,2025-01-01,2025-01-01T10:00:00,2025-01-01T10:30:00,3532,933,4465
2025-01-01,2025-01-01,2025-01-01T10:30:00,2025-01-01T11:00:00,3653,965,4618
2025-01-01,2025-01-01,2025-01-01T11:00:00,2025-01-01T11:30:00,3763,981,4744
2025-01-01,2025-01-01,2025-01-01T11:30:00,2025-01-01T12:00:00,3867,1005,4872
2025-01-01,2025-01-01,2025-01-01T12:00:00,2025-01-01T12:30:00,4000,1040,5040
2025-01-01,2025-01-01,2025-01-01T12:30:00,2025-01-01T13:00:00,4102,1071,5173
2025-01-01,2025-01-01,2025-01-01T13:00:00,2025-01-01T13:30:00,4192,1085,5277
2025-01-01,2025-01-01,2025-01-01T13:30:00,2025-01-01T14:00:00,4219,1080,5299
2025-01-01,2025-01-01,2025-01-01T14:00:00,2025-01-01T14:30:00,4263,1036,5299
2025-01-01,2025-01-01,2025-01-01T14:30:00,2025-01-01T15:00:00,4264,1021,5285
2025-01-01,2025-01-01,2025-01-01T15:00:00,2025-01-01T15:30:00,4253,1000,5253
2025-01-01,2025-01-01,2025-01-01T15:30:00,2025-01-01T16:00:00,4286,988,5274
2025-01-01,2025-01-01,2025-01-01T16:00:00,2025-01-01T16:30:00,4316,1004,5320
2025-01-01,2025-01-01,2025-01-01T16:30:00,2025-01-01T17:00:00,4434,1033,5467
2025-01-01,2025-01-01,2025-01-01T17:00:00,2025-01-01T17:30:00,4529,1078,5607
2025-01-01,2025-01-01,2025-01-01T17:30:00,2025-01-01T18:00:00,4550,1073,5623
2025-01-01,2025-01-01,2025-01-01T18:00:00,2025-01-01T18:30:00,4500,1051,5551
2025-01-01,2025-01-01,2025-01-01T18:30:00,2025-01-01T19:00:00,4414,1016,5430
2025-01-01,2025-01-01,2025-01-01T19:00:00,2025-01-01T19:30:00,4334,986,5320
2025-01-01,2025-01-01,2025-01-01T19:30:00,2025-01-01T20:00:00,4207,963,5170
2025-01-01,2025-01-01,2025-01-01T20:00:00,2025-01-01T20:30:00,4122,966,5088
2025-01-01,2025-01-01,2025-01-01T20:30:00,2025-01-01T21:00:00,4026,941,4967
2025-01-01,2025-01-01,2025-01-01T21:00:00,2025-01-01T21:30:00,3908,940,4848
2025-01-01,2025-01-01,2025-01-01T21:30:00,2025-01-01T22:00:00,3764,898,4662
2025-01-01,2025-01-01,2025-01-01T22:00:00,2025-01-01T22:30:00,3636,879,4515
2025-01-01,2025-01-01,2025-01-01T22:30:00,2025-01-01T23:00:00,3548,840,4388
2025-01-01,2025-01-02,2025-01-01T23:00:00,2025-01-01T23:30:00,3459,812,4271
2025-01-01,2025-01-02,2025-01-01T23:30:00,2025-01-02T00:00:00,3417,761,4178
2025-01-02,2025-01-02,2025-01-02T00:00:00,2025-01-02T00:30:00,3547,705,4252
2025-01-02,2025-01-02,2025-01-02T00:30:00,2025-01-02T01:00:00,3498,666,4164
2025-01-02,2025-01-02,2025-01-02T01:00:00,2025-01-02T01:30:00,3402,658,4060
2025-01-02,2025-01-02,2025-01-02T01:30:00,2025-01-02T02:00:00,3328,675,4003
2025-01-02,2025-01-02,2025-01-02T02:00:00,2025-01-02T02:30:00,3306,650,3956
2025-01-02,2025-01-02,2025-01-02T02:30:00,2025-01-02T03:00:00,3307,640,3947
2025-01-02,2025-01-02,2025-01-02T03:00:00,2025-01-02T03:30:00,3249,630,3879
2025-01-02,2025-01-02,2025-01-02T03:30:00,2025-01-02T04:00:00,3234,621,3855
2025-01-02,2025-01-02,2025-01-02T04:00:00,2025-01-02T04:30:00,3217,614,3831
2025-01-02,2025-01-02,2025-01-02T04:30:00,2025-01-02T05:00:00,3200,611,3811
2025-01-02,2025-01-02,2025-01-02T05:00:00,2025-01-02T05:30:00,3235,609,3844
2025-01-02,2025-01-02,2025-01-02T05:30:00,2025-01-02T06:00:00,3273,629,3902
2025-01-02,2025-01-02,2025-01-02T06:00:00,2025-01-02T06:30:00,3375,661,4036
2025-01-02,2025-01-02,2025-01-02T06:30:00,2025-01-02T07:00:00,3557,718,4275
2025-01-02,2025-01-02,2025-01-02T07:00:00,2025-01-02T07:30:00,3715,778,4493
2025-01-02,2025-01-02,2025-01-02T07:30:00,2025-01-02T08:00:00,3898,851,4749
2025-01-02,2025-01-02,2025-01-02T08:00:00,2025-01-02T08:30:00,4032,902,4934
2025-01-02,2025-01-02,2025-01-02T08:30:00,2025-01-02T09:00:00,4160,949,5109
2025-01-02,2025-01-02,2025-01-02T09:00:00,2025-01-02T09:30:00,4258,987,5245
2025-01-02,2025-01-02,2025-01-02T09:30:00,2025-01-02T10:00:00,4354,1047,5401
2025-01-02,2025-01-02,2025-01-02T10:00:00,2025-01-02T10:30:00,4428,1049,5477
2025-01-02,2025-01-02,2025-01-02T10:30:00,2025-01-02T11:00:00,4499,1081,5580
2025-01-02,2025-01-02,2025-01-02T11:00:00,2025-01-02T11:30:00,4561,1090,5651
2025-01-02,2025-01-02,2025-01-02T11:30:00,2025-01-02T12:00:00,4606,1114,5720
2025-01-02,2025-01-02,2025-01-02T12:00:00,2025-01-02T12:30:00,4658,1127,5785
2025-01-02,2025-01-02,2025-01-02T12:30:00,2025-01-02T13:00:00,4697,1159,5856
2025-01-02,2025-01-02,2025-01-02T13:00:00,2025-01-02T13:30:00,4716,1166,5882
2025-01-02,2025-01-02,2025-01-02T13:30:00,2025-01-02T14:00:00,4701,1160,5861
2025-01-02,2025-01-02,2025-01-02T14:00:00,2025-01-02T14:30:00,4690,1129,5819
2025-01-02,2025-01-02,2025-01-02T14:30:00,2025-01-02T15:00:00,4664,1114,5778
2025-01-02,2025-01-02,2025-01-02T15:00:00,2025-01-02T15:30:00,4671,1096,5767
2025-01-02,2025-01-02,2025-01-02T15:30:00,2025-01-02T16:00:00,4680,1086,5766
2025-01-02,2025-01-02,2025-01-02T16:00:00,2025-01-02T16:30:00,4755,1112,5867
2025-01-02,2025-01-02,2025-01-02T16:30:00,2025-01-02T17:00:00,4847,1148,5995
2025-01-02,2025-01-02,2025-01-02T17:00:00,2025-01-02T17:30:00,5016,1186,6202
2025-01-02,2025-01-02,2025-01-02T17:30:00,2025-01-02T18:00:00,5100,1182,6282
2025-01-02,2025-01-02,2025-01-02T18:00:00,2025-01-02T18:30:00,5074,1166,6240
2025-01-02,2025-01-02,2025-01-02T18:30:00,2025-01-02T19:00:00,4986,1127,6113
2025-01-02,2025-01-02,2025-01-02T19:00:00,2025-01-02T19:30:00,4860,1099,5959
2025-01-02,2025-01-02,2025-01-02T19:30:00,2025-01-02T20:00:00,4810,1073,5883
2025-01-02,2025-01-02,2025-01-02T20:00:00,2025-01-02T20:30:00,4708,1075,5783
2025-01-02,2025-01-02,2025-01-02T20:30:00,2025-01-02T21:00:00,4590,1048,5638
2025-01-02,2025-01-02,2025-01-02T21:00:00,2025-01-02T21:30:00,4500,1044,5544
2025-01-02,2025-01-02,2025-01-02T21:30:00,2025-01-02T22:00:00,4378,996,5374
2025-01-02,2025-01-02,2025-01-02T22:00:00,2025-01-02T22:30:00,4262,970,5232
2025-01-02,2025-01-02,2025-01-02T22:30:00,2025-01-02T23:00:00,4128,925,5053
2024-12-29,2024-12-30,2024-12-29T23:00:00,2024-12-29T23:30:00,3580,648,4228
2024-12-29,2024-12-30,2024-12-29T23:30:00,2024-12-30T00:00:00,3543,606,4149
2024-12-30,2024-12-30,2024-12-30T00:00:00,2024-12-30T00:30:00,3307,554,3861
2024-12-30,2024-12-30,2024-12-30T00:30:00,2024-12-30T01:00:00,3256,520,3776
2024-12-30,2024-12-30,2024-12-30T01:00:00,2024-12-30T01:30:00,3280,502,3782
2024-12-30,2024-12-30,2024-12-30T01:30:00,2024-12-30T02:00:00,3180,503,3683
2024-12-30,2024-12-30,2024-12-30T02:00:00,2024-12-30T02:30:00,3120,486,3606
2024-12-30,2024-12-30,2024-12-30T02:30:00,2024-12-30T03:00:00,3100,477,3577
2024-12-30,2024-12-30,2024-12-30T03:00:00,2024-12-30T03:30:00,3045,469,3514
2024-12-30,2024-12-30,2024-12-30T03:30:00,2024-12-30T04:00:00,3000,462,3462
2024-12-30,2024-12-30,2024-12-30T04:00:00,2024-12-30T04:30:00,2970,457,3427
2024-12-30,2024-12-30,2024-12-30T04:30:00,2024-12-30T05:00:00,2960,450,3410
2024-12-30,2024-12-30,2024-12-30T05:00:00,2024-12-30T05:30:00,2980,458,3438
2024-12-30,2024-12-30,2024-12-30T05:30:00,2024-12-30T06:00:00,3025,477,3502
2024-12-30,2024-12-30,2024-12-30T06:00:00,2024-12-30T06:30:00,3130,507,3637
2024-12-30,2024-12-30,2024-12-30T06:30:00,2024-12-30T07:00:00,3317,563,3880
2024-12-30,2024-12-30,2024-12-30T07:00:00,2024-12-30T07:30:00,3479,628,4107
2024-12-30,2024-12-30,2024-12-30T07:30:00,2024-12-30T08:00:00,3666,674,4340
2024-12-30,2024-12-30,2024-12-30T08:00:00,2024-12-30T08:30:00,3804,719,4523
2024-12-30,2024-12-30,2024-12-30T08:30:00,2024-12-30T09:00:00,3935,775,4710
2024-12-30,2024-12-30,2024-12-30T09:00:00,2024-12-30T09:30:00,4035,820,4855
2024-12-30,2024-12-30,2024-12-30T09:30:00,2024-12-30T10:00:00,4135,871,5006
2024-12-30,2024-12-30,2024-12-30T10:00:00,2024-12-30T10:30:00,4210,900,5110
2024-12-30,2024-12-30,2024-12-30T10:30:00,2024-12-30T11:00:00,4283,924,5207
2024-12-30,2024-12-30,2024-12-30T11:00:00,2024-12-30T11:30:00,4347,937,5284
2024-12-30,2024-12-30,2024-12-30T11:30:00,2024-12-30T12:00:00,4393,962,5355
2024-12-30,2024-12-30,2024-12-30T12:00:00,2024-12-30T12:30:00,4447,980,5427
2024-12-30,2024-12-30,2024-12-30T12:30:00,2024-12-30T13:00:00,4486,968,5454
2024-12-30,2024-12-30,2024-12-30T13:00:00,2024-12-30T13:30:00,4506,986,5492
2024-12-30,2024-12-30,2024-12-30T13:30:00,2024-12-30T14:00:00,4491,980,5471
2024-12-30,2024-12-30,2024-12-30T14:00:00,2024-12-30T14:30:00,4479,976,5455
2024-12-30,2024-12-30,2024-12-30T14:30:00,2024-12-30T15:00:00,4452,972,5424
2024-12-30,2024-12-30,2024-12-30T15:00:00,2024-12-30T15:30:00,4460,986,5446
2024-12-30,2024-12-30,2024-12-30T15:30:00,2024-12-30T16:00:00,4469,993,5462
2024-12-30,2024-12-30,2024-12-30T16:00:00,2024-12-30T16:30:00,4546,1027,5573
2024-12-30,2024-12-30,2024-12-30T16:30:00,2024-12-30T17:00:00,4640,1099,5739
2024-12-30,2024-12-30,2024-12-30T17:00:00,2024-12-30T17:30:00,4814,1171,5985
2024-12-30,2024-12-30,2024-12-30T17:30:00,2024-12-30T18:00:00,4900,1200,6100
2024-12-30,2024-12-30,2024-12-30T18:00:00,2024-12-30T18:30:00,4873,1174,6047
2024-12-30,2024-12-30,2024-12-30T18:30:00,2024-12-30T19:00:00,4783,1136,5919
2024-12-30,2024-12-30,2024-12-30T19:00:00,2024-12-30T19:30:00,4654,1086,5740
2024-12-30,2024-12-30,2024-12-30T19:30:00,2024-12-30T20:00:00,4603,1046,5649
2024-12-30,2024-12-30,2024-12-30T20:00:00,2024-12-30T20:30:00,4498,1014,5512
2024-12-30,2024-12-30,2024-12-30T20:30:00,2024-12-30T21:00:00,4377,977,5354
2024-12-30,2024-12-30,2024-12-30T21:00:00,2024-12-30T21:30:00,4284,944,5228
2024-12-30,2024-12-30,2024-12-30T21:30:00,2024-12-30T22:00:00,4159,904,5063
2024-12-30,2024-12-30,2024-12-30T22:00:00,2024-12-30T22:30:00,4039,868,4907
2024-12-30,2024-12-30,2024-12-30T22:30:00,2024-12-30T23:00:00,3903,824,4727
2024-12-30,2024-12-31,2024-12-30T23:00:00,2024-12-30T23:30:00,3799,782,4581
2024-12-30,2024-12-31,2024-12-30T23:30:00,2024-12-31T00:00:00,3764,730,4494
2024-12-31,2024-12-31,2024-12-31T00:00:00,2024-12-31T00:30:00,3780,524,4304
2024-12-31,2024-12-31,2024-12-31T00:30:00,2024-12-31T01:00:00,3688,493,4181
2024-12-31,2024-12-31,2024-12-31T01:00:00,2024-12-31T01:30:00,3568,480,4048
2024-12-31,2024-12-31,2024-12-31T01:30:00,2024-12-31T02:00:00,3477,494,3971
2024-12-31,2024-12-31,2024-12-31T02:00:00,2024-12-31T02:30:00,3383,466,3849
2024-12-31,2024-12-31,2024-12-31T02:30:00,2024-12-31T03:00:00,3325,457,3782
2024-12-31,2024-12-31,2024-12-31T03:00:00,2024-12-31T03:30:00,3282,446,3728
2024-12-31,2024-12-31,2024-12-31T03:30:00,2024-12-31T04:00:00,3266,439,3705
2024-12-31,2024-12-31,2024-12-31T04:00:00,2024-12-31T04:30:00,3270,434,3704
2024-12-31,2024-12-31,2024-12-31T04:30:00,2024-12-31T05:00:00,3255,431,3686
2024-12-31,2024-12-31,2024-12-31T05:00:00,2024-12-31T05:30:00,3250,429,3679
2024-12-31,2024-12-31,2024-12-31T05:30:00,2024-12-31T06:00:00,3298,443,3741
2024-12-31,2024-12-31,2024-12-31T06:00:00,2024-12-31T06:30:00,3365,467,3832
2024-12-31,2024-12-31,2024-12-31T06:30:00,2024-12-31T07:00:00,3472,502,3974
2024-12-31,2024-12-31,2024-12-31T07:00:00,2024-12-31T07:30:00,3569,541,4110
2024-12-31,2024-12-31,2024-12-31T07:30:00,2024-12-31T08:00:00,3663,584,4247
2024-12-31,2024-12-31,2024-12-31T08:00:00,2024-12-31T08:30:00,3730,602,4332
2024-12-31,2024-12-31,2024-12-31T08:30:00,2024-12-31T09:00:00,3804,639,4443
2024-12-31,2024-12-31,2024-12-31T09:00:00,2024-12-31T09:30:00,3911,680,4591
2024-12-31,2024-12-31,2024-12-31T09:30:00,2024-12-31T10:00:00,4037,732,4769
2024-12-31,2024-12-31,2024-12-31T10:00:00,2024-12-31T10:30:00,4142,764,4906
2024-12-31,2024-12-31,2024-12-31T10:30:00,2024-12-31T11:00:00,4239,796,5035
2024-12-31,2024-12-31,2024-12-31T11:00:00,2024-12-31T11:30:00,4326,838,5164
2024-12-31,2024-12-31,2024-12-31T11:30:00,2024-12-31T12:00:00,4369,862,5231
2024-12-31,2024-12-31,2024-12-31T12:00:00,2024-12-31T12:30:00,4415,894,5309
2024-12-31,2024-12-31,2024-12-31T12:30:00,2024-12-31T13:00:00,4458,924,5382
2024-12-31,2024-12-31,2024-12-31T13:00:00,2024-12-31T13:30:00,4478,941,5419
2024-12-31,2024-12-31,2024-12-31T13:30:00,2024-12-31T14:00:00,4474,939,5413
2024-12-31,2024-12-31,2024-12-31T14:00:00,2024-12-31T14:30:00,4436,908,5344
2024-12-31,2024-12-31,2024-12-31T14:30:00,2024-12-31T15:00:00,4430,893,5323
2024-12-31,2024-12-31,2024-12-31T15:00:00,2024-12-31T15:30:00,4406,897,5303
2024-12-31,2024-12-31,2024-12-31T15:30:00,2024-12-31T16:00:00,4447,884,5331
2024-12-31,2024-12-31,2024-12-31T16:00:00,2024-12-31T16:30:00,4512,900,5412
2024-12-31,2024-12-31,2024-12-31T16:30:00,2024-12-31T17:00:00,4670,923,5593
2024-12-31,2024-12-31,2024-12-31T17:00:00,2024-12-31T17:30:00,4830,917,5747
2024-12-31,2024-12-31,2024-12-31T17:30:00,2024-12-31T18:00:00,4900,912,5812
2024-12-31,2024-12-31,2024-12-31T18:00:00,2024-12-31T18:30:00,4849,884,5733
2024-12-31,2024-12-31,2024-12-31T18:30:00,2024-12-31T19:00:00,4766,855,5621
2024-12-31,2024-12-31,2024-12-31T19:00:00,2024-12-31T19:30:00,4646,820,5466
2024-12-31,2024-12-31,2024-12-31T19:30:00,2024-12-31T20:00:00,4506,801,5307
2024-12-31,2024-12-31,2024-12-31T20:00:00,2024-12-31T20:30:00,4382,775,5157
2024-12-31,2024-12-31,2024-12-31T20:30:00,2024-12-31T21:00:00,4278,757,5035
2024-12-31,2024-12-31,2024-12-31T21:00:00,2024-12-31T21:30:00,4178,757,4935
2024-12-31,2024-12-31,2024-12-31T21:30:00,2024-12-31T22:00:00,4062,725,4787
2024-12-31,2024-12-31,2024-12-31T22:00:00,2024-12-31T22:30:00,3953,708,4661
2024-12-31,2024-12-31,2024-12-31T22:30:00,2024-12-31T23:00:00,3895,679,4574
2024-12-31,2025-01-01,2024-12-31T23:00:00,2024-12-31T23:30:00,3860,644,4504
2024-12-31,2025-01-01,2024-12-31T23:30:00,2025-01-01T00:00:00,3918,605,4523
2025-01-01,2025-01-01,2025-01-01T00:00:00,2025-01-01T00:30:00,3562,558,4120
2025-01-01,2025-01-01,2025-01-01T00:30:00,2025-01-01T01:00:00,3489,526,4015
2025-01-01,2025-01-01,2025-01-01T01:00:00,2025-01-01T01:30:00,3421,525,3946
2025-01-01,2025-01-01,2025-01-01T01:30:00,2025-01-01T02:00:00,3344,540,3884
2025-01-01,2025-01-01,2025-01-01T02:00:00,2025-01-01T02:30:00,3265,531,3796
2025-01-01,2025-01-01,2025-01-01T02:30:00,2025-01-01T03:00:00,3246,521,3767
2025-01-01,2025-01-01,2025-01-01T03:00:00,2025-01-01T03:30:00,3162,524,3686
2025-01-01,2025-01-01,2025-01-01T03:30:00,2025-01-01T04:00:00,3107,516,3623
2025-01-01,2025-01-01,2025-01-01T04:00:00,2025-01-01T04:30:00,3044,513,3557
2025-01-01,2025-01-01,2025-01-01T04:30:00,2025-01-01T05:00:00,3000,510,3510
2025-01-01,2025-01-01,2025-01-01T05:00:00,2025-01-01T05:30:00,3014,514,3528
2025-01-01,2025-01-01,2025-01-01T05:30:00,2025-01-01T06:00:00,3001,531,3532
2025-01-01,2025-01-01,2025-01-01T06:00:00,2025-01-01T06:30:00,3042,579,3621
2025-01-01,2025-01-01,2025-01-01T06:30:00,2025-01-01T07:00:00,3088,627,3715
2025-01-01,2025-01-01,2025-01-01T07:00:00,2025-01-01T07:30:00,3112,662,3774
2025-01-01,2025-01-01,2025-01-01T07:30:00,2025-01-01T08:00:00,3187,720,3907
2025-01-01,2025-01-01,2025-01-01T08:00:00,2025-01-01T08:30:00,3201,771,3972
2025-01-01,2025-01-01,2025-01-01T08:30:00,2025-01-01T09:00:00,3209,814,4023
2025-01-01,2025-01-01,2025-01-01T09:00:00,2025-01-01T09:30:00,3278,847,4125
2025-01-01,2025-01-01,2025-01-01T09:30:00,2025-01-01T10:00:00,3400,904,4304
2025-01-01,2025-01-01,2025-01-01T10:00:00,2025-01-01T10:30:00,3532,933,4465
2025-01-01,2025-01-01,2025-01-01T10:30:00,2025-01-01T11:00:00,3653,965,4618
2025-01-01,2025-01-01,2025-01-01T11:00:00,2025-01-01T11:30:00,3763,981,4744
2025-01-01,2025-01-01,2025-01-01T11:30:00,2025-01-01T12:00:00,3867,1005,4872
2025-01-01,2025-01-01,2025-01-01T12:00:00,2025-01-01T12:30:00,4000,1040,5040
2025-01-01,2025-01-01,2025-01-01T12:30:00,2025-01-01T13:00:00,4102,1071,5173
2025-01-01,2025-01-01,2025-01-01T13:00:00,2025-01-01T13:30:00,4192,1085,5277
2025-01-01,2025-01-01,2025-01-01T13:30:00,2025-01-01T14:00:00,4219,1080,5299
2025-01-01,2025-01-01,2025-01-01T14:00:00,2025-01-01T14:30:00,4263,1036,5299
2025-01-01,2025-01-01,2025-01-01T14:30:00,2025-01-01T15:00:00,4264,1021,5285
2025-01-01,2025-01-01,2025-01-01T15:00:00,2025-01-01T15:30:00,4253,1000,5253
2025-01-01,2025-01-01,2025-01-01T15:30:00,2025-01-01T16:00:00,4286,988,5274
2025-01-01,2025-01-01,2025-01-01T16:00:00,2025-01-01T16:30:00,4316,1004,5320
2025-01-01,2025-01-01,2025-01-01T16:30:00,2025-01-01T17:00:00,4434,1033,5467
2025-01-01,2025-01-01,2025-01-01T17:00:00,2025-01-01T17:30:00,4529,1078,5607
2025-01-01,2025-01-01,2025-01-01T17:30:00,2025-01-01T18:00:00,4550,1073,5623
2025-01-01,2025-01-01,2025-01-01T18:00:00,2025-01-01T18:30:00,4500,1051,5551
2025-01-01,2025-01-01,2025-01-01T18:30:00,2025-01-01T19:00:00,4414,1016,5430
2025-01-01,2025-01-01,2025-01-01T19:00:00,2025-01-01T19:30:00,4334,986,5320
2025-01-01,2025-01-01,2025-01-01T19:30:00,2025-01-01T20:00:00,4207,963,5170
2025-01-01,2025-01-01,2025-01-01T20:00:00,2025-01-01T20:30:00,4122,966,5088
2025-01-01,2025-01-01,2025-01-01T20:30:00,2025-01-01T21:00:00,4026,941,4967
2025-01-01,2025-01-01,2025-01-01T21:00:00,2025-01-01T21:30:00,3908,940,4848
2025-01-01,2025-01-01,2025-01-01T21:30:00,2025-01-01T22:00:00,3764,898,4662
2025-01-01,2025-01-01,2025-01-01T22:00:00,2025-01-01T22:30:00,3636,879,4515
2025-01-01,2025-01-01,2025-01-01T22:30:00,2025-01-01T23:00:00,3548,840,4388
2025-01-01,2025-01-02,2025-01-01T23:00:00,2025-01-01T23:30:00,3459,812,4271
2025-01-01,2025-01-02,2025-01-01T23:30:00,2025-01-02T00:00:00,3417,761,4178
2025-01-02,2025-01-02,2025-01-02T00:00:00,2025-01-02T00:30:00,3547,705,4252
2025-01-02,2025-01-02,2025-01-02T00:30:00,2025-01-02T01:00:00,3498,666,4164
2025-01-02,2025-01-02,2025-01-02T01:00:00,2025-01-02T01:30:00,3402,658,4060
2025-01-02,2025-01-02,2025-01-02T01:30:00,2025-01-02T02:00:00,3328,675,4003
2025-01-02,2025-01-02,2025-01-02T02:00:00,2025-01-02T02:30:00,3306,650,3956
2025-01-02,2025-01-02,2025-01-02T02:30:00,2025-01-02T03:00:00,3307,640,3947
2025-01-02,2025-01-02,2025-01-02T03:00:00,2025-01-02T03:30:00,3249,630,3879
2025-01-02,2025-01-02,2025-01-02T03:30:00,2025-01-02T04:00:00,3234,621,3855
2025-01-02,2025-01-02,2025-01-02T04:00:00,2025-01-02T04:30:00,3217,614,3831
2025-01-02,2025-01-02,2025-01-02T04:30:00,2025-01-02T05:00:00,3200,611,3811
2025-01-02,2025-01-02,2025-01-02T05:00:00,2025-01-02T05:30:00,3235,609,3844
2025-01-02,2025-01-02,2025-01-02T05:30:00,2025-01-02T06:00:00,3273,629,3902
2025-01-02,2025-01-02,2025-01-02T06:00:00,2025-01-02T06:30:00,3375,661,4036
2025-01-02,2025-01-02,2025-01-02T06:30:00,2025-01-02T07:00:00,3557,718,4275
2025-01-02,2025-01-02,2025-01-02T07:00:00,2025-01-02T07:30:00,3715,778,4493
2025-01-02,2025-01-02,2025-01-02T07:30:00,2025-01-02T08:00:00,3898,851,4749
2025-01-02,2025-01-02,2025-01-02T08:00:00,2025-01-02T08:30:00,4032,902,4934
2025-01-02,2025-01-02,2025-01-02T08:30:00,2025-01-02T09:00:00,4160,949,5109
2025-01-02,2025-01-02,2025-01-02T09:00:00,2025-01-02T09:30:00,4258,987,5245
2025-01-02,2025-01-02,2025-01-02T09:30:00,2025-01-02T10:00:00,4354,1047,5401
2025-01-02,2025-01-02,2025-01-02T10:00:00,2025-01-02T10:30:00,4428,1049,5477
2025-01-02,2025-01-02,2025-01-02T10:30:00,2025-01-02T11:00:00,4499,1081,5580
2025-01-02,2025-01-02,2025-01-02T11:00:00,2025-01-02T11:30:00,4561,1090,5651
2025-01-02,2025-01-02,2025-01-02T11:30:00,2025-01-02T12:00:00,4606,1114,5720
2025-01-02,2025-01-02,2025-01-02T12:00:00,2025-01-02T12:30:00,4658,1127,5785
2025-01-02,2025-01-02,2025-01-02T12:30:00,2025-01-02T13:00:00,4697,1159,5856
2025-01-02,2025-01-02,2025-01-02T13:00:00,2025-01-02T13:30:00,4716,1166,5882
2025-01-02,2025-01-02,2025-01-02T13:30:00,2025-01-02T14:00:00,4701,1160,5861
2025-01-02,2025-01-02,2025-01-02T14:00:00,2025-01-02T14:30:00,4690,1129,5819
2025-01-02,2025-01-02,2025-01-02T14:30:00,2025-01-02T15:00:00,4664,1114,5778
2025-01-02,2025-01-02,2025-01-02T15:00:00,2025-01-02T15:30:00,4671,1096,5767
2025-01-02,2025-01-02,2025-01-02T15:30:00,2025-01-02T16:00:00,4680,1086,5766
2025-01-02,2025-01-02,2025-01-02T16:00:00,2025-01-02T16:30:00,4755,1112,5867
2025-01-02,2025-01-02,2025-01-02T16:30:00,2025-01-02T17:00:00,4847,1148,5995
2025-01-02,2025-01-02,2025-01-02T17:00:00,2025-01-02T17:30:00,5016,1186,6202
2025-01-02,2025-01-02,2025-01-02T17:30:00,2025-01-02T18:00:00,5100,1182,6282
2025-01-02,2025-01-02,2025-01-02T18:00:00,2025-01-02T18:30:00,5074,1166,6240
2025-01-02,2025-01-02,2025-01-02T18:30:00,2025-01-02T19:00:00,4986,1127,6113
2025-01-02,2025-01-02,2025-01-02T19:00:00,2025-01-02T19:30:00,4860,1099,5959
2025-01-02,2025-01-02,2025-01-02T19:30:00,2025-01-02T20:00:00,4810,1073,5883
2025-01-02,2025-01-02,2025-01-02T20:00:00,2025-01-02T20:30:00,4708,1075,5783
2025-01-02,2025-01-02,2025-01-02T20:30:00,2025-01-02T21:00:00,4590,1048,5638
2025-01-02,2025-01-02,2025-01-02T21:00:00,2025-01-02T21:30:00,4500,1044,5544
2025-01-02,2025-01-02,2025-01-02T21:30:00,2025-01-02T22:00:00,4378,996,5374
2025-01-02,2025-01-02,2025-01-02T22:00:00,2025-01-02T22:30:00,4262,970,5232
2025-01-02,2025-01-02,2025-01-02T22:30:00,2025-01-02T23:00:00,4128,925,5053
